source,condition_tag,section,resource_type,content,url,collection,country,phone,doc_id,chunk_num
NIMH,depression,What is depression?,condition_info,"Everyone feels sad or low sometimes, but these feelings usually pass. Depression (also called major depression, major depressive disorder, or clinical depression) is different. It can cause severe symptoms that affect how a person feels, thinks, and handles daily activities, such as sleeping, eating, or working. Depression can affect anyone regardless of age, sex, race or ethnicity, income, culture, or education. Research suggests that genetic, biological, environmental, and psychological factors play a role in the disorder. Women are diagnosed with depression more often than men, but men can also be depressed. Because men may be less likely to recognize, talk about, and seek help for their negative feelings, they are at greater risk of their depression symptoms being undiagnosed and undertreated. In addition, depression can co-occur with other mental disorders or chronic illnesses, such as diabetes, cancer, heart disease, and chronic pain. Depression can make these conditions worse and vice versa. Sometimes, medications taken for an illness cause side effects that contribute to depression symptoms as well.",https://www.nimh.nih.gov/health/publications/depression,clinical_guidelines,,,doc_0000,0
NIMH,depression,What are the different types of depression?,condition_info,"Major depression includes symptoms of depressed mood or loss of interest, most of the time for at least 2 weeks, that interfere with daily activities. Persistent depressive disorder (also called dysthymia or dysthymic disorder) consists of less severe depression symptoms that last much longer, usually for at least 2 years. Seasonal affective disorder comes and goes with the seasons, with symptoms typically starting in the late fall and early winter and going away during the spring and summer. Depression with symptoms of psychosis is a severe form of depression in which a person experiences psychosis symptoms, such as delusions or hallucinations. Bipolar disorder involves depressive episodes, as well as manic episodes (or less severe hypomanic episodes) with unusually elevated mood, greater irritability, or increased activity level. Additional types of depression can occur at specific points in a woman’s life. Pregnancy, the postpartum period, the menstrual cycle, and menopause are associated with physical and hormonal changes that can bring on a depressive episode in some people. Premenstrual dysphoric disorder is a more severe form of premenstrual syndrome, or PMS, that occurs in the weeks before menstruation. Perinatal depression occurs during pregnancy or after childbirth. It is more than the “baby blues” many new moms experience after giving birth. Perimenopausal depression affects some women during the transition to menopause. Women may experience feelings of intense irritability, anxiety, sadness, or loss of enjoyment.",https://www.nimh.nih.gov/health/publications/depression,clinical_guidelines,,,doc_0001,0
NIMH,depression,What are the signs and symptoms of depression?,condition_info,"Loss of interest or pleasure in hobbies and activities Fatigue, lack of energy, or feeling slowed down Difficulty sleeping, waking too early in the morning, or oversleeping Physical aches or pains, headaches, cramps, or digestive problems without a clear physical cause that do not go away with treatment Thoughts of death or suicide or suicide attempts Depression can also involve other changes in mood or behavior that include: Inability to meet responsibilities or ignoring other important roles Not everyone who is depressed shows all these symptoms. Some people experience only a few symptoms, while others experience many. Depression symptoms interfere with day-to-day functioning and cause significant distress for the person experiencing them. If you show signs or symptoms of depression and they persist or do not go away, talk to a health care provider. If you see signs of depression in someone you know, encourage them to seek help from a mental health professional. If you or someone you know is struggling or having thoughts of suicide, call or text the 988 Suicide and Crisis Lifeline at 988 or chat at 988lifeline.org . In life-threatening situations, call 911.",https://www.nimh.nih.gov/health/publications/depression,clinical_guidelines,,,doc_0002,0
NIMH,depression,How is depression diagnosed?,condition_info,"To be diagnosed with depression, a person must have symptoms most of the day, nearly every day, for at least 2 weeks. One of the symptoms must be a depressed mood or a loss of interest or pleasure in most activities. Children and adolescents may be irritable rather than sad. Although several persistent symptoms, in addition to low mood, are required for a depression diagnosis, people with only a few symptoms may benefit from treatment. The severity and frequency of symptoms and how long they last vary depending on the person. If you think you may have depression, talk to a health care provider, such as a primary care doctor, psychologist, or psychiatrist. During the visit, the provider may ask when your symptoms began, how long they have lasted, how often they occur, and if they keep you from going out or doing your usual activities. It may help to take some notes about your symptoms before the visit. Certain medications and medical conditions, such as viruses or thyroid disorders, can cause the same symptoms as depression. A provider can rule out these possibilities by doing a physical exam, interview, and lab tests.",https://www.nimh.nih.gov/health/publications/depression,clinical_guidelines,,,doc_0003,0
NIMH,depression,Does depression look the same in everyone?,condition_info,"Depression can affect people differently depending on their age. Children may be anxious or cranky, pretend to be sick, refuse to go to school, cling to a parent, or worry that a parent may die. Older children and teens may get into trouble at school, sulk, be easily frustrated‚ feel restless, or have low self-esteem. They may have other disorders, such as anxiety, an eating disorder, attention-deficit/hyperactivity disorder, or substance use disorder. Older children and teens are also more likely to experience excessive sleepiness (called hypersomnia) and increased appetite (called hyperphagia). Young adults are more likely to be irritable, complain of weight gain and hypersomnia, and have a negative view of life and the future. They often have other disorders, such as generalized anxiety disorder, social phobia, panic disorder, or substance use disorder. Middle-aged adults may have more depressive episodes, decreased libido, middle-of-the-night insomnia, or early morning waking. They often report stomach problems, such as diarrhea or constipation. Older adults often feel sadness, grief, or other less obvious symptoms. They may report a lack of emotions rather than a depressed mood. Older adults are also more likely to have other medical conditions or pain that can cause or contribute to depression. Memory and thinking problems (called pseudodementia) may be prominent in severe cases. Depression can also look different in men versus women, such as the symptoms they show and the behaviors they use to cope with them. For instance, men (as well as women) may show symptoms other than sadness, instead seeming angry or irritable. For some people, symptoms manifest as physical problems (for example, a racing heart, tightened chest, chronic headaches, or digestive issues). Many men are more likely to see a health care provider about these physical symptoms than their emotional ones. While increased use of alcohol or drugs can be a sign of depression in any person, men are also more likely to use these substances as a coping strategy.",https://www.nimh.nih.gov/health/publications/depression,clinical_guidelines,,,doc_0004,0
NIMH,depression,How is depression treated?,condition_info,"Depression treatment typically involves psychotherapy (in person or virtual), medication, or both. If these treatments do not reduce symptoms sufficiently, brain stimulation therapy may be another option. Choosing the right treatment plan is based on a person’s needs, preferences, and medical situation and in consultation with a mental health professional or a health care provider. Finding the best treatment may take trial and error. For milder forms of depression, psychotherapy is often tried first, with medication added later if the therapy alone does not produce a good response. People with moderate or severe depression usually are prescribed medication as part of the initial treatment plan.",https://www.nimh.nih.gov/health/publications/depression,clinical_guidelines,,,doc_0005,0
NIMH,depression,Psychotherapy,condition_info,"Psychotherapy (also called talk therapy or counseling) can help people with depression by teaching them new ways of thinking and behaving and helping them change habits that contribute to depression. Psychotherapy occurs under the care of a licensed, trained mental health professional in one-on-one sessions or with others in a group setting. Psychotherapy can be effective when delivered in person or virtually via telehealth. A provider may support or supplement therapy using digital or mobile technology, like apps or other tools. Evidence-based therapies to treat depression include cognitive behavioral therapy and interpersonal therapy. Using other forms of psychotherapy, such as psychodynamic therapy, for a limited time also may help some people with depression. Cognitive behavioral therapy (CBT): With CBT, people learn to challenge and change unhelpful thoughts and behaviors to improve their depressive and anxious feelings. Recent advances in CBT include adding mindfulness principles and specializing the therapy to target specific symptoms like insomnia. Interpersonal therapy (IPT): IPT focuses on interpersonal and life events that impact mood and vice versa. IPT aims to help people improve their communication skills within relationships, form social support networks, and develop realistic expectations to better deal with crises or other issues that may be contributing to or worsening their depression.",https://www.nimh.nih.gov/health/publications/depression,clinical_guidelines,,,doc_0006,0
NIMH,depression,Medication,condition_info,"Antidepressants are medications commonly used to treat depression. They work by changing how the brain produces or uses certain chemicals involved in mood or stress. Antidepressants take time—usually 4−8 weeks—to work, and problems with sleep, appetite, and concentration often improve before mood lifts. Giving a medication a chance to work is important before deciding whether it is right for you. Treatment-resistant depression occurs when a person doesn’t get better after trying at least two antidepressants. Esketamine is a medication approved by the U.S. Food and Drug Administration (FDA) for treatment-resistant depression. Delivered as a nasal spray in a doctor’s office, clinic, or hospital, the medication acts rapidly, typically within a couple of hours, to relieve depression symptoms. People will usually continue to take an antidepressant pill to maintain the improvement in their symptoms. Another option for treatment-resistant depression is to combine an antidepressant with a different type of medication that may make it more effective, such as an antipsychotic or anticonvulsant medication. All medications can have side effects. Talk to a health care provider before starting or stopping any medication. Learn more about antidepressants. Note: In some cases, children, teenagers, and young adults under 25 years may experience an increase in suicidal thoughts or behavior when taking antidepressants, especially in the first few weeks after starting or when the dose is changed. The FDA advises that patients of all ages taking antidepressants be watched closely, especially during the first few weeks of treatment. Information about medication changes frequently. Learn more about specific medications like esketamine, including the latest approvals, side effects, warnings, and patient information, on the FDA website .",https://www.nimh.nih.gov/health/publications/depression,clinical_guidelines,,,doc_0007,0
NIMH,depression,Brain stimulation therapy,condition_info,"Brain stimulation therapy is an option when other depression treatments have not worked. The therapy involves activating or inhibiting the brain with electricity or magnetic waves. Although brain stimulation therapy is less frequently used than psychotherapy and medication, it can play an important role in treating depression in people who have not responded to other treatments. The therapy generally is used only after a person has tried psychotherapy and medication, and those treatments usually continue. Brain stimulation therapy is sometimes used as an earlier treatment option when severe depression has become life-threatening, such as when a person has stopped eating or drinking or is at a high risk of suicide. The FDA has approved several types of brain stimulation therapy. The most used are electroconvulsive therapy (ECT) and repetitive transcranial magnetic stimulation (rTMS). Other brain stimulation therapies are newer and, in some cases, still considered experimental. Learn more about brain stimulation therapies.",https://www.nimh.nih.gov/health/publications/depression,clinical_guidelines,,,doc_0008,0
NIMH,depression,Natural products,condition_info,"The FDA has not approved any natural products for treating depression. Although research is ongoing and findings are inconsistent, some people report that natural products, including vitamin D and the herbal dietary supplement St. John’s wort, helped their depression symptoms. However, these products can come with risks, including, in some cases, interactions with prescription medications. Do not use vitamin D, St. John’s wort, or other dietary supplements or natural products without first talking to a health care provider. Rigorous studies must test whether these and other natural products are safe and effective.",https://www.nimh.nih.gov/health/publications/depression,clinical_guidelines,,,doc_0009,0
NIMH,depression,How can I take care of myself?,condition_info,"Most people with depression benefit from mental health treatment. Once you begin treatment, you should gradually start to feel better. Go easy on yourself during this time. Try to do things you used to enjoy. Even if you don’t feel like doing them, they can improve your mood. Try to get physical activity. Just 30 minutes a day of walking can boost your mood. Try to maintain a regular bedtime and wake-up time. Do what you can as you can. Decide what must get done and what can wait. Connect with people. Talk to people you trust about how you are feeling. Delay making important life decisions until you feel better. Discuss decisions with people who know you well. Avoid using alcohol, nicotine, or drugs, including medications not prescribed for you.",https://www.nimh.nih.gov/health/publications/depression,clinical_guidelines,,,doc_0010,0
NIMH,depression,How can I find help for depression?,condition_info,You can learn about ways to get help and find tips for talking with a health care provider on the NIMH website. The Substance Abuse and Mental Health Services Administration (SAMHSA) also has an online tool to help you find mental health services in your area.,https://www.nimh.nih.gov/health/publications/depression,clinical_guidelines,,,doc_0011,0
NIMH,depression,How can I help a loved one who is depressed?,condition_info,"If someone you know is depressed, help them see a health care provider or mental health professional. You also can: Invite them out for walks, outings, and other activities. Help them stick to their treatment plan, such as setting reminders to take prescribed medications. Make sure they have transportation or access to therapy appointments. Remind them that, with time and treatment, their depression can lift.",https://www.nimh.nih.gov/health/publications/depression,clinical_guidelines,,,doc_0012,0
NIMH,ptsd,"What is post-traumatic stress disorder, or PTSD?",condition_info,"It is natural to feel afraid during and after a traumatic situation. Fear is a part of the body’s “fight-or-flight” response, which helps us avoid or respond to potential danger. People may experience a range of reactions after trauma, and most will recover from their symptoms over time. Those who continue to experience symptoms may be diagnosed with post-traumatic stress disorder (PTSD).",https://www.nimh.nih.gov/health/publications/post-traumatic-stress-disorder-ptsd,clinical_guidelines,,,doc_0013,0
NIMH,ptsd,Who develops PTSD?,condition_info,"Anyone can develop PTSD at any age. This includes combat veterans and people who have experienced or witnessed a physical or sexual assault, abuse, an accident, a disaster, a terror attack, or other serious events. People who have PTSD may feel stressed or frightened, even when they are no longer in danger. Not everyone with PTSD has been through a dangerous event. Sometimes, learning that a relative or close friend experienced trauma can cause PTSD. About 6 of every 100 people will experience PTSD at some point in their lifetime, according to the National Center for PTSD, a U.S. Department of Veterans Affairs program. Women are more likely than men to develop PTSD. Certain aspects of the traumatic event and biological factors (such as genes) may make some people more likely to develop PTSD.",https://www.nimh.nih.gov/health/publications/post-traumatic-stress-disorder-ptsd,clinical_guidelines,,,doc_0014,0
NIMH,ptsd,What are the symptoms of PTSD?,condition_info,"Symptoms of PTSD usually begin within 3 months of the traumatic event, but they sometimes emerge later. To meet the criteria for PTSD, a person must have symptoms for longer than 1 month, and the symptoms must be severe enough to interfere with aspects of daily life, such as relationships or work. The symptoms also must be unrelated to medication, substance use, or other illness. The course of the disorder varies. Although some people recover within 6 months, others have symptoms that last for 1 year or longer. People with PTSD often have co-occurring conditions, such as depression, substance use, or one or more anxiety disorders. After a dangerous event, it is natural to have some symptoms. For example, some people may feel detached from the experience, as though they are observing things as an outsider rather than experiencing them. A mental health professional—such as a psychiatrist, psychologist, or clinical social worker—can determine whether symptoms meet the criteria for PTSD. To be diagnosed with PTSD, an adult must have all of the following for at least 1 month:",https://www.nimh.nih.gov/health/publications/post-traumatic-stress-disorder-ptsd,clinical_guidelines,,,doc_0015,0
NIMH,ptsd,Re-experiencing symptoms,condition_info,"Flashbacks—reliving the traumatic event, including physical symptoms, such as a racing heart or sweating Recurring memories or dreams related to the event Thoughts and feelings can trigger these symptoms, as can words, objects, or situations that are reminders of the event.",https://www.nimh.nih.gov/health/publications/post-traumatic-stress-disorder-ptsd,clinical_guidelines,,,doc_0016,0
NIMH,ptsd,Avoidance symptoms,condition_info,"Staying away from places, events, or objects that are reminders of the experience Avoiding thoughts or feelings related to the traumatic event Avoidance symptoms may cause people to change their routines. For example, some people may avoid driving or riding in a car after a serious car accident.",https://www.nimh.nih.gov/health/publications/post-traumatic-stress-disorder-ptsd,clinical_guidelines,,,doc_0017,0
NIMH,ptsd,Cognition and mood symptoms,condition_info,"Trouble remembering key features of the traumatic event Exaggerated feelings of blame directed toward oneself or others Ongoing negative emotions, such as fear, anger, guilt, or shame Difficulty feeling positive emotions, such as happiness or satisfaction Cognition and mood symptoms can begin or worsen after the traumatic event. They can lead people to feel detached from friends or family members.",https://www.nimh.nih.gov/health/publications/post-traumatic-stress-disorder-ptsd,clinical_guidelines,,,doc_0018,0
NIMH,ptsd,How do children and teens react to trauma?,condition_info,"Children and teens can have extreme reactions to traumatic events, but their symptoms may not be the same as those seen in adults. In children younger than age 6, symptoms can include: Wetting the bed after having learned to use the toilet Forgetting how to talk or being unable to talk Being unusually clingy with a parent or other adult Older children and teens usually show symptoms more like those seen in adults. They also may develop disruptive, disrespectful, or destructive behaviors. Older children and teens may feel guilt over not preventing injury or death, or have thoughts of revenge. Find more information on helping children and adolescents cope with traumatic events.",https://www.nimh.nih.gov/health/publications/post-traumatic-stress-disorder-ptsd,clinical_guidelines,,,doc_0019,0
NIMH,ptsd,Why do some people develop PTSD and other people do not?,condition_info,"Not everyone who lives through a dangerous event develops PTSD—many factors play a part. Some of these factors are present before the trauma; others play a role during and after a traumatic event. Risk factors that may increase the likelihood of developing PTSD include: Exposure to previous traumatic experiences, particularly during childhood Getting hurt or seeing people hurt or killed Having little or no social support after the event Dealing with stressors after the event, such as the loss of a loved one, pain and injury, or loss of a job or home Having a personal history or family history of mental illness or substance use Resilience factors that may reduce the likelihood of developing PTSD include: Seeking out and receiving support from friends, family, or support groups Learning to feel okay with one’s actions in response to a traumatic event Having a coping strategy for getting through and learning from a traumatic event Being prepared and able to respond to upsetting events as they occur, despite feeling fear",https://www.nimh.nih.gov/health/publications/post-traumatic-stress-disorder-ptsd,clinical_guidelines,,,doc_0020,0
NIMH,ptsd,How is PTSD treated?,condition_info,"It is important for people with PTSD symptoms to work with a mental health professional who has experience treating PTSD. The main treatments are psychotherapy, medications, or a combination of psychotherapy and medications. An experienced mental health professional can help people find the best treatment plan for their symptoms and needs. Some people with PTSD, such as those in abusive relationships, may be living through ongoing trauma. In these cases, treatment is usually most effective when it addresses both the traumatic situation and the symptoms of PTSD. People who experience traumatic events or who have PTSD may also experience panic disorder, depression, substance use, or suicidal thoughts. Treatment for these conditions can help with recovery after trauma. Research shows that support from family and friends also can be an essential part of recovery. Find tips to help prepare and guide you in talking to your health care provider about your mental health.",https://www.nimh.nih.gov/health/publications/post-traumatic-stress-disorder-ptsd,clinical_guidelines,,,doc_0021,0
NIMH,ptsd,Psychotherapy,condition_info,"Psychotherapy, sometimes called talk therapy, includes a variety of treatment techniques that mental health professionals use to help people identify and change troubling emotions, thoughts, and behaviors. Psychotherapy can provide support, education, and guidance to people with PTSD and their families. Treatment can take place one on one or in a group setting and usually lasts 6 to 12 weeks but can last longer. Some types of psychotherapy target PTSD symptoms, while others focus on social, family, or job-related problems. Effective psychotherapies often emphasize a few key components, including learning skills to help identify triggers and manage symptoms. A common type of psychotherapy called cognitive behavioral therapy can include exposure therapy and cognitive restructuring. Exposure therapy helps people learn to manage their fear by gradually exposing them, in a safe way, to the trauma they experienced. As part of exposure therapy, people may think or write about the trauma or visit the place where it happened. This therapy can help people with PTSD reduce symptoms that cause them distress. Cognitive restructuring helps people make sense of the traumatic event. Sometimes people remember the event differently from how it happened, or they may feel guilt or shame about something that is not their fault. Cognitive restructuring can help people with PTSD think about what happened in a realistic way.",https://www.nimh.nih.gov/health/publications/post-traumatic-stress-disorder-ptsd,clinical_guidelines,,,doc_0022,0
NIMH,ptsd,Medications,condition_info,"The U.S. Food and Drug Administration (FDA) has approved two selective serotonin reuptake inhibitors (SSRIs), a type of antidepressant medication, for the treatment of PTSD. SSRIs may help people manage PTSD symptoms, such as sadness, worry, anger, and feeling emotionally numb. Health care providers may prescribe SSRIs and other medications along with psychotherapy. Some medications may help treat specific PTSD symptoms, such as sleep problems and nightmares. People should work with their health care providers to find the best medication or combination of medications and the right dose. Read the latest medication warnings, patient medication guides, and information on newly approved medications on the FDA website .",https://www.nimh.nih.gov/health/publications/post-traumatic-stress-disorder-ptsd,clinical_guidelines,,,doc_0023,0
NIMH,ptsd,What can I do to help myself?,condition_info,"You can get better with treatment. Here are some things you can do to help yourself: Talk with your health care provider about treatment options and follow your treatment plan. Engage in exercise, mindfulness, or other activities that help reduce stress. Try to maintain routines for meals, exercise, and sleep. Set realistic goals and focus on what you can manage. Spend time with trusted friends or relatives and tell them about things that may trigger symptoms. Expect your symptoms to improve gradually, not immediately.",https://www.nimh.nih.gov/health/publications/post-traumatic-stress-disorder-ptsd,clinical_guidelines,,,doc_0024,0
NIMH,ptsd,How can I help a loved one with PTSD?,condition_info,"If you know someone who may be experiencing PTSD, the most important thing you can do is to help that person get the right diagnosis and treatment. Some people may need help making an appointment with their health care provider; others may benefit from having someone accompany them to their health care visits. If a close friend or relative is diagnosed with PTSD, you can encourage them to follow their treatment plan. If their symptoms do not improve after 6 to 8 weeks, you can encourage them to talk about it with their health care provider. You also can: Learn about PTSD so you can understand what your friend is experiencing. Listen carefully. Pay attention to the person’s feelings and the situations that may trigger PTSD symptoms. Share positive distractions, such as walks, outings, and other activities.",https://www.nimh.nih.gov/health/publications/post-traumatic-stress-disorder-ptsd,clinical_guidelines,,,doc_0025,0
NIMH,ptsd,Where can I find more information on PTSD?,condition_info,"The National Center for PTSD, a program of the U.S. Department of Veterans Affairs, is the leading federal center for research and education on PTSD and traumatic stress. You can find information about PTSD, treatment options, getting help, and additional resources for families, friends, and providers on the center’s website .",https://www.nimh.nih.gov/health/publications/post-traumatic-stress-disorder-ptsd,clinical_guidelines,,,doc_0026,0
NIMH,bipolar,What is bipolar disorder?,condition_info,"Bipolar disorder is a mental illness that can be chronic (persistent or constantly recurring) or episodic (occurring occasionally and at irregular intervals). People sometimes refer to bipolar disorder with the older terms manic-depressive disorder or manic depression. Everyone experiences ups and downs, but with bipolar disorder, the range of mood changes can be extreme. People with the disorder have manic episodes or unusually elevated moods in which the person might feel excessively happy, irritable, or “up,” with a marked increase in activity level compared to their usual self. They might also have depressive episodes, in which they feel sad, indifferent, or hopeless, combined with a very low activity level and an inability to function. Some people have hypomanic episodes, which are like manic episodes but are less severe, and don’t interfere as much with daily life. Most of the time, bipolar disorder symptoms start during late adolescence or early adulthood. Occasionally, children may experience bipolar disorder symptoms. Although symptoms may come and go, bipolar disorder usually requires lifelong treatment and does not go away on its own. Bipolar disorder can be an important factor in suicide, job loss, ability to function, and family discord. However, proper treatment can lead to better functioning and improved quality of life.",https://www.nimh.nih.gov/health/publications/bipolar-disorder,clinical_guidelines,,,doc_0027,0
NIMH,bipolar,What are the symptoms of bipolar disorder?,condition_info,"Symptoms of bipolar disorder can vary. An individual with the disorder may have manic episodes, depressive episodes, or “mixed” episodes. A mixed episode has both manic and depressive symptoms. These mood episodes cause symptoms that last a week or two, or sometimes longer. During an episode, the symptoms last every day for most of the day. Feelings are intense and happen with changes in behavior, energy levels, or activity levels that are noticeable to others. In between episodes, mood usually returns to a healthy baseline. But in many cases, without adequate treatment, episodes occur more frequently as time goes on. Some people with bipolar disorder may have milder symptoms than others. For example, hypomanic episodes may make an individual feel very good and productive; they may not feel like anything is wrong. However, family and friends may notice mood swings and changes in activity levels as unusual behavior, and depressive episodes may follow hypomanic episodes.",https://www.nimh.nih.gov/health/publications/bipolar-disorder,clinical_guidelines,,,doc_0028,0
NIMH,bipolar,Types of bipolar disorder,condition_info,"People are diagnosed with three basic types of bipolar disorder that involve clear changes in mood, energy, and activity levels. These moods range from manic episodes to depressive episodes. Bipolar I disorder is defined by manic episodes that last at least 7 days (most of the day, nearly every day) or when manic symptoms are so severe that hospital care is needed. Usually, separate depressive episodes occur as well, typically lasting at least 2 weeks. Episodes of mood disturbance with mixed features are also possible. The experience of four or more episodes of mania or depression within a year is termed “rapid cycling.” Bipolar II disorder is defined by a pattern of depressive and hypomanic episodes, but the hypomanic episodes are less severe than the manic episodes in bipolar I disorder. Many people with bipolar II disorder spend extended periods in a persistent, low-grade depressive state. Cyclothymic disorder (also called cyclothymia) is defined by recurrent hypomanic and depressive symptoms that are not intense enough or do not last long enough to qualify as hypomanic or depressive episodes. “Other specified and unspecified bipolar and related disorders” is a diagnosis that refers to bipolar disorder symptoms that do not match the three major types of bipolar disorder outlined above.",https://www.nimh.nih.gov/health/publications/bipolar-disorder,clinical_guidelines,,,doc_0029,0
NIMH,bipolar,Genetics,condition_info,"Bipolar disorder often runs in families, and research suggests this is mostly explained by heredity—people with certain genes are more likely to develop bipolar disorder than others. Many genes are involved, and no one gene can cause the disorder. But genes are not the only factor. Studies of identical twins have shown that one twin can develop bipolar disorder while the other does not. Though people with a parent or sibling with bipolar disorder are more likely to develop it, not everyone with a family history of bipolar disorder will develop it. Research also suggests that people with a genetic risk of having bipolar disorder may be more likely to develop it after experiencing trauma or other stressful life events.",https://www.nimh.nih.gov/health/publications/bipolar-disorder,clinical_guidelines,,,doc_0030,0
NIMH,bipolar,Brain structure and function,condition_info,"Research shows that the brain structure and function of people with bipolar disorder may differ from those of people who do not have bipolar disorder or other mental disorders. Learning about the nature of these brain changes helps researchers better understand bipolar disorder and, in the future, may help predict which types of treatment will work best for a person with bipolar disorder.",https://www.nimh.nih.gov/health/publications/bipolar-disorder,clinical_guidelines,,,doc_0031,0
NIMH,bipolar,How is bipolar disorder diagnosed?,condition_info,"To diagnose bipolar disorder, a health care provider may complete a physical exam, order medical testing to rule out other illnesses, and refer the person for an evaluation by a mental health professional. Bipolar disorder is diagnosed based on the severity, length, and frequency of an individual’s symptoms and experiences over their lifetime, and their family history. Some people have bipolar disorder for years before it is diagnosed for several reasons. People with bipolar II disorder may seek help only for depressive episodes, and hypomanic episodes may go unnoticed. Misdiagnosis may happen because some bipolar disorder symptoms are like those of other illnesses. For example, people with bipolar disorder who also have psychotic symptoms can be misdiagnosed with schizophrenia. To avoid such misdiagnosis, it is important to consider the course of the disorder over the past days and weeks, rather than focusing solely on the current symptoms. Some health conditions, such as thyroid disease, can cause symptoms like those of bipolar disorder. The effects of some prescribed, recreational, or illicit drugs can sometimes mimic or worsen mood symptoms. If subtle signs of bipolar disorder are missed and an initial depressive episode is treated with antidepressant medication alone (without a mood stabilizer), a manic episode or rapid cycling may be triggered.",https://www.nimh.nih.gov/health/publications/bipolar-disorder,clinical_guidelines,,,doc_0032,0
NIMH,bipolar,Conditions that can co-occur with bipolar disorder,condition_info,"Many people with bipolar disorder also have other mental disorders or conditions, such as anxiety disorders, attention-deficit/hyperactivity disorder (ADHD), misuse of drugs or alcohol, or eating disorders. Sometimes people who have severe manic or depressive episodes also have symptoms of psychosis, such as hallucinations or delusions. The psychotic symptoms tend to match the person’s extreme mood. For example, someone having psychotic symptoms during a depressive episode may falsely believe they are financially ruined, while someone having psychotic symptoms during a manic episode may falsely believe they are famous or have special powers. Looking at symptoms over the course of the illness and the person’s family history can help determine whether a person has bipolar disorder along with another disorder.",https://www.nimh.nih.gov/health/publications/bipolar-disorder,clinical_guidelines,,,doc_0033,0
NIMH,bipolar,Medications,condition_info,"Certain medications can help control the symptoms of bipolar disorder. Some people may need to try several different medications before finding the ones that work best. Different medications may be used to treat an acute mood episode compared to those used to help manage symptoms over the long term. The most common types of medications that doctors prescribe include mood stabilizers and atypical antipsychotics. Mood stabilizers such as lithium or valproate can help prevent mood episodes or reduce their severity. Lithium also can decrease the risk of suicide. Bipolar depression is often treated with a mood stabilizer or an atypical antipsychotic. For some people experiencing a depressive episode, antidepressants may be added to these medications. However, antidepressants are not used alone because they can trigger a manic episode or rapid cycling in a person with bipolar disorder. Medications that target sleep or anxiety are sometimes added to mood stabilizers as part of a treatment plan. Talk with your health care provider to understand the risks and benefits of each medication. Report any concerns about side effects to your health care provider right away. Avoid stopping medication without talking to your health care provider first. Learn more about mental health medications. Read the most up-to-date information on medications, side effects, and warnings on the U.S. Food and Drug Administration (FDA) website .",https://www.nimh.nih.gov/health/publications/bipolar-disorder,clinical_guidelines,,,doc_0034,0
NIMH,bipolar,Psychotherapy,condition_info,"Psychotherapy (sometimes called talk therapy) is a term for various treatment techniques that aim to help a person identify and change troubling emotions, thoughts, and behaviors. Psychotherapy can offer support, education, skills, and strategies to people with bipolar disorder and their families. Some types of psychotherapy can be effective treatments for bipolar disorder when used with medications, including interpersonal and social rhythm therapy, which aims to understand and work with an individual’s biological and social rhythms. Interpersonal relationships are at the heart of family-focused therapy, which has been shown to help adolescents and adults when introduced with mood-stabilizing medication following an episode of bipolar depression or mania. Cognitive behavioral therapy (CBT) is an important treatment for depression, and CBT adapted for the treatment of insomnia can be especially helpful as a component of the treatment of bipolar depression. Learn more about psychotherapy.",https://www.nimh.nih.gov/health/publications/bipolar-disorder,clinical_guidelines,,,doc_0035,0
NIMH,bipolar,Other treatments,condition_info,"Some people may find other treatments helpful in managing their bipolar disorder symptoms. Electroconvulsive therapy (ECT) is a brain stimulation procedure that can help relieve severe symptoms of bipolar disorder. ECT is usually only considered if an individual’s illness has not improved after other treatments such as medication or psychotherapy, or in cases that require rapid response, such as with suicide risk or catatonia (a state of unresponsiveness). Transcranial magnetic stimulation (TMS) is a type of brain stimulation that uses magnetic waves, rather than the electrical stimulus of ECT, to relieve depression over a series of treatment sessions. Although not as powerful as ECT, TMS does not require general anesthesia and presents little risk of memory or adverse cognitive effects. Light therapy is the best evidence-based treatment for seasonal affective disorder (SAD), and many people with bipolar disorder experience seasonal worsening of depression in the winter, in some cases to the point of SAD. Light therapy could also be considered for lesser forms of seasonal worsening of bipolar depression.",https://www.nimh.nih.gov/health/publications/bipolar-disorder,clinical_guidelines,,,doc_0036,0
NIMH,bipolar,Complementary health approaches,condition_info,"The FDA has not approved any complementary health approaches for treating bipolar disorder. However, some individuals with bipolar disorder may explore options like dietary supplements, herbs, yoga, massage, acupuncture, tai chi, exercise, and relaxation techniques to support overall wellness and manage stress. Unlike specific psychotherapy and medication treatments that are scientifically proven to improve bipolar disorder symptoms, complementary health approaches have not been comprehensively studied. Some complementary health approaches may be used safely alongside standard treatments for bipolar disorder. It is important to talk to a health care provider to determine a treatment plan. For more information, visit the National Center for Complementary and Integrative Health website .",https://www.nimh.nih.gov/health/publications/bipolar-disorder,clinical_guidelines,,,doc_0037,0
NIMH,bipolar,How can I find help?,condition_info,"If you have concerns about your mental health, talk to a primary care provider. They can refer you to a qualified mental health professional, such as a psychologist, psychiatrist, or clinical social worker, who can help you figure out the next steps. Find tips for talking with a health care provider about your mental health. You can learn more about getting help on the NIMH website. You can also learn about finding support and locating mental health services in your area on the Substance Abuse and Mental Health Services Administration (SAMHSA) website.",https://www.nimh.nih.gov/health/publications/bipolar-disorder,clinical_guidelines,,,doc_0038,0
NIMH,bipolar,How can I help myself?,condition_info,"Get treatment and stick with it. Treatment is the best way to start feeling better. Structure activities. Keep a routine for eating, sleeping, and exercising. Try exercise like jogging, swimming, or bicycling, which can help with depression and anxiety, promote better sleep, and support heart and brain health. Keep a life chart or mood journal to help recognize your mood swings. Ask for help when trying to stick with your treatment. Be patient. Improvement takes time. Social support helps. Remember, bipolar disorder is a lifelong illness, but long-term, ongoing treatment can help manage symptoms and enable you to live a healthy life.",https://www.nimh.nih.gov/health/publications/bipolar-disorder,clinical_guidelines,,,doc_0039,0
NIMH,bipolar,How can I help a loved one with bipolar disorder?,condition_info,"It can be difficult to know how to help a friend or family member with bipolar disorder. Here are some things you can do: Understand triggers and be alert to any major mood changes. Remind the person that getting better is possible with the right treatment. Offer practical help, such as driving your loved one to health care appointments or picking up prescriptions. If you or someone you know is in immediate distress or is thinking about hurting themselves, call or text the 988 Suicide and Crisis Lifeline at 988 or chat at 988lifeline.org . In life-threatening situations, call 911.",https://www.nimh.nih.gov/health/publications/bipolar-disorder,clinical_guidelines,,,doc_0040,0
NIMH,schizophrenia,What is schizophrenia?,condition_info,"Schizophrenia is a serious mental illness that affects how a person thinks, feels, and behaves. People with schizophrenia may appear to have lost touch with reality, which can be distressing for them and their family and friends. The symptoms of schizophrenia can make it difficult to participate in usual, everyday activities, but effective treatments are available. Treatment can help people remain in school, maintain employment, achieve independence, and enjoy personal relationships.",https://www.nimh.nih.gov/health/publications/schizophrenia,clinical_guidelines,,,doc_0041,0
NIMH,schizophrenia,What are the signs and symptoms of schizophrenia?,condition_info,"It’s important to recognize the symptoms of schizophrenia and seek help as early as possible. People with schizophrenia are usually diagnosed between the ages of 16 and 30, after the first episode of psychosis. Starting treatment as soon as possible following the first episode of psychosis is an important step toward recovery. However, research shows that gradual changes in thinking, mood, and social functioning often appear before the first episode of psychosis. Schizophrenia is rare in younger children. Schizophrenia symptoms can differ from person to person, but they generally fall into three main categories: psychotic, negative, and cognitive.",https://www.nimh.nih.gov/health/publications/schizophrenia,clinical_guidelines,,,doc_0042,0
NIMH,schizophrenia,Psychotic symptoms,condition_info,"Psychotic symptoms include changes in the way a person thinks, acts, and experiences the world. A person experiencing psychotic symptoms often has disrupted thoughts and perceptions, and they may have difficulty recognizing what is real and what is not. For some people, these symptoms come and go. For others, the symptoms become stable over time. Psychotic symptoms include hallucinations, delusions, and thought disorder. Hallucinations are when a person sees, hears, smells, tastes, or feels things that are not there. Hearing voices is common among people with schizophrenia. People who hear voices may hear them for a long time before family or friends notice a problem. Delusions are when a person has strong beliefs that are not objectively true and may seem irrational to others. For example, individuals experiencing delusions may believe that people on the radio and television are sending special messages that require a certain response, or they may believe that they are in danger or that others are trying to hurt them. Thought disorder is when a person has ways of thinking that are unusual or illogical. People with thought disorder may have trouble organizing their thoughts and speech. They may stop talking in the middle of a thought, jump from topic to topic, or make up words that have no meaning.",https://www.nimh.nih.gov/health/publications/schizophrenia,clinical_guidelines,,,doc_0043,0
NIMH,schizophrenia,Negative symptoms,condition_info,"Negative symptoms include loss of motivation, loss of interest or enjoyment in daily activities, withdrawal from social life, difficulty showing emotions, and difficulty functioning normally. Negative symptoms include: Having trouble planning and sticking with routine activities, such as grocery shopping Having trouble anticipating and being motivated by pleasure in everyday life Talking in a dull voice and showing limited facial expression Avoiding social interaction or interacting in socially awkward ways Having very low energy and spending a lot of time in passive activities. In extreme cases, a person might stop moving or talking for periods of time, which is a rare condition called catatonia. These negative symptoms are sometimes mistaken for symptoms of depression or other mental illnesses.",https://www.nimh.nih.gov/health/publications/schizophrenia,clinical_guidelines,,,doc_0044,0
NIMH,schizophrenia,Cognitive symptoms,condition_info,"Cognitive symptoms include problems with attention, concentration, and memory. These symptoms can make it hard to follow a conversation, learn new things, or remember appointments. A person’s level of cognitive functioning is one of the best predictors of their day-to-day functioning. Health care providers use specific tests to evaluate cognitive functioning. Cognitive symptoms include: Having trouble using information immediately after learning it",https://www.nimh.nih.gov/health/publications/schizophrenia,clinical_guidelines,,,doc_0045,0
NIMH,schizophrenia,Risk of violence,condition_info,"Most people with schizophrenia are not violent. Overall, people with schizophrenia are more likely than those without the illness to be harmed by others. For people with schizophrenia, the risk of self-harm and violence to others is most significant when the illness is untreated or co-occurs with alcohol or substance misuse. It is important to help people who are showing symptoms get treatment as quickly as possible.",https://www.nimh.nih.gov/health/publications/schizophrenia,clinical_guidelines,,,doc_0046,0
NIMH,schizophrenia,Schizophrenia vs. dissociative identity disorder,condition_info,"Although some of the symptoms may seem similar on the surface, schizophrenia is not dissociative identity disorder (which used to be called multiple personality disorder or split personality). People with dissociative identity disorder have two or more independent identities with distinct behaviors and memories.",https://www.nimh.nih.gov/health/publications/schizophrenia,clinical_guidelines,,,doc_0047,0
NIMH,schizophrenia,Genes,condition_info,"Schizophrenia sometimes runs in families. However, just because one family member has schizophrenia, it does not mean that other members of the family also will have it. Studies suggest that many different genes may increase a person’s chances of developing schizophrenia and that no single gene causes the disorder by itself.",https://www.nimh.nih.gov/health/publications/schizophrenia,clinical_guidelines,,,doc_0048,0
NIMH,schizophrenia,Environment,condition_info,"Research suggests that a combination of genetic factors and aspects of a person’s environment and life experiences may play a role in the development of schizophrenia. These environmental factors may include poverty, stressful or dangerous surroundings, and exposure to viruses or nutritional problems before birth.",https://www.nimh.nih.gov/health/publications/schizophrenia,clinical_guidelines,,,doc_0049,0
NIMH,schizophrenia,Brain structure and function,condition_info,Research shows that people with schizophrenia may be more likely to have subtle differences in the size of certain brain areas and in connections between brain areas. Some of these brain differences may develop before birth. Researchers are working to better understand how brain structure and function may relate to schizophrenia.,https://www.nimh.nih.gov/health/publications/schizophrenia,clinical_guidelines,,,doc_0050,0
NIMH,schizophrenia,Antipsychotic medication,condition_info,"Antipsychotic medication can help make psychotic symptoms less intense and less frequent. This type of medication is usually taken every day in a pill or liquid form. Some forms may be given as an injection once or twice a month. Learn more about antipsychotic medication. If a person’s symptoms do not improve with usual antipsychotic medication, they may be prescribed clozapine. People who take clozapine must have regular blood tests to check for a potentially dangerous side effect that occurs in 1% to 2% of patients. People respond to antipsychotic medication in different ways. It is important to report any side effects to a health care provider. Many people taking antipsychotic medication experience side effects such as weight gain, dry mouth, restlessness, and drowsiness when they start taking these medications. Some side effects may go away over time, while others may last. Do not stop taking a medication without first talking to a health care provider. They can work with you to monitor your health and adjust your treatment plan safely and effectively. Some people may need to try several medications before finding the one that works best. Read the most up-to-date information on medications, side effects, and warnings on the U.S. Food and Drug Administration (FDA) website .",https://www.nimh.nih.gov/health/publications/schizophrenia,clinical_guidelines,,,doc_0051,0
NIMH,schizophrenia,Psychosocial treatments,condition_info,"Psychosocial treatments help people find solutions to everyday challenges and manage symptoms while attending school, working, and forming relationships. These treatments are often used together with antipsychotic medication. People who participate in regular psychosocial treatment are less likely to have symptoms reoccur or to be hospitalized. Examples of this kind of treatment include cognitive behavioral therapy, behavioral skills training, supported employment, and cognitive remediation interventions.",https://www.nimh.nih.gov/health/publications/schizophrenia,clinical_guidelines,,,doc_0052,0
NIMH,schizophrenia,Family education and support,condition_info,"Educational programs can help family and friends learn about symptoms of schizophrenia, treatment options, and strategies for helping loved ones with the illness. These programs can help friends and family manage their own distress, boost their coping skills, and strengthen their ability to provide support.",https://www.nimh.nih.gov/health/publications/schizophrenia,clinical_guidelines,,,doc_0053,0
NIMH,schizophrenia,Coordinated specialty care,condition_info,"Coordinated specialty care (CSC) programs are recovery-focused programs for people with first episode psychosis, an early stage of schizophrenia. Health professionals and specialists work together as a team to provide CSC, which includes psychotherapy, medication, case management, employment and education services, and family education and support. The treatment team works collaboratively with the individual to make treatment decisions, involving family members as much as possible. Compared with typical care, CSC is more effective in reducing symptoms, improving quality of life, and increasing involvement in work or school.",https://www.nimh.nih.gov/health/publications/schizophrenia,clinical_guidelines,,,doc_0054,0
NIMH,schizophrenia,Assertive community treatment,condition_info,Assertive community treatment is designed to help individuals with schizophrenia who are likely to experience multiple hospitalizations or homelessness. This type of treatment is usually delivered by a team of health care providers who work together to provide care to patients in the community.,https://www.nimh.nih.gov/health/publications/schizophrenia,clinical_guidelines,,,doc_0055,0
NIMH,schizophrenia,How can I find help?,condition_info,"If you have concerns about your mental health, talk to a primary care provider. They can refer you to a qualified mental health professional, such as a psychologist, psychiatrist, or clinical social worker, who can help you figure out the next steps. Find tips for talking with a health care provider about your mental health. You can learn more about getting help on the NIMH website. You can also learn about finding support and locating mental health services in your area on the Substance Abuse and Mental Health Services Administration (SAMHSA) website. If you or someone you know is struggling or having thoughts of suicide, call or text the 988 Suicide and Crisis Lifeline at 988 or chat at 988lifeline.org . In life-threatening situations, call 911.",https://www.nimh.nih.gov/health/publications/schizophrenia,clinical_guidelines,,,doc_0056,0
NIMH,schizophrenia,How can I help a friend or relative with schizophrenia?,condition_info,"It can be difficult to know how to help someone who is experiencing psychosis. Here are some things you can do: Help them get treatment and encourage them to stay in treatment. Remember that their beliefs or hallucinations seem very real to them. Be respectful, supportive, and kind without tolerating dangerous or inappropriate behavior. Look for support groups and family education programs, such as those offered by the National Alliance on Mental Illness .",https://www.nimh.nih.gov/health/publications/schizophrenia,clinical_guidelines,,,doc_0057,0
NIMH,eating_disorder,What are eating disorders?,condition_info,"Eating disorders are serious illnesses marked by severe disturbances to one’s eating behaviors. Although many people may be concerned about their health, weight, or appearance from time to time, some people become fixated or obsessed with weight loss, body weight or shape, and controlling their food intake. These may be signs of an eating disorder. Eating disorders are not a choice. These disorders can adversely affect a person’s physical and mental health, and in some cases, they can be life-threatening. With treatment, however, people can recover from eating disorders.",https://www.nimh.nih.gov/health/publications/eating-disorders,clinical_guidelines,,,doc_0058,0
NIMH,eating_disorder,Who is at risk for eating disorders?,condition_info,"Eating disorders can affect people of all ages, racial and ethnic backgrounds, body weights, and sexes. Even people who appear healthy can have eating disorders and be extremely ill. People with eating disorders can be underweight, average weight, or overweight. The exact cause of eating disorders is not fully understood. Research suggests a combination of genetic, biological, behavioral, psychological, and social factors can raise a person’s risk.",https://www.nimh.nih.gov/health/publications/eating-disorders,clinical_guidelines,,,doc_0059,0
NIMH,eating_disorder,What are the common types of eating disorders?,condition_info,"Anorexia nervosa: People with anorexia nervosa severely avoid or restrict food intake due to a distorted self-image or an intense fear of gaining weight. Even when dangerously underweight, they may see themselves as overweight. Some people with anorexia nervosa may also have binge eating and purging episodes. Binge-eating disorder: People with binge-eating disorder regularly lose control of their eating and eat unusually large amounts of food. People with binge-eating disorder are often overweight or obese. Bulimia nervosa: People with bulimia nervosa regularly binge eat and then engage in unhealthy behaviors to prevent weight gain, such as forced vomiting or the use of laxatives. People with bulimia nervosa may maintain an average weight or be overweight. Avoidant restrictive food intake disorder (ARFID): People with ARFID limit the amount and variety of food they eat due to their anxiety or fear of the consequences of eating (such as choking or vomiting) or dislike of a food’s characteristics (such as its appearance or texture). People with ARFID are frequently underweight. People exhibiting any combination of these symptoms may have an eating disorder and should talk to a health care provider.",https://www.nimh.nih.gov/health/publications/eating-disorders,clinical_guidelines,,,doc_0060,0
NIMH,eating_disorder,What are the signs and symptoms of anorexia nervosa?,condition_info,"Over time, anorexia nervosa can lead to numerous serious health consequences, including: A relentless pursuit of thinness and unwillingness to maintain a healthy weight Denial of the seriousness of low body weight Damage to the structure and function of the heart Anorexia nervosa can be fatal. It has an extremely high death rate compared with other mental disorders. People with anorexia nervosa are at risk of dying from medical complications associated with starvation. Suicide is a leading cause of death for people diagnosed with anorexia nervosa. If you or someone you know is struggling or having thoughts of suicide, call or text the 988 Suicide and Crisis Lifeline at 988 or chat at 988lifeline.org . In life-threatening situations, call 911.",https://www.nimh.nih.gov/health/publications/eating-disorders,clinical_guidelines,,,doc_0061,0
NIMH,eating_disorder,What are the signs and symptoms of binge-eating disorder?,condition_info,"Over time, binge eating can lead to serious health consequences, including: Eating unusually large amounts of food in a short amount of time, for example, within two hours Eating alone or in secret to avoid embarrassment Gastrointestinal symptoms (such as acid reflux, bloating, and diarrhea)",https://www.nimh.nih.gov/health/publications/eating-disorders,clinical_guidelines,,,doc_0062,0
NIMH,eating_disorder,What are the signs and symptoms of bulimia nervosa?,condition_info,"The signs and symptoms of bulimia nervosa include the same signs and symptoms as binge eating. They also include the following, which aim to get rid of food after binge eating: Over time, bulimia nervosa can lead to serious health consequences, including: Swollen salivary glands in the neck and jaw area Worn tooth enamel and increasingly sensitive and decaying teeth",https://www.nimh.nih.gov/health/publications/eating-disorders,clinical_guidelines,,,doc_0063,0
NIMH,eating_disorder,What are the signs and symptoms of avoidant restrictive food intake disorder?,condition_info,"Over time, ARFID can lead to serious health consequences, including: Severe restriction of types or amount of food eaten Upset stomach, abdominal pain, or other gastrointestinal issues with no other known cause Limited range of preferred foods that becomes even more limited (“picky eating” that gets progressively worse) Functional impairments associated with academic performance, work, and relationships",https://www.nimh.nih.gov/health/publications/eating-disorders,clinical_guidelines,,,doc_0064,0
NIMH,eating_disorder,What mental illnesses can co-occur with eating disorders?,condition_info,"People with eating disorders are at risk for co-occurring mental illnesses, which most often include depression, anxiety, and substance use disorders. People with eating disorders are also at a higher risk for suicide. It’s critical to treat any co-occurring conditions as part of the treatment plan.",https://www.nimh.nih.gov/health/publications/eating-disorders,clinical_guidelines,,,doc_0065,0
NIMH,eating_disorder,How are eating disorders treated?,condition_info,"Eating disorders can be treated successfully. Early detection and treatment are important for recovery. Treatment plans for eating disorders include: Individual, group, or family psychotherapy to identify and change troubling emotions, thoughts, and behaviors about food. Learn more about psychotherapy. Medical care and monitoring to treat the health consequences of an eating disorder and monitor overall well-being. Nutritional counseling to help people eat well and reach and maintain a healthy weight. Medication to treat the symptoms of some eating disorders, including bulimia nervosa and binge-eating disorder, and to reduce symptoms of co-occurring anxiety or depression. There are currently no medications approved by the U.S. Food and Drug Administration (FDA) to treat the symptoms of anorexia nervosa or ARFID. Some people with a severe eating disorder may need to be in a hospital or residential treatment program. A person’s family can play a crucial role in treatment. They can encourage a family member with eating or body image issues to seek help and can provide support during treatment. Research suggests that family-based treatment can improve eating disorder treatment outcomes, particularly for adolescents.",https://www.nimh.nih.gov/health/publications/eating-disorders,clinical_guidelines,,,doc_0066,0
NIMH,eating_disorder,How can I find help?,condition_info,"If you have concerns about your eating behavior or mental health, talk to a primary care provider. They can refer you to a qualified mental health professional, such as a psychologist, psychiatrist, or clinical social worker, who can help you figure out the next steps. Find tips for talking with a health care provider about your mental health. You can learn more about getting help on the NIMH website. You can also learn about finding support and locating mental health services in your area on the Substance Abuse and Mental Health Services Administration (SAMHSA) website.",https://www.nimh.nih.gov/health/publications/eating-disorders,clinical_guidelines,,,doc_0067,0
NIMH,adhd,What is ADHD?,condition_info,"Attention-deficit/hyperactivity disorder (ADHD) is a developmental disorder marked by persistent symptoms of inattention, hyperactivity, and impulsivity. Some people mostly have symptoms of inattention. Others mostly have symptoms of hyperactivity and impulsivity. Some people have both types of symptoms. Symptoms begin in childhood and can interfere with daily life, including social relationships and school or work performance. ADHD is well-known among children and teens, but many adults also have the disorder. Effective treatments are available to manage symptoms.",https://www.nimh.nih.gov/health/publications/attention-deficit-hyperactivity-disorder-adhd-the-basics,clinical_guidelines,,,doc_0068,0
NIMH,adhd,What are the symptoms of ADHD?,condition_info,"People with ADHD may experience an ongoing pattern of: Hyperactivity: Showing too much energy or moving and talking too much Impulsivity: Acting without thinking or having difficulty with self-control Signs of inattention can include frequent difficulty with: Paying attention to details, leading to careless mistakes at school, work, or during other activities Concentrating on tasks or activities, for instance, while having conversations, taking tests, completing assignments, or reading papers Following instructions or finishing tasks at school, work, or home Organizing tasks and activities, managing time, and meeting deadlines Completing tasks that require sustained attention, such as homework, large projects, and complicated forms Losing things, such as backpacks, books, keys, wallets, and phones Getting easily distracted by unrelated thoughts or stimuli Forgetting about daily activities, such as chores, errands, and events, or other important things, like assignments, appointments, and phone calls Signs of hyperactivity and impulsivity can include often: Fidgeting, tapping hands or feet, or squirming while seated Moving around when expected to remain seated, such as in the classroom or office, or feeling restless in these situations Running, climbing, or moving around at times when it is not appropriate Being constantly “on the go” and acting as if driven by a motor Being unable to quietly play or take part in hobbies and activities Answering questions before they are fully asked or finishing other people’s sentences Struggling to wait or be patient, such as when playing a game or waiting in line Interrupting or intruding on others, for example, in conversations, games, or meetings",https://www.nimh.nih.gov/health/publications/attention-deficit-hyperactivity-disorder-adhd-the-basics,clinical_guidelines,,,doc_0069,0
NIMH,adhd,What causes ADHD?,condition_info,"Researchers are not sure what causes ADHD, although many studies suggest that genes play a large role. Like many other disorders, ADHD probably results from a combination of factors. In addition to genetics, researchers are looking at differences in brain development and neurobiology among people with ADHD compared to those without the disorder. They are also studying environmental factors that might increase the risk of developing ADHD, including brain injuries, nutrition, and social environments.",https://www.nimh.nih.gov/health/publications/attention-deficit-hyperactivity-disorder-adhd-the-basics,clinical_guidelines,,,doc_0070,0
NIMH,adhd,How is ADHD diagnosed?,condition_info,"Based on their specific symptoms, a person can be diagnosed with one of three types of ADHD: Inattentive: Mostly symptoms of inattention but not hyperactivity or impulsivity Hyperactive-impulsive: Mostly symptoms of hyperactivity and impulsivity but not inattention Combined: Symptoms of both inattention and hyperactivity and impulsivity ADHD symptoms must begin in childhood (before age 12). Symptoms often continue into the teen years and adulthood. The criterion for a diagnosis differs slightly based on age. Children up to 16 years must show at least six symptoms of inattention, hyperactivity and impulsivity, or both. Adults and youth over 16 years must show at least five symptoms of inattention, hyperactivity and impulsivity, or both. To be diagnosed with ADHD, a person’s symptoms must also: Be present in two or more settings (for example, at home, at work, in school, or with friends) Interfere with or impair social, school, or work functioning Stress, sleep disorders, anxiety, depression, and other physical conditions or illnesses can cause similar symptoms to those of ADHD. A health care provider needs to do a thorough evaluation to determine the cause of symptoms, make a diagnosis, and identify effective treatments. Primary care providers sometimes diagnose and treat ADHD, or they may refer the person to a mental health professional. During an evaluation, a provider usually: Examines the person’s mental health and medical history, including their mood and past or current health conditions. Looks at the person’s current or, if an adult, childhood behavior and school experiences. To obtain this information, the provider may ask for permission to talk with family, friends, partners, teachers, and others who know the person well and have seen them in different settings to learn about behaviors and experiences at home, school, or elsewhere. Uses standardized behavior rating scales or ADHD symptom checklists to determine whether the person meets the criteria for a diagnosis of ADHD. Administers psychological tests that look at cognitive skills, such as working memory, executive functioning (abilities such as planning and decision-making), visual and spatial abilities, or reasoning. Such tests can help identify psychological or cognitive (thinking-related) strengths and challenges and identify or rule out possible learning disabilities.",https://www.nimh.nih.gov/health/publications/attention-deficit-hyperactivity-disorder-adhd-the-basics,clinical_guidelines,,,doc_0071,0
NIMH,adhd,Does ADHD look the same in everyone?,condition_info,"Anyone can have ADHD. However, boys and men tend to display more hyperactive and impulsive symptoms, while girls and women are more likely to be diagnosed with inattentive ADHD. ADHD can also be diagnosed at any age, although symptoms must have begun in childhood (before age 12). Adults with ADHD often have a history of problems with school, work, and relationships. ADHD symptoms may change as a person gets older. Children show hyperactivity and impulsivity as the most common symptoms. As academic and social demands increase, symptoms of inattention often become more prominent and begin to interfere with academic performance and peer relationships. Adolescents usually show less hyperactivity and may appear as restless or fidgeting. Symptoms of inattention and impulsivity typically continue and may cause academic, organizational, or relationship challenges. Teens with ADHD are more likely to engage in impulsive, risky behaviors, such as substance use and unsafe sexual activity. Adults, including older adults, can show inattention, restlessness, and impulsivity, although, in some people, those symptoms become less severe and less impairing. They may also be irritable, have a low tolerance for frustration and stress, or experience frequent or intense mood changes. Some adults may not have been diagnosed with ADHD when younger because their teachers or family did not recognize the disorder, they had a mild form of the disorder, or they managed well until experiencing the demands of adulthood. But it is never too late to seek a diagnosis and treatment for ADHD and other mental health conditions that may co-occur with it. Effective treatment can make day-to-day life easier for people with ADHD and their families.",https://www.nimh.nih.gov/health/publications/attention-deficit-hyperactivity-disorder-adhd-the-basics,clinical_guidelines,,,doc_0072,0
NIMH,adhd,How is ADHD treated?,condition_info,"Although there is no cure for ADHD, current treatments may help reduce symptoms and improve functioning. Common treatments for ADHD are medication, psychotherapy, and other behavioral interventions. For children, treatment often includes parent education and school-based programs. Researchers are studying new treatments for people with ADHD, such as cognitive training and neurofeedback. These options are usually explored only after medication and psychotherapy have already been tried. For many people, treatment involves a combination of elements.",https://www.nimh.nih.gov/health/publications/attention-deficit-hyperactivity-disorder-adhd-the-basics,clinical_guidelines,,,doc_0073,0
NIMH,adhd,Medication,condition_info,"Stimulants are the most common type of medication used to treat ADHD, and research shows them to be highly effective. They work by increasing levels of brain chemicals involved in thinking and attention. Like all medications, stimulants can have side effects and must be prescribed and monitored by a health care provider. Tell the provider about other medications you or your child are taking. Medications for common health problems, such as diabetes, anxiety, and depression, can interact with stimulants, in which case, a provider can suggest other medication options. Health care providers sometimes prescribe nonstimulant medications like antidepressants to treat ADHD. However, the U.S. Food and Drug Administration (FDA) has not approved these medications specifically for ADHD. Sometimes, a person must try several different medications or dosages before finding the one that works for them. Learn more about stimulants and other mental health medications. You can learn more about specific medications, including the latest approvals, side effects, warnings, and patient information, on the FDA website .",https://www.nimh.nih.gov/health/publications/attention-deficit-hyperactivity-disorder-adhd-the-basics,clinical_guidelines,,,doc_0074,0
NIMH,adhd,Psychotherapy and behavioral interventions,condition_info,"Psychological interventions for ADHD can take many forms and be combined with medication and other elements for parents, families, and teachers. Adding therapy to an ADHD treatment plan can help some people better cope with daily challenges, gain confidence, or manage impulsive and risky behaviors. Therapy is especially helpful if ADHD co-occurs with other mental disorders, such as anxiety, depression, conduct problems, or substance use disorders. Learn about other mental disorders. Several psychosocial interventions have been shown to help manage symptoms and improve functioning. Behavioral therapy helps a person change their behavior. It might involve practical assistance, such as organizing tasks or completing schoolwork, learning social skills, or monitoring one’s behavior. Cognitive behavioral therapy helps a person become aware of attention and concentration challenges and work on skills to improve focus and organization and complete daily tasks (for instance, by breaking large tasks into smaller, more manageable steps). Family and marital therapy helps family members learn to handle disruptive behaviors, encourage behavior changes, and improve interactions with children and partners. Some people find it helpful to get support from a professional life coach or ADHD coach who can teach them skills to improve daily functioning.",https://www.nimh.nih.gov/health/publications/attention-deficit-hyperactivity-disorder-adhd-the-basics,clinical_guidelines,,,doc_0075,0
NIMH,adhd,Parent education and support,condition_info,"Therapy for children and teens requires parents to play an active role. Treatment sessions with the child alone are more likely to be effective for treating symptoms of anxiety or depression that may co-occur with ADHD than for managing core symptoms of the disorder. Mental health professionals can educate parents about the disorder and how it affects a family. They also can help parents develop new skills, attitudes, and ways of relating to their child. Examples include parenting skills training, stress management techniques for parents, and support groups that help parents and families connect with others who have similar concerns.",https://www.nimh.nih.gov/health/publications/attention-deficit-hyperactivity-disorder-adhd-the-basics,clinical_guidelines,,,doc_0076,0
NIMH,adhd,School-based programs,condition_info,"Many children and teens with ADHD benefit from school-based behavioral interventions and academic accommodations. Interventions include behavior management plans or classroom-taught organizational and study skills. Accommodations include preferential seating in the classroom, reduced classwork, and extended time on tests and exams. Schools may provide accommodations through what is called a 504 Plan or, for children who qualify for special education services, an Individualized Education Plan (IEP). Learn more about special education services and the Individuals with Disabilities Education Act .",https://www.nimh.nih.gov/health/publications/attention-deficit-hyperactivity-disorder-adhd-the-basics,clinical_guidelines,,,doc_0077,0
NIMH,adhd,Cognitive training,condition_info,"Cognitive training approaches involve repeatedly using a program or activity over several weeks to improve specific functions, such as memory or attention. Exercises are tailored to the person’s ongoing performance. Cognitive training is shown to modestly improve the tasks being practiced. For instance, research shows the training can help memory, attention, inhibition, planning, and cognitive flexibility in people with ADHD. However, these improvements don’t usually translate to changes in core ADHD symptoms of impulsivity and hyperactivity.",https://www.nimh.nih.gov/health/publications/attention-deficit-hyperactivity-disorder-adhd-the-basics,clinical_guidelines,,,doc_0078,0
NIMH,adhd,Neurofeedback,condition_info,"Neurofeedback is a noninvasive technique in which an electronic device monitors and records a person’s brain activity, providing them with immediate feedback to support self-regulation. The device measures brain activity through such means as EEG or fMRI scans and feeds the information back to the person, usually in the form of a computer screen or visual cue. Through this feedback, people learn to self-regulate their brain activity to directly alter the associated behavior. The assumption is that, with repeated, real-time information, people can change their internal brain activity, with observable effects on behavior and cognition. For people with ADHD, neurofeedback is used to train and improve specific cognitive functions. Although it is shown to help reduce some ADHD symptoms, the effects of neurofeedback remain lower than those seen from medication and psychotherapy. Additional research is needed to refine the treatment and determine for whom it works and under what conditions.",https://www.nimh.nih.gov/health/publications/attention-deficit-hyperactivity-disorder-adhd-the-basics,clinical_guidelines,,,doc_0079,0
NIMH,adhd,Complementary health approaches,condition_info,"Some people may explore complementary health approaches to manage symptoms of ADHD. These can include natural products, vitamins and supplements, diet changes, and acupuncture. Others find it helpful to make lifestyle changes, like adding more physical exercise to their daily schedule. Unlike psychotherapy and medication that are scientifically shown to improve ADHD symptoms, complementary health approaches generally have not been found to treat ADHD effectively and do not qualify as evidence-supported interventions. Find more information from the National Center for Complementary and Integrative Health .",https://www.nimh.nih.gov/health/publications/attention-deficit-hyperactivity-disorder-adhd-the-basics,clinical_guidelines,,,doc_0080,0
NIMH,adhd,How can I find help?,condition_info,"If you’re unsure of where to get help, a health care provider is a good place to start. They can refer you to a qualified mental health professional, such as a psychologist, psychiatrist, or clinical social worker, who can help figure out the next steps. Find tips for talking with a health care provider about your or your child’s mental health. The Centers for Disease Control and Prevention (CDC) has information about ADHD symptoms, diagnosis, and treatment, as well as additional resources for families and providers. You can learn more about getting help on the NIMH website. You can also learn about finding support and locating mental health services in your area on the Substance Abuse and Mental Health Services Administration (SAMHSA) website.",https://www.nimh.nih.gov/health/publications/attention-deficit-hyperactivity-disorder-adhd-the-basics,clinical_guidelines,,,doc_0081,0
NIMH,adhd,How can I help myself?,condition_info,"Medication and therapy are the most effective treatments for ADHD. Other strategies may also help manage symptoms. Get regular exercise, especially when feeling hyperactive or restless. Get plenty of sleep. Try to turn off screens at least 1 hour before bedtime and get between 7–9 hours of sleep every night. Work on time management and organization. Prioritize time-sensitive tasks and write down assignments, messages, appointments, reminders, and important thoughts. Take short breaks during tasks that require sustained attention to help maintain focus and prevent burnout. Break large tasks into smaller, more manageable steps. Connect with people and maintain relationships. Schedule activities with friends, particularly supportive people who understand your challenges with ADHD. Take medications as directed. Avoid alcohol, tobacco, and drugs not prescribed for you.",https://www.nimh.nih.gov/health/publications/attention-deficit-hyperactivity-disorder-adhd-the-basics,clinical_guidelines,,,doc_0082,0
NIMH,adhd,How can I help my child?,condition_info,"Be patient, flexible, and understanding. ADHD can be frustrating both for people who have it and the people in their lives. ADHD may make it hard for your child to perform certain tasks or behaviors. Some children may need to use different strategies to help them succeed. Use clear, simple, direct language to explain rules and expectations. Reward behaviors that meet these expectations with positive reinforcement. Provide consistent praise or rewards for acting in a desired way. Offer practical help, such as on tasks like cleaning and organizing, or simply be present and engaged while your child works, which can give them a sense of accountability and motivation and help them stay focused and on track. Provide opportunities to explore different activities and interests. Help your child discover their unique talents and build confidence in their abilities.",https://www.nimh.nih.gov/health/publications/attention-deficit-hyperactivity-disorder-adhd-the-basics,clinical_guidelines,,,doc_0083,0
WHO,depression,Key facts,condition_info,"Globally, an estimated 5.7% of adults suffer from depression. More women are affected by depression than men. There is effective treatment for mild, moderate and severe depression. Depressive disorder (also known as depression) is a common mental disorder. It involves a depressed mood or loss of pleasure or interest in activities for long periods of time. Depression is different from regular mood changes and feelings about everyday life. It can affect all aspects of life, including relationships with family, friends and community. It can result from or lead to problems at school and at work. Depression can happen to anyone. People who have lived through abuse, severe losses or other stressful events are more likely to develop depression. Women are more likely to have depression than men. An estimated 4% of the population experience depression, including 5.7% of adults (4.6% among men and 6.9% among women), and 5.9% of adults aged 70 years and older. Approximately 332 million people in the world have depression (1). Depression is about 1.5 times more common among women than among men. Worldwide, more than 10% of pregnant women and women who have just given birth experience depression (2). In 2021, an estimated 727 000 people lost their lives to suicide. Suicide is the third leading cause of death in 15–29-year-olds. In high-income countries, only about one third of people with depression receive mental health treatment (3). Barriers to effective care include a lack of investment in mental health care, lack of trained health-care providers and social stigma associated with mental disorders.",https://www.who.int/news-room/fact-sheets/detail/depression,clinical_guidelines,,,doc_0084,0
WHO,depression,Symptoms and patterns,condition_info,"During a depressive episode, a person experiences a depressed mood (feeling sad, irritable, empty). They may feel a loss of pleasure or interest in activities. A depressive episode is different from regular mood fluctuations. They last most of the day, nearly every day, for at least two weeks. Other symptoms are also present, which may include: Depression can cause difficulties in all aspects of life, including in the community and at home, work and school. A depressive episode can be categorized as mild, moderate, or severe depending on the number and severity of symptoms, as well as the impact on the individual’s functioning. There are different patterns of depressive episodes including: single episode depressive disorder, meaning the person’s first and only episode; recurrent depressive disorder, meaning the person has a history of at least two depressive episodes; and bipolar disorder, meaning that depressive episodes alternate with periods of manic symptoms, which include euphoria or irritability, increased activity or energy, and other symptoms such as increased talkativeness, racing thoughts, increased self-esteem, decreased need for sleep, distractibility, and impulsive reckless behaviour.",https://www.who.int/news-room/fact-sheets/detail/depression,clinical_guidelines,,,doc_0085,0
WHO,depression,Contributing factors and prevention,condition_info,"Depression results from a complex interaction of social, psychological, and biological factors. People who have gone through adverse life events (unemployment, bereavement, traumatic events) are more likely to develop depression. Depression can, in turn, lead to more stress and dysfunction and worsen the affected person’s life situation and the depression itself. Depression is closely related to and affected by physical health. Many of the factors that influence depression (such as physical inactivity or harmful use of alcohol) are also known risk factors for diseases such as cardiovascular disease, cancer, diabetes and respiratory diseases. In turn, people with these diseases may also find themselves experiencing depression due to the difficulties associated with managing their condition. Prevention programmes have been shown to reduce depression. Effective community approaches to prevent depression include school-based programmes to enhance a pattern of positive coping in children and adolescents. Interventions for parents of children with behavioural problems may reduce parental depressive symptoms and improve outcomes for their children. Exercise programmes for older persons can also be effective in depression prevention.",https://www.who.int/news-room/fact-sheets/detail/depression,clinical_guidelines,,,doc_0086,0
WHO,depression,Diagnosis and treatment,condition_info,"There are effective treatments for depression. These include psychological treatment and medications. Seek care if you have symptoms of depression. Psychological treatments are the first treatments for depression. They can be combined with antidepressant medications in moderate and severe depression. Antidepressant medications are not needed for mild depression. Psychological treatments can teach new ways of thinking, coping or relating to others. They may include talk therapy with professionals and supervised lay therapists. Talk therapy can happen in person or online. Psychological treatments may be accessed through self-help manuals, websites and apps. Antidepressant medications include selective serotonin reuptake inhibitors (SSRIs), such as fluoxetine. Health-care providers should keep in mind the possible adverse effects associated with antidepressant medication, the ability to deliver either intervention (in terms of expertise, and/or treatment availability), and individual preferences. Antidepressants should not be used for treating depression in children and are not the first line of treatment in adolescents, among whom they should be used with extra caution. Different medications and treatments are used for bipolar disorder.",https://www.who.int/news-room/fact-sheets/detail/depression,clinical_guidelines,,,doc_0087,0
WHO,depression,Self-care,condition_info,"Self-care can play an important role in managing symptoms of depression and promoting overall well-being. try to keep doing activities you used to enjoy exercise regularly, even if it’s just a short walk stick to regular eating and sleeping habits as much as possible avoid or cut down on alcohol and don’t use illicit drugs, which can make depression worse talk to someone you trust about your feelings remember you are not alone, and that many people have gone through what you’re experiencing and found help talk to someone you trust about how you feel talk to a health worker, such as a doctor or counsellor If you think you are in immediate danger of harming yourself, contact any available emergency services or a crisis line.",https://www.who.int/news-room/fact-sheets/detail/depression,clinical_guidelines,,,doc_0088,0
WHO,depression,WHO response,condition_info,"WHO’s Comprehensive Mental Health Action Plan 2013–2030 highlights the steps required to provide appropriate interventions for people with mental disorders including depression. Depression and self-harm/suicide are among the priority conditions covered by WHO’s Mental Health Gap Action Programme (mhGAP). The Programme aims to help countries increase services for people with mental, neurological and substance use disorders through care provided by health workers who are not specialists in mental health. WHO has developed brief psychological intervention manuals for depression that may be delivered by lay therapists to individuals and groups. An example is the Problem Management Plus (PM+) manual, which describes the use of behavioural activation, stress management, problem solving treatment and strengthening social support. Moreover, the Group Interpersonal Therapy for Depression manual describes group treatment of depression. Finally, the Thinking Healthy manual covers the use of cognitive-behavioural therapy for perinatal depression. 1. 2021 Global Burden of Disease (GBD) [online database]. Seattle: Institute for Health Metrics and Evaluation; 2024 (https://vizhub.healthdata.org/gbd-results/, accessed 13 August 2025). 2. Woody CA, Ferrari AJ, Siskind DJ, Whiteford HA, Harris MG. A systematic review and meta-regression of the prevalence and incidence of perinatal depression. J Affect Disord. 2017;219:86–92. 3. Evans-Lacko S, Aguilar-Gaxiola S, Al-Hamzawi A, et al. Socio-economic variations in the mental health treatment gap for people with anxiety, mood, and substance use disorders: results from the WHO World Mental Health (WMH) surveys. Psychol Med. 2018;48(9):1560-1571.",https://www.who.int/news-room/fact-sheets/detail/depression,clinical_guidelines,,,doc_0089,0
WHO,anxiety,Key facts,condition_info,"Anxiety disorders are the world’s most common mental disorders, affecting 359 million people in 2021. More women are affected by anxiety disorders than men. Symptoms of anxiety often have onset during childhood or adolescence. There are highly effective treatments for anxiety disorders. Approximately 1 in 4 people with anxiety disorders receive treatment for this condition.",https://www.who.int/news-room/fact-sheets/detail/anxiety-disorders,clinical_guidelines,,,doc_0090,0
WHO,anxiety,Overview,condition_info,"Everyone can feel anxious sometimes, but people with anxiety disorders often experience fear and worry that is both intense and excessive. These feelings are typically accompanied by physical tension and other behavioural and cognitive symptoms. They are difficult to control, cause significant distress and can last a long time if untreated. Anxiety disorders interfere with daily activities and can impair a person’s family, social and school or working life. An estimated 4.4% of the global population currently experience an anxiety disorder (1). In 2021, 359 million people in the world had an anxiety disorder, making anxiety disorders the most common of all mental disorders (1). Although highly effective treatments for anxiety disorders exist, only about 1 in 4 people in need (27.6%) receive any treatment (2). Barriers to care include lack of awareness that this is a treatable health condition, lack of investment in mental health services, lack of trained health-care providers, and social stigma.",https://www.who.int/news-room/fact-sheets/detail/anxiety-disorders,clinical_guidelines,,,doc_0091,0
WHO,anxiety,Symptoms and patterns,condition_info,"People with an anxiety disorder may experience excessive fear or worry about a specific situation (for example, a panic attack or social situation) or, in the case of generalized anxiety disorder, about a broad range of everyday situations. They typically experience these symptoms over an extended period – at least several months. Usually they avoid the situations that make them anxious. having a sense of impending danger, panic or doom. Anxiety disorders increase the risk for depression and substance use disorders as well as the risk of suicidal thoughts and behaviours. There are several different kinds of anxiety disorders, including: generalized anxiety disorder (persistent and excessive worry about daily activities or events); panic disorder (panic attacks and fear of continued panic attacks); social anxiety disorder (high levels of fear and worry about social situations that might make the person feel humiliated, embarrassed or rejected); agoraphobia (excessive fear, worry and avoidance of situations that might cause a person to panic or feel trapped, helpless or embarrassed); separation anxiety disorder (excessive fear or worry about being separated from people with whom the person has a deep emotional bond); specific phobias (intense, irrational fears of specific objects or situations that lead to avoidance behaviour and significant distress); and selective mutism (consistent inability to speak in certain social situations, despite the ability to speak comfortably in other settings, primarily affecting children). People may experience more than one anxiety disorder at the same time. Symptoms often begin during childhood or adolescence and continue into adulthood. Girls and women are more likely to experience an anxiety disorder than boys and men.",https://www.who.int/news-room/fact-sheets/detail/anxiety-disorders,clinical_guidelines,,,doc_0092,0
WHO,anxiety,Contributing factors and prevention,condition_info,"Anxiety disorders, like other mental health conditions, result from a complex interaction of social, psychological and biological factors. Anyone can have an anxiety disorder, but people who have lived through abuse, severe losses or other adverse experiences are more likely to develop one. Anxiety disorders are closely related to and affected by physical health. Many of the impacts of anxiety (such as physical tension, nervous system hyperactivity or harmful use of alcohol) are also known risk factors for diseases such as cardiovascular disease. In turn, people with these diseases may also find themselves experiencing anxiety disorders due to the difficulties associated with managing their conditions. Effective community-based approaches to prevent anxiety include parental education and school-based programmes to enhance social and emotional learning and build positive coping in children and adolescents. Exercise programmes can also be effective in preventing anxiety disorders in adults.",https://www.who.int/news-room/fact-sheets/detail/anxiety-disorders,clinical_guidelines,,,doc_0093,0
WHO,anxiety,Diagnosis and treatment,condition_info,"There are several effective treatments for anxiety disorders. People with symptoms of anxiety should seek care. Psychological interventions are essential treatments for anxiety disorders and refer primarily to talk therapy with professionals or supervised lay therapists. These interventions can help people learn new ways of thinking, coping or relating to their anxiety, to others or to the world. They can teach people how to face the situations, events, people or places that trigger their anxiety. Psychological interventions can be provided to individuals or groups, in person or online. They may also be accessed through self-help manuals, websites and apps. The psychological interventions with the most evidence for treating a range of anxiety disorders are those based on principles of cognitive-behavioural therapy. These include exposure therapy, during which people learn to face their fears. In addition, learning stress management skills, such as relaxation skills and mindfulness skills, can help reduce symptoms of anxiety disorders. Antidepressant medications, such as selective serotonin reuptake inhibitors (SSRIs), can also be useful in treating adults with anxiety disorders. Health-care providers should keep in mind the possible adverse effects associated with antidepressant medication, the ability to deliver either intervention (in terms of expertise, and/or treatment availability), and individual preferences. Benzodiazepines, which have historically been prescribed for anxiety disorders, are generally not recommended for anxiety disorders because of their high potential for dependence as well as their limited long-term effectiveness.",https://www.who.int/news-room/fact-sheets/detail/anxiety-disorders,clinical_guidelines,,,doc_0094,0
WHO,anxiety,Self-care,condition_info,"Self-care can play an important role in supporting treatment. To help manage your symptoms of anxiety and promote your overall well-being, you can: avoid or cut down on alcohol and don’t use illicit drugs, which can make anxiety worse; exercise regularly, even if it’s just a short walk; stick to regular eating and sleeping habits as much as possible and eat a healthy diet; learn relaxation techniques, such as slow breathing and progressive muscle relaxation; and develop the habit of mindfulness meditation, even if it’s just a few minutes per day.",https://www.who.int/news-room/fact-sheets/detail/anxiety-disorders,clinical_guidelines,,,doc_0095,0
WHO,anxiety,WHO response,condition_info,"WHO’s Comprehensive mental health action plan 2013–2030 highlights the steps required to provide appropriate interventions for people with mental health conditions, including anxiety disorders. Generalized anxiety disorder and panic disorder are included in the priority conditions covered by WHO’s mhGAP Programme. This programme aims to help countries increase services for people with mental, neurological and substance use disorders through care provided by health workers who are not specialists in mental health. WHO has developed brief psychological intervention manuals that may be delivered by lay therapists to individuals and groups. These interventions have been shown to be effective for multiple mental health problems, including anxiety and depression. An example is the Problem Management Plus (PM+) manual, which is based on principles of cognitive behavioural therapy and uses techniques like stress management, problem solving treatment and strengthening social support. Additionally, the Self-Help Plus (SH+) group-based stress management course and WHO’s popular Doing What Matters in Times of Stress self-help book describe skills that can be used to reduce anxiety and stress.",https://www.who.int/news-room/fact-sheets/detail/anxiety-disorders,clinical_guidelines,,,doc_0096,0
WHO,general,Key facts,condition_info,"Globally, more than a billion people live with a mental health condition. Affordable, effective and feasible strategies exist to promote, protect and restore mental health. The need for action on mental health is indisputable and urgent. Mental health has intrinsic and instrumental value and is integral to our well-being.",https://www.who.int/news-room/fact-sheets/detail/mental-health-strengthening-our-response,clinical_guidelines,,,doc_0097,0
WHO,general,Overview,condition_info,"Mental health is a state of mental well-being that enables people to cope with the stresses of life, realize their abilities, learn and work well, and contribute to their community. It has intrinsic and instrumental value and is a basic human right. Mental health exists on a complex continuum, which is experienced differently from one person to the next. At any one time, a diverse set of individual, family, community and structural factors may combine to protect or undermine mental health. Although most people are resilient, people who are exposed to adverse circumstances are at higher risk of developing a mental health condition. Mental health conditions include mental disorders and psychosocial disabilities as well as other mental states associated with significant distress, impairment in functioning, or risk of self-harm. Many mental health conditions can be effectively treated at relatively low cost, yet health systems remain significantly under-resourced and treatment gaps are wide all over the world.",https://www.who.int/news-room/fact-sheets/detail/mental-health-strengthening-our-response,clinical_guidelines,,,doc_0098,0
WHO,general,Risks and protective factors,condition_info,"The risks and protective factors that influence mental health operate at multiple levels. Individual factors such as emotional skills, substance use and genetics can increase vulnerability to mental health problems. Social and environmental factors – including poverty, violence, inequality and environmental deprivation – also increase the risk of experiencing mental health conditions. Risks can emerge at any stage of life, but those occurring during sensitive developmental periods, especially early childhood, are particularly harmful. For example, harsh parenting and physical punishment can damage child health and bullying is a leading risk factor for mental health conditions. Protective factors similarly occur throughout our lives and help build resilience. They include individual social and emotional skills, positive social interactions, access to quality education, decent work, safe neighbourhoods and strong community ties. Mental health risks and protective factors can be found at different scales. Local challenges affect individuals, families and communities, while global threats – such as economic downturns, disease outbreaks, humanitarian emergencies, forced displacement and climate change – impact entire populations. No single factor can reliably predict mental health outcomes. Many people exposed to risk factors never develop a mental health condition, while others may be affected without any known risk. However, the interplay of these determinants collectively shapes mental health over time.",https://www.who.int/news-room/fact-sheets/detail/mental-health-strengthening-our-response,clinical_guidelines,,,doc_0099,0
WHO,general,Mental health promotion and prevention,condition_info,"Promotion and prevention efforts aim to improve mental health by addressing individual, social and structural determinants of mental health. Interventions can be designed for individuals, specific groups or whole populations. Because many determinants lie outside the health sector, effective promotion and prevention programmes require cross-sector collaboration. Education, labour, justice, transport, environment, housing, and welfare sectors all have vital roles. The health sector can contribute by embedding promotion and prevention into its services and by leading or supporting multisectoral coordination. Suicide prevention is a global priority and part of the Sustainable Development Goals. Key strategies include limiting access to means, promoting responsible media reporting, supporting social and emotional learning for adolescents, and ensuring early intervention. Banning highly hazardous pesticides is a particularly inexpensive and cost–effective intervention for reducing suicide rates. Promoting child and adolescent mental health is another priority. Effective approaches include policies and laws that protect mental health, support for caregivers, school-based programmes and improvements to community and online environments. Among these, school-based social and emotional learning programmes are especially effective across all income levels. Mental health at work is a growing area of interest and can be supported through legislation and regulation, workplace policies, manager training and targeted interventions for workers.",https://www.who.int/news-room/fact-sheets/detail/mental-health-strengthening-our-response,clinical_guidelines,,,doc_0100,0
WHO,general,Mental health care and treatment,condition_info,"National efforts to strengthen mental health must focus not only on promoting mental well-being for all, but also on addressing the needs of people with mental health conditions. This is best achieved through community-based mental health care, which is more accessible and acceptable than institutional care, helps prevent human rights violations, and delivers better recovery outcomes. Such care should be provided through a coordinated network of services that comprise: integrated mental health services within general health care, typically in general hospitals and through task-sharing with non-specialist care providers in primary health care; dedicated community mental health services, such as community mental health centres and teams, psychosocial rehabilitation, peer support and supported living; and mental health support in non-health settings, including child protection services, school health programmes, and prisons. The vast care gap for common mental health conditions such as depression and anxiety means countries must also explore innovative approaches to expand and diversify care. These include non-specialist psychological interventions and digital self-help tools, which can be scaled efficiently and affordably.",https://www.who.int/news-room/fact-sheets/detail/mental-health-strengthening-our-response,clinical_guidelines,,,doc_0101,0
WHO,general,WHO response,condition_info,"All WHO Member States have committed to the Comprehensive mental health action plan 2013–2030, which aims to improve mental health through four key strategies focused on leadership, community-based care, promotion and prevention, and data. WHO’s latest analysis of country performance against the action plan, Mental health atlas 2024 , showed that progress towards the agreed targets remains insufficient. To accelerate action, WHO’s World mental health report: transforming mental health for all urges countries to focus on three transformative pathways: deepen the value given to mental health by individuals, communities and governments, backed by meaningful engagement and investment across sectors; reshape environments – in homes, schools, workplaces and communities – to better protect mental health and prevent mental health conditions; and strengthen mental health care by building community-based networks of accessible, affordable and quality services and supports that meet the full spectrum of needs. WHO places strong emphasis on human rights, empowering people with lived experience, and fostering multisectoral collaboration. WHO continues to work nationally and internationally – including in humanitarian settings – to provide strategic leadership, evidence, tools and technical support to help governments and partners drive a collective transformation towards better mental health for all.",https://www.who.int/news-room/fact-sheets/detail/mental-health-strengthening-our-response,clinical_guidelines,,,doc_0102,0
WHO,crisis,Key facts,crisis,"More than 720 000 people die due to suicide every year. Suicide is the third leading cause of death among 15–29-year-olds. Seventy-three per cent of global suicides occur in low- and middle-income countries. The reasons for suicide are multi-faceted, influenced by social, cultural, biological, psychological, and environmental factors present across the life-course. For every suicide there are many more people who attempt suicide. A prior suicide attempt is an important risk factor for suicide in the general population.",https://www.who.int/news-room/fact-sheets/detail/suicide,clinical_guidelines,,,doc_0103,0
WHO,crisis,Overview,crisis,"Every year 727 000 people take their own life and there are many more people who make suicide attempts. Every suicide is a tragedy that affects families, communities and entire countries and has long-lasting effects on the people left behind. Suicide occurs throughout the lifespan and was the third leading cause of death among 15–29-year-olds globally in 2021. Suicide does not just occur in high-income countries but is a global phenomenon in all regions of the world. In fact, close to three quarters (73%) of global suicides occurred in low- and middle-income countries in 2021. Suicide is a serious public health problem that requires a public health response. With timely, evidence-based and often low-cost interventions, suicides can be prevented. For national responses to be effective, a comprehensive multisectoral suicide prevention strategy is needed.",https://www.who.int/news-room/fact-sheets/detail/suicide,clinical_guidelines,,,doc_0104,0
WHO,crisis,Who is at risk?,crisis,"The link between suicide and mental disorders (in particular, depression and alcohol use disorders) and a previous suicide attempt is well established in high-income countries. However, many suicides happen impulsively in moments of crisis with a breakdown in the ability to deal with life stresses, such as financial problems, relationship disputes, or chronic pain and illness. In addition, experiencing conflict, disaster, violence, abuse or loss and a sense of isolation are strongly associated with suicidal behaviour. Suicide rates are also high among vulnerable groups who experience discrimination, such as refugees and migrants; indigenous peoples; lesbian, gay, bisexual, transgender, intersex (LGBTI) persons; and prisoners.",https://www.who.int/news-room/fact-sheets/detail/suicide,clinical_guidelines,,,doc_0105,0
WHO,crisis,Prevention and control,crisis,"There are several measures that can be taken at population, sub-population and individual levels to prevent suicide and self-harm. LIVE LIFE, WHO’s initiative for suicide prevention, recommends the following key effective evidence-based interventions: limit access to the means of suicide (e.g. pesticides, firearms, certain medications); interact with the media for responsible reporting of suicide; early identify, assess, manage and follow up anyone who is affected by suicidal behaviours. These need to go hand-in-hand with the following foundational pillars: situation analysis, multisectoral collaboration, awareness raising, capacity building, financing, surveillance and monitoring and evaluation. Suicide prevention efforts require coordination and collaboration among multiple sectors of society, including the health sector and other sectors such as education, labour, agriculture, business, justice, law, defence, politics and the media. These efforts must be comprehensive and integrated given the multifaceted nature of suicide.",https://www.who.int/news-room/fact-sheets/detail/suicide,clinical_guidelines,,,doc_0106,0
WHO,crisis,Stigma and taboo,crisis,"Stigma, particularly surrounding mental disorders and suicide, means many people thinking of taking their own life or who have attempted suicide are not seeking help and are therefore not getting the help they need. The prevention of suicide has not been adequately addressed due to a lack of awareness of suicide as a major public health problem and the taboo in many societies to openly discuss it. To date, only a few countries have included suicide prevention among their health priorities and only 38 countries report having a national suicide prevention strategy. Raising community awareness and breaking down the taboo is important for countries to make progress in preventing suicide.",https://www.who.int/news-room/fact-sheets/detail/suicide,clinical_guidelines,,,doc_0107,0
WHO,crisis,Data quality,crisis,"Globally, the availability and quality of data on suicide and self-harm is poor. Only some 80 WHO Member States have good-quality vital registration data that can be used directly to estimate suicide rates. This problem of poor-quality mortality data is not unique to suicide, but given the stigma surrounding suicide – and the illegality of suicidal behaviour in some countries – it is likely that under-reporting and misclassification are greater problems for suicide than for most other causes of death. Improved surveillance and monitoring of suicide and self-harm are required for effective suicide prevention strategies. Cross-national differences in the patterns of suicide, and changes in the rates, characteristics and methods of suicide, highlight the need for each country to improve the comprehensiveness, quality and timeliness of their suicide-related data. This includes vital registration of suicide, hospital-based registries of self-harm and nationally representative surveys collecting information about self-reported self-harm.",https://www.who.int/news-room/fact-sheets/detail/suicide,clinical_guidelines,,,doc_0108,0
WHO,crisis,WHO response,crisis,"The urgency to act to prevent suicides has been recognized and prioritized at the highest levels. The reduction of the suicide rate is an indicator in the UN Sustainable Development Goals (the only indicator for mental health), WHO’s General Programme of Work and WHO’s Comprehensive Mental Health Action Plan 2013–2030. The first WHO world suicide report, Preventing suicide: a global imperative, published in 2014, aimed to increase the awareness of the public health significance of suicide and suicide attempts and to make suicide prevention a high priority on the global public health agenda. It also aimed to encourage and support countries to develop or strengthen comprehensive national suicide prevention strategies through a multisectoral public health approach. In 2021, WHO launched LIVE LIFE: an implementation guide for suicide prevention in countries. Accompanying resources to support the implementation of the four key LIVE LIFE interventions have also been published including the 2024 brochure on Preventing suicide by phasing out highly hazardous pesticides to support limiting access to means, Preventing suicide: a resource for media professionals, update 2023 to encourage responsible reporting of suicide, and the Helping Adolescents Thrive toolkit to foster socio-emotional life-skills among young people. At the health sector level, suicide/self-harm is one of the priority conditions in the WHO Mental Health Gap Action Programme (mhGAP), which provides evidence-based technical guidance to scale up service provision and care in countries for mental, neurological and substance use disorders. The mhGAP Intervention Guide (‎mhGAP-IG)‎ includes a specific module for suicide and self-harm to support early identification, assessment, management and follow-up. Through the LIVE LIFE initiative, governments are encouraged and supported to implement a suite of evidence-based interventions and foundational pillars for suicide prevention.",https://www.who.int/news-room/fact-sheets/detail/suicide,clinical_guidelines,,,doc_0109,0
WHO,schizophrenia,Key facts,condition_info,"Schizophrenia causes psychosis, is associated with considerable disability and may affect all areas of life, including personal, family, social, educational, and occupational functioning. Stigma, discrimination, and violation of human rights of people with schizophrenia are common. More than two out of three people with psychosis in the world do not receive specialist mental health care. A range of effective care options for people with schizophrenia exists and at least one in three people with schizophrenia will be able to fully recover.",https://www.who.int/news-room/fact-sheets/detail/schizophrenia,clinical_guidelines,,,doc_0110,0
WHO,schizophrenia,Symptoms,condition_info,"Schizophrenia is characterised by significant impairments in the way reality is perceived and changes in behaviour related to: persistent delusions: the person has fixed beliefs that something is true, despite evidence to the contrary; persistent hallucinations: the person may hear, smell, see, touch, or feel things that are not there; experiences of influence, control or passivity: the experience that one’s feelings, impulses, actions, or thoughts are not generated by oneself, are being placed in one’s mind or withdrawn from one’s mind by others, or that one’s thoughts are being broadcast to others; disorganized thinking, which is often observed as jumbled or irrelevant speech; highly disorganised behaviour e.g. the person does things that appear bizarre or purposeless, or the person has unpredictable or inappropriate emotional responses that interfere with their ability to organise their behaviour; “negative symptoms” such as very limited speech, restricted experience and expression of emotions, inability to experience interest or pleasure, and social withdrawal; and/or extreme agitation or slowing of movements, maintenance of unusual postures. People with schizophrenia often also experience persistent difficulties with their cognitive or thinking skills, such as memory, attention, and problem-solving. At least one third of people with schizophrenia experiences complete remission of symptoms (1). Some people with schizophrenia experience worsening and remission of symptoms periodically throughout their lives, others a gradual worsening of symptoms over time.",https://www.who.int/news-room/fact-sheets/detail/schizophrenia,clinical_guidelines,,,doc_0111,0
WHO,schizophrenia,Magnitude and impact,condition_info,"Schizophrenia affects approximately 23 million people or 1 in 345 people (0.29%) worldwide. The rate is 1 in 233 people (0.43%) among adults (2). It is not as common as many other mental disorders. Onset is most often during late adolescence and the twenties, and onset tends to happen earlier among men than among women. Schizophrenia is frequently associated with significant distress and impairment in personal, family, social, educational, occupational, and other important areas of life. People with schizophrenia die nine years earlier than the general population (3). This is often due to physical illnesses, such as cardiovascular, metabolic, and infectious diseases. People with schizophrenia often experience human rights violations both inside mental health institutions and in community settings. Stigma against people with this condition is intense and widespread, causing social exclusion, and impacting their relationships with others, including family and friends. This contributes to discrimination, which in turn can limit access to general health care, education, housing, and employment. During humanitarian and public health emergencies, extreme stress and fear, breakdown of social supports, isolation and disruption of health-care services and supply of medication can occur. These changes can have an impact on the lives of people with schizophrenia, such as exacerbation of existing symptoms. During emergencies, people with schizophrenia are more vulnerable than others to various human rights violations, including neglect, abandonment, homelessness, abuse and exclusion.",https://www.who.int/news-room/fact-sheets/detail/schizophrenia,clinical_guidelines,,,doc_0112,0
WHO,schizophrenia,Causes of schizophrenia,condition_info,Research has not identified one single cause of schizophrenia. It is thought that an interaction between genes and a range of environmental factors may cause schizophrenia. Psychosocial factors may also affect the onset and course of schizophrenia. Heavy use of cannabis is associated with an elevated risk of the disorder.,https://www.who.int/news-room/fact-sheets/detail/schizophrenia,clinical_guidelines,,,doc_0113,0
WHO,schizophrenia,Services,condition_info,"Currently, the vast majority of people with schizophrenia around the world are not receiving mental health care. Approximately 50% of people in mental hospitals have a schizophrenia diagnosis (4). Only 29% of people with psychosis receive specialist mental health care (5). Most resources for mental health services are inefficiently spent on care within mental hospitals. There is clear evidence that mental hospitals are not effective in providing the care that people with mental health conditions need and, regularly, violate the basic human rights of persons with schizophrenia. Efforts to transfer care from mental health institutions to the community need to be expanded and accelerated. Such efforts start with the development of a range of quality community-based mental health services. Options for community-based mental health care include integration in primary health and general hospital care, community mental health centres, day centres, supported housing, and outreach services for home-based support. The engagement of the person with schizophrenia, family members and the wider community in providing support is important.",https://www.who.int/news-room/fact-sheets/detail/schizophrenia,clinical_guidelines,,,doc_0114,0
WHO,schizophrenia,Management and support,condition_info,"A range of effective care options for people with schizophrenia exist, and these include medication, psychoeducation, family interventions, cognitive-behavioural therapy and psychosocial rehabilitation (e.g. life skills training). Facilitated assisted living, supported housing and supported employment are essential care options that should be available for people with schizophrenia. A recovery-oriented approach – giving people agency in treatment decisions – is essential for people with schizophrenia and for their families and/or caregivers as well.",https://www.who.int/news-room/fact-sheets/detail/schizophrenia,clinical_guidelines,,,doc_0115,0
WHO,schizophrenia,WHO response,condition_info,"WHO’s Comprehensive Mental Health Action Plan 2013-2030 highlights the steps required to provide appropriate services for people with mental disorders including schizophrenia. A key recommendation of the Action Plan is to shift services from institutions to the community. The WHO Special Initiative for Mental Health aims to further progress towards objectives of the Comprehensive Mental Health Action Plan 2013-2030 by ensuring 100 million more people have access to quality and affordable care for mental health conditions. WHO's Mental Health Gap Action Programme (mhGAP) uses evidence-based technical guidance, tools and training packages to expand service in countries, especially in resource-poor settings. It focuses on a prioritized set of conditions, including psychosis, directing capacity building towards non-specialized health-care providers in an integrated approach that promotes mental health at all levels of care. Currently mhGAP is being implemented in more than 100 WHO Member States. The WHO QualityRights Project involves improving the quality of care and human rights conditions in mental health and social care facilities and to empower organizations to advocate for the health of people with mental health conditions and psychosocial disabilities. The WHO guidance on community mental health services and person-centred and rights-based approaches provides information and support to all stakeholders who wish to develop or transform their mental health system and services to align with international human rights standards including the UN Convention on the Rights of Persons with Disabilities.",https://www.who.int/news-room/fact-sheets/detail/schizophrenia,clinical_guidelines,,,doc_0116,0
WHO,bipolar,Key facts,condition_info,"Bipolar disorder is a mental health condition that affects a person’s mood, energy, activity and thought and is characterized by manic (or hypomanic) and depressive episodes. An estimated 1 in 200 (or 37 million) people live with bipolar disorder worldwide. Bipolar disorder is associated with significant disability and difficulties in many areas of life. Many people with bipolar disorder are misdiagnosed or untreated and experience discrimination and stigma. There are a range of effective care options, which combine medicines and psychosocial interventions to help people with bipolar disorder stay well.",https://www.who.int/news-room/fact-sheets/detail/bipolar-disorder,clinical_guidelines,,,doc_0117,0
WHO,bipolar,Overview,condition_info,"In 2021, an estimated 37 million people (or 0.5% of the global population), including approximately 34 million adults, were living with bipolar disorder (1). The condition is primarily observed among working-age people, but also in youth. While the prevalence of bipolar disorder among men and women is approximately equal, available data indicate that women are more often diagnosed. Worldwide, the treatment coverage for people with bipolar disorder is low. Both men and women are often misdiagnosed. Many lack access to services and recommended interventions, especially in low- and middle-income countries (LMICs). Stigma and discrimination against people with bipolar disorder are widespread, both in communities and health services. This can undermine access to health care. It also fuels social exclusion and can limit opportunities for education, employment and housing. Bipolar disorder is one of the leading causes of disability globally as it can affect many areas of life. People with bipolar disorder may experience strained relationships, problems at school or work, and difficulties in carrying out daily activities. Having bipolar disorder also increases the risk of suicide and of developing anxiety and substance use disorders. People with bipolar disorder are more likely to smoke, use alcohol, have a physical health condition (e.g. cardiovascular or respiratory disease), and experience difficulties in accessing health care. On average, people with bipolar disorder die on average 13 years earlier than the general population (2).",https://www.who.int/news-room/fact-sheets/detail/bipolar-disorder,clinical_guidelines,,,doc_0118,0
WHO,bipolar,Symptoms and patterns,condition_info,"Bipolar disorder is a mental health condition characterized by mood swings from one extreme to another. During a manic episode, a person experiences an extremely high mood with lots of energy (feeling very happy, excited, overactive). They may have a sense of euphoria, sudden shifts in mood or an excess of emotion (uncontrollable laughing or feeling much more irritable, agitated or restless than usual). In manic episodes, the changes in mood and activities are accompanied by other characteristic symptoms, which may include: talking quickly and rapidly shifting from one idea to the next; reckless or risk-taking behaviour, for example overspending, risky sexual activity, drinking, or harming oneself or others; and fixed and mistaken grandiose or persecutory beliefs in something untrue (e.g. “I am a very famous person”, “My neighbour is spying on me”). On the contrary, during a depressive episode, a person experiences a depressed mood (feeling sad, irritable, empty). They may feel a loss of interest or pleasure in activities that they had previously enjoyed. Other symptoms are also present, which may include: A depressive episode is different from mood fluctuations commonly experienced by most people, in that the symptoms last most of the day, nearly every day, for at least two weeks. Both manic and depressive episodes can cause significant difficulties in all aspects of life, including at home, work and school. They may require specialized care to prevent the person from doing harm to themselves or others. Some people with bipolar disorder may experience what are called hypomanic episodes. Hypomanic episodes involve similar symptoms to manic episodes, but the symptoms are less intense and do not typically disrupt the person’s ability to function to the same extent. There are two main types of bipolar disorder, depending on patterns of manic or hypomanic and depressive episodes. People with bipolar type I disorder experience one or more manic episodes interspaced with episodes of depression which usually become more common over time (compared with manic episodes). People with bipolar type II disorder have had one or more hypomanic episodes and at least one depressive episode, but no history of manic episodes.",https://www.who.int/news-room/fact-sheets/detail/bipolar-disorder,clinical_guidelines,,,doc_0119,0
WHO,bipolar,Risks and protective factors,condition_info,"The exact cause of bipolar disorder is unknown. Several factors – including biological (e.g. genetic), psychological, social and structural factors – may contribute to its onset, trajectory and outcomes. Adverse circumstances or life-altering events can trigger or exacerbate the symptoms of bipolar disorder. These may include bereavement, violence or the breakdown of a relationship. The use of alcohol or drugs can also influence the onset and trajectory of bipolar disorder. Although employment can be a source of stress for people living with bipolar disorder, it can also be protective. Under good working conditions, and when supported at their workplace with reasonable adjustments, employment can promote recovery by improving functioning, reducing symptoms and leading to a higher quality of life and improved self-esteem.",https://www.who.int/news-room/fact-sheets/detail/bipolar-disorder,clinical_guidelines,,,doc_0120,0
WHO,bipolar,Treatment and care,condition_info,"Even though symptoms often recur, recovery is possible. With appropriate care, people with bipolar disorder can cope with their symptoms and live meaningful and productive lives. There are a range of effective treatment options, typically a mix of medicines and psychological and psychosocial interventions. Medicines are considered essential for treatment, but themselves are usually insufficient to achieve full recovery. People with bipolar disorder should be treated with respect and dignity and should be meaningfully involved in care choices, including through shared decision-making regarding treatment and care, balancing effectiveness, side-effects and individual preferences.",https://www.who.int/news-room/fact-sheets/detail/bipolar-disorder,clinical_guidelines,,,doc_0121,0
WHO,bipolar,Medicines,condition_info,"People with bipolar disorder need treatment and care across acute episodes of mania and depression and when indicated, longer-term treatment to prevent relapse. Mood stabilizers (such as lithium, valproate) and antipsychotics are proven to help manage acute mania. Lithium prescription requires clinical and laboratory monitoring. Girls and women who are pregnant, breastfeeding or have childbearing potential should not use valproate. Lithium and carbamazepine also need to be avoided during pregnancy and breastfeeding whenever possible. Antidepressants should not be taken during a manic episode and they may be combined with mood stabilizers or antipsychotics during episodes of depression. Some medicines for bipolar disorder can make people feel sleepy, have involuntary muscle spasms or tremors, or experience metabolic changes (e.g. involving weight gain). These side effects can affect adherence to treatment and should be monitored and managed. Adults with bipolar disorder who are in complete remission (no symptoms) usually need to continue with mood stabilizers or antipsychotic medicines for at least six months. Those experiencing multiple episodes of mania and depression will usually require longer-term treatment to minimize relapses.",https://www.who.int/news-room/fact-sheets/detail/bipolar-disorder,clinical_guidelines,,,doc_0122,0
WHO,bipolar,Psychological and psychosocial interventions,condition_info,"People with bipolar disorder can benefit from lifestyle changes involving regular sleep, physical activity, a healthy diet, reduction of stressors, and mood monitoring. Psychological interventions (e.g. cognitive behavioural therapy, interpersonal therapy, psychoeducation) can effectively reduce depressive symptoms and the possibility of them coming back. Family psychoeducation can also help families understand and support their loved one better. Support from family and friends is very important. Support groups – where people can receive encouragement, learn coping skills, and share experiences – can be helpful to people with bipolar disorder and their families. Recovery-oriented psychosocial interventions include supported employment, supported housing, peer support, and social and life skills training. They serve to promote hope and to support the autonomy, personal empowerment and social inclusion of people with bipolar disorder. Medicines and psychological or psychosocial interventions should be tailored to the needs of the person and combined for best outcomes.",https://www.who.int/news-room/fact-sheets/detail/bipolar-disorder,clinical_guidelines,,,doc_0123,0
WHO,bipolar,WHO response,condition_info,"The Comprehensive mental health action plan 2013-2030 highlights the steps needed to provide appropriate services for people with mental health conditions, including bipolar disorder. The WHO Special Initiative for Mental Health aims to further progress towards the plan’s objectives by ensuring 100 million more people can access quality and affordable care for mental health conditions. WHO's Mental Health Gap Action Programme (mhGAP), which is being implemented in more than 100 countries, provides evidence-based technical guidance, tools and training packages to build capacities and expand treatment coverage for a set of priority conditions, including bipolar disorder, in non-specialized settings in LMICs. WHO’s guidelines on Management of physical health conditions in adults with severe mental disorders provide evidence-based recommendations to practitioners on how to recognize and manage comorbid physical and mental health conditions, including bipolar disorder. WHO’s QualityRights initiative aims to improve the quality of care and human rights standards in mental health and social care facilities and to empower organizations to advocate for the health of people with mental health conditions, including bipolar disorder. The Guidance on community mental health services and person-centred and rights-based approaches describes what person-centred and human rights-based approaches look like in mental health, and give examples of good practice services. (1) 2021 Global Burden of Disease (GBD) [online database]. Seattle: Institute for Health Metrics and Evaluation; 2024 (https://vizhub.healthdata.org/gbd-results/, accessed 13 August 2025). (2) Chan JKN, Tong CHY, Wong CSM, Chen EYH, Chang WC. Life expectancy and years of potential life lost in bipolar disorder: systematic review and meta-analysis. Br J Psychiatry. 2022;221(3):567–76 (https://doi.org/10.1192/bjp.2022.19).",https://www.who.int/news-room/fact-sheets/detail/bipolar-disorder,clinical_guidelines,,,doc_0124,0
WHO,general,Key facts,condition_info,"Nearly 1 in 7 people in the world live with a mental disorder. Mental disorders can severely disrupt daily life and cause long-term suffering if left untreated. There are many different types of mental disorders. Most people do not have access to effective care. A mental disorder is characterized by a clinically significant disturbance in an individual’s cognition, emotional regulation, or behaviour. It is usually associated with distress or impairment in important areas of functioning. There are many different types of mental disorders. Mental disorders may also be referred to as mental health conditions. The latter is a broader term covering mental disorders, psychosocial disabilities and (other) mental states associated with significant distress, impairment in functioning, or risk of self-harm. This fact sheet focuses on mental disorders as described by the International Classification of Diseases 11th Revision (ICD-11). In 2021, nearly 1 in every 7 people (1.1 billion) around the world were living with a mental disorder, with anxiety and depressive disorders the most common (1). While effective prevention and treatment options exist, most people with mental disorders do not have access to effective care. Many people also experience stigma, discrimination and violations of human rights.",https://www.who.int/news-room/fact-sheets/detail/mental-disorders,clinical_guidelines,,,doc_0125,0
WHO,general,Anxiety disorders,condition_info,"In 2021, 359 million people were living with an anxiety disorder including 72 million children and adolescents (1). Anxiety disorders are characterised by excessive fear and worry and related behavioural disturbances. Symptoms are severe enough to result in significant distress or significant impairment in functioning. There are several different kinds of anxiety disorders, such as: generalized anxiety disorder (characterised by excessive worry), panic disorder (characterised by panic attacks), social anxiety disorder (characterised by excessive fear and worry in social situations), separation anxiety disorder (characterised by excessive fear or anxiety about separation from those individuals to whom the person has a deep emotional bond), and others. Effective psychological treatment exists, and depending on the age and severity, medication may also be considered.",https://www.who.int/news-room/fact-sheets/detail/mental-disorders,clinical_guidelines,,,doc_0126,0
WHO,general,Depression,condition_info,"In 2019, 280 million people were living with depression, including 23 million children and adolescents (1). Depression is different from usual mood fluctuations and short-lived emotional responses to challenges in everyday life. During a depressive episode, the person experiences depressed mood (feeling sad, irritable, empty) or a loss of pleasure or interest in activities, for most of the day, nearly every day, for at least two weeks. Several other symptoms are also present, which may include poor concentration, feelings of excessive guilt or low self-worth, hopelessness about the future, thoughts about dying or suicide, disrupted sleep, changes in appetite or weight, and feeling especially tired or low in energy. People with depression are at an increased risk of suicide. Yet, effective psychological treatment exists, and depending on the age and severity, medication may also be considered.",https://www.who.int/news-room/fact-sheets/detail/mental-disorders,clinical_guidelines,,,doc_0127,0
WHO,general,Bipolar disorder,condition_info,"In 2021, 37 million people experienced bipolar disorder, including 3.8 milion adolescents aged 10–19 years (1). People with bipolar disorder experience alternating depressive episodes with periods of manic symptoms. During a depressive episode, the person experiences depressed mood (feeling sad, irritable, empty) or a loss of pleasure or interest in activities, for most of the day, nearly every day. Manic symptoms may include euphoria or irritability, increased activity or energy, and other symptoms such as increased talkativeness, racing thoughts, increased self-esteem, decreased need for sleep, distractibility, and impulsive reckless behaviour. People with bipolar disorder are at an increased risk of suicide. Yet effective treatment options exist including psychoeducation, reduction of stress and strengthening of social functioning, and medication.",https://www.who.int/news-room/fact-sheets/detail/mental-disorders,clinical_guidelines,,,doc_0128,0
WHO,general,Post-Traumatic Stress Disorder (PTSD),condition_info,"PTSD may develop following exposure to an extremely threatening or horrific event or series of events. It is characterised by all of the following: 1) re-experiencing the traumatic event or events in the present (intrusive memories, flashbacks, or nightmares); 2) avoidance of thoughts and memories of the event(s), or avoidance of activities, situations, or people reminiscent of the event(s); and 3) persistent perceptions of heightened current threat. These symptoms persist for at least several weeks and cause significant impairment in functioning. Effective psychological treatment exists.",https://www.who.int/news-room/fact-sheets/detail/mental-disorders,clinical_guidelines,,,doc_0129,0
WHO,general,Schizophrenia,condition_info,"Schizophrenia affects approximately 23 million people or 1 in 345 people worldwide (1). People with schizophrenia have a life expectancy nine years below that of the general population (2). Schizophrenia is characterised by significant impairments in perception and changes in behaviour. Symptoms may include persistent delusions, hallucinations, disorganised thinking, highly disorganised behaviour, or extreme agitation. People with schizophrenia may experience persistent difficulties with their cognitive functioning. Yet, a range of effective treatment options exist, including medication, psychoeducation, family interventions, and psychosocial rehabilitation.",https://www.who.int/news-room/fact-sheets/detail/mental-disorders,clinical_guidelines,,,doc_0130,0
WHO,general,Eating disorders,condition_info,"In 2021, 16 million people experienced eating disorders including almost 3.4 million children and adolescents (1). Eating disorders, such as anorexia nervosa and bulimia nervosa, involve abnormal eating and preoccupation with food as well as prominent body weight and shape concerns. The symptoms or behaviours result in significant risk or damage to health, significant distress, or significant impairment of functioning. Anorexia nervosa often has its onset during adolescence or early adulthood and is associated with premature death due to medical complications or suicide. Individuals with bulimia nervosa are at a significantly increased risk for substance use, suicidality, and health complications. Effective treatment options exist, including family-based treatment and cognitive-based therapy.",https://www.who.int/news-room/fact-sheets/detail/mental-disorders,clinical_guidelines,,,doc_0131,0
WHO,general,Disruptive behaviour and dissocial disorders,condition_info,"In 2021, 41 million people, including children and adolescents, were living with conduct-dissocial disorder (1). This disorder, also known as conduct disorder, is one of two disruptive behaviour and dissocial disorders, the other is oppositional defiant disorder. Disruptive behaviour and dissocial disorders are characterised by persistent behaviour problems such as persistently defiant or disobedient to behaviours that persistently violate the basic rights of others or major age-appropriate societal norms, rules, or laws. Onset of disruptive and dissocial disorders, is commonly, though not always, during childhood. Effective psychological treatments exist, such as cognitive problem-solving and/or social skills training, and often involve parents, caregivers, and teachers.",https://www.who.int/news-room/fact-sheets/detail/mental-disorders,clinical_guidelines,,,doc_0132,0
WHO,general,Neurodevelopmental disorders,condition_info,"Neurodevelopmental disorders are behavioural and cognitive disorders, that arise during the developmental period, and involve significant difficulties in the acquisition and execution of specific intellectual, motor, language, or social functions. Neurodevelopmental disorders include disorders of intellectual development, autism spectrum disorder, and attention deficit hyperactivity disorder (ADHD) amongst others. ADHD is characterised by a persistent pattern of inattention and/or hyperactivity-impulsivity that has a direct negative impact on academic, occupational, or social functioning. Disorders of intellectual development are characterised by significant limitations in intellectual functioning and adaptive behaviour, which refers to difficulties with everyday conceptual, social, and practical skills that are performed in daily life. Autism spectrum disorder (ASD) constitutes a diverse group of conditions characterised by some degree of difficulty with social communication and reciprocal social interaction, as well as persistent restricted, repetitive, and inflexible patterns of behaviour, interests, or activities. Effective treatment options exist including psychosocial interventions, behavioural interventions, occupational and speech therapy. For certain diagnoses and age groups, medication may also be considered.",https://www.who.int/news-room/fact-sheets/detail/mental-disorders,clinical_guidelines,,,doc_0133,0
WHO,general,Risk factors,condition_info,"At any one time, a diverse set of individual, family, community, and structural factors may combine to protect or undermine mental health. Although most people are resilient, people who are exposed to adverse circumstances – including poverty, violence, disability, and inequality – are at higher risk. Protective and risk factors include individual psychological and biological factors, such as emotional skills as well as genetics. Many of the risk and protective factors are influenced through changes in brain structure and/or function.",https://www.who.int/news-room/fact-sheets/detail/mental-disorders,clinical_guidelines,,,doc_0134,0
WHO,general,Health systems and social support,condition_info,"Health systems have not yet adequately responded to the needs of people with mental disorders and are significantly under resourced. The gap between the need for treatment and its provision is wide all over the world; and is often poor in quality when delivered. For example, only 29% of people with psychosis (3) and only one third of people with depression receive formal mental health care (4). People with mental disorders also require social support, including support in developing and maintaining personal, family, and social relationships. People with mental disorders may also need support for educational programmes, employment, housing, and participation in other meaningful activities.",https://www.who.int/news-room/fact-sheets/detail/mental-disorders,clinical_guidelines,,,doc_0135,0
WHO,general,WHO response,condition_info,"WHO’s Comprehensive Mental Health Action Plan 2013–2030 recognizes the essential role of mental health in achieving health for all people. The plan includes four major objectives: to strengthen effective leadership and governance for mental health; to provide comprehensive, integrated and responsive mental health and social care services in community-based settings; to implement of strategies for promotion and prevention in mental health; and to strengthen information systems, evidence, and research for mental health. WHO's Mental Health Gap Action Programme (mhGAP) uses evidence-based technical guidance, tools and training packages to expand services in countries, especially in resource-poor settings. It focuses on a prioritized set of conditions, directing capacity building towards non-specialized health-care providers in an integrated approach that promotes mental health at all levels of care. The WHO mhGAP Intervention Guide 2.0 is part of this programme, and provides guidance for doctors, nurses, and other health workers in non-specialist health settings on assessment and management of mental disorders. 1) 2021 Global Burden of Disease (GBD) [online database]. Seattle: Institute for Health Metrics and Evaluation; 2024 (https://vizhub.healthdata.org/gbd-results/, accessed 13 August 2025). (2) Yung NCL, Wong CSM, Chan JKN, Chen EYH, Chang WC. Excess mortality and life-years lost in people with schizophrenia and other non-affective psychoses: an 11-year population-based cohort study. Schizophr Bull. 2021;47(2):474–84 (https://doi.org/10.1093/schbul/sbaa137). (3) Mental health atlas 2020. Geneva: World Health Organization; 2021 (https://iris.who.int/handle/10665/345946). Licence: CC BY-NC-SA 3.0 IGO. (4) Moitra M, Santomauro D, Collins PY, Vos T, Whiteford H, Saxena S, et al. The global gap in treatment coverage for major depressive disorder in 84 countries from 2000–2019: a systematic review and Bayesian meta-regression analysis. PLoS Med. 2022;19(2):e1003901. doi:10.1371/journal.pmed.1003901.",https://www.who.int/news-room/fact-sheets/detail/mental-disorders,clinical_guidelines,,,doc_0136,0
MedlinePlus,depression,What is depression?,condition_info,"Depression is more than a feeling of being sad or irritable for a few days. It's a serious mood disorder. As one of the most common mental disorders in the United States, depression can affect how you think, feel, and your everyday life. You may not know why you feel this way, but even basic daily activities such as sleeping, eating, or working may become difficult. Depression often needs long-term treatment but getting help at the earliest sign of a problem can help manage your symptoms.",https://medlineplus.gov/depression.html,clinical_guidelines,,,doc_0137,0
MedlinePlus,depression,What are the different types of depression?,condition_info,"The most common types of depression are major depression and persistent depressive disorder. Major depression symptoms include a depressed mood or a loss of interest. Symptoms affect your daily activities and last for at least two weeks. Persistent depressive disorder (also called dysthymia or dysthymic disorder) has less severe depressive symptoms, but they last longer, usually for at least two years. Seasonal affective disorder comes and goes with the seasons. It usually starts in late fall and early winter and goes away during the spring and summer. Bipolar disorder is sometimes called manic depression. This mood disorder can cause intense mood swings. Depression with symptoms of psychosis is a severe form of depression that also has delusions (false beliefs) or hallucinations (seeing, hearing, or feeling something that isn't there).",https://medlineplus.gov/depression.html,clinical_guidelines,,,doc_0138,0
MedlinePlus,depression,What causes depression?,condition_info,"There are a variety of things that may cause depression, including genetic, biological, environmental, and psychological factors. Depression can happen at any age and can affect anyone, but it's more common in women. This is often due to the physical and hormonal changes that women have during menstruation, pregnancy, the postpartum period, and menopause. Other mental disorders or chronic medical conditions such as diabetes, cancer, or heart disease may occur with depression. This may make the chronic condition or depression worse. In some cases, there is no clear cause for depression.",https://medlineplus.gov/depression.html,clinical_guidelines,,,doc_0139,0
MedlinePlus,depression,Who is at risk of depression?,condition_info,You may be at a higher risk of depression if you have a close relative who has it or another mental health disorder. Going through trauma or stressful life events may raise your risk even more.,https://medlineplus.gov/depression.html,clinical_guidelines,,,doc_0140,0
MedlinePlus,depression,What are the symptoms of depression?,condition_info,"Depression doesn't look the same on everyone. The type and number of symptoms of depression can vary and don't always appear like sadness. Depression may affect you differently based on your: Age. The symptoms of depression may be different in a child, who may appear more irritable than sad. Teens may act out or have excessive sleepiness. The symptoms for an older adult may not be as obvious as other age groups. Sex. Men often show symptoms and coping behaviors differently than women. Rather than sad, men may appear angry or irritable. Medical conditions. Some medicines and medical conditions may cause symptoms that look like depression. Chronic conditions may make depression worse. Symptoms of depression are ongoing and affect your day-to-day life. They can include: Overeating, or not wanting to eat at all Having aches and pains, headaches, cramps, or digestive problems",https://medlineplus.gov/depression.html,clinical_guidelines,,,doc_0141,0
MedlinePlus,depression,How is depression diagnosed?,condition_info,"If you think you have depression, talk to your health care provider or a mental health provider. To be diagnosed with depression, your provider may use many tools: A medical history will include asking about your symptoms and family history. To be diagnosed with depression, your symptoms must occur most of the day, nearly every day, for at least two weeks. One of the symptoms must be a depressed mood or a loss of interest in most activities. Medical tests may be done to rule out other medical conditions. Certain medicines and medical conditions (such as viruses or thyroid disorders) may cause symptoms like depression. A physical exam to make sure another issue isn't causing your symptoms. A mental health evaluation by your provider or a mental health provider.",https://medlineplus.gov/depression.html,clinical_guidelines,,,doc_0142,0
MedlinePlus,depression,What are the treatments for depression?,condition_info,"Depression may need long-term treatment. Most treatments include medicines and/or psychotherapy (talk therapy): Medicines such as antidepressants may help control your symptoms. You may need to try several medicines to find which works best for you. Medicine may take time to work and can have side effects. Don't stop taking your medicine without first talking with your provider. Contact your provider if you have any concerns about side effects from the medicine. Psychotherapy (talk therapy) under the care of a mental health provider can help you recognize and change troubling emotions, thoughts, and behaviors. This may be done one-on-one or in a group setting. It can give you and your family support, education, skills, and coping strategies. Light therapy has been shown to be effective for seasonal affective disorder (SAD). Other treatments options may be considered if treatment isn't working or if depression is severe. These may include: Electroconvulsive therapy (ECT) is a brain stimulation procedure that uses a mild electric current when you are under general anesthesia. ECT is most often used for severe depression that is not getting better with other treatments. Repetitive transcranial magnetic stimulation (rTMS) is a brain stimulation procedure that uses magnetic waves to relieve depression. It's not as powerful as ECT, but with rTMS, you don't need anesthesia. It also has a low risk of negative effects on your memory and thinking. Electroconvulsive therapy (ECT) is a brain stimulation procedure that uses a mild electric current when you are under general anesthesia. ECT is most often used for severe depression that is not getting better with other treatments. Repetitive transcranial magnetic stimulation (rTMS) is a brain stimulation procedure that uses magnetic waves to relieve depression. It's not as powerful as ECT, but with rTMS, you don't need anesthesia. It also has a low risk of negative effects on your memory and thinking.",https://medlineplus.gov/depression.html,clinical_guidelines,,,doc_0143,0
MedlinePlus,depression,Can depression be prevented?,condition_info,"Most cases of depression can't be prevented, but healthy lifestyle changes can have long-term benefits for your mental health. These can include: If you, or someone you love is depressed, see your provider or a mental health provider. It's important to get treatment at the earliest sign of a problem. If you or someone you know has thoughts of hurting themselves or attempting suicide, get help right away. If it is an emergency, dial 911.",https://medlineplus.gov/depression.html,clinical_guidelines,,,doc_0144,0
MedlinePlus,depression,Treatments and Therapies,condition_info,8 Things To Know about Depression and Complementary Health Approaches (National Center for Complementary and Integrative Health) Antidepressants: MedlinePlus Health Topic (National Library of Medicine) Also in Spanish Brain Stimulation Therapies (National Institute of Mental Health) Depression Treatment (Centers for Disease Control and Prevention) Know Your Treatment Options (University of Michigan Depression Center) Psychedelic and Dissociative Drugs as Medicines (National Institute on Drug Abuse) Also in Spanish St. John's Wort and Depression (National Center for Complementary and Integrative Health) When Sadness Lingers: Understanding and Treating Depression (National Institutes of Health) Also in Spanish,https://medlineplus.gov/depression.html,clinical_guidelines,,,doc_0145,0
MedlinePlus,depression,Living With,condition_info,Coping at Work (University of Michigan Depression Center) Depression and Anxiety: Exercise Eases Symptoms (Mayo Foundation for Medical Education and Research) Also in Spanish Depression: Coping with Suicidal Thoughts (American Academy of Family Physicians) Depression: Supporting a Family Member or Friend (Mayo Foundation for Medical Education and Research) Also in Spanish Metabolic Side Effects of Psychiatric Medications (American Association of Psychiatric Pharmacists) - PDF What to Know Before Stopping Medications (Medication Discontinuation) (American Association of Psychiatric Pharmacists) - PDF,https://medlineplus.gov/depression.html,clinical_guidelines,,,doc_0146,0
MedlinePlus,depression,Specifics,condition_info,Clinical Depression: What Does That Mean? (Mayo Foundation for Medical Education and Research) Also in Spanish Depression and Caregiving (Family Caregiver Alliance) Also in Spanish Managing Your Mental Health with Lupus (Lupus Foundation of America) Treatment-Resistant Depression (Mayo Foundation for Medical Education and Research) Also in Spanish,https://medlineplus.gov/depression.html,clinical_guidelines,,,doc_0147,0
MedlinePlus,depression,Find an Expert,condition_info,FindTreatment.gov (Substance Abuse and Mental Health Services Administration) Also in Spanish Help for Mental Illnesses (National Institute of Mental Health) Also in Spanish National Institute of Mental Health Also in Spanish,https://medlineplus.gov/depression.html,clinical_guidelines,,,doc_0148,0
MedlinePlus,depression,Children,condition_info,Anxiety and Depression in Children (Centers for Disease Control and Prevention) Also in Spanish Taking Your Child to a Therapist (Nemours Foundation) Also in Spanish What to Do When You Feel Sad (Nemours Foundation) Also in Spanish,https://medlineplus.gov/depression.html,clinical_guidelines,,,doc_0149,0
MedlinePlus,depression,Women,condition_info,"Depression (Department of Health and Human Services, Office on Women's Health) Also in Spanish Depression and Pregnancy (Organization of Teratology Information Specialists) Also in Spanish Depression in Women: 4 Things to Know (National Institute of Mental Health) Also in Spanish Depression in Women: Understanding the Gender Gap (Mayo Foundation for Medical Education and Research) Also in Spanish",https://medlineplus.gov/depression.html,clinical_guidelines,,,doc_0150,0
MedlinePlus,depression,Older Adults,condition_info,Depression and Aging (Centers for Disease Control and Prevention) Depression and Older Adults (National Institute on Aging) Also in Spanish Easing Depression in Older Adults (National Institutes of Health) Also in Spanish,https://medlineplus.gov/depression.html,clinical_guidelines,,,doc_0151,0
MedlinePlus,depression,Patient Handouts,condition_info,Depression - stopping your medicines (Medical Encyclopedia) Also in Spanish Depression in older adults (Medical Encyclopedia) Also in Spanish Heart disease and depression (Medical Encyclopedia) Also in Spanish Learning about depression (Medical Encyclopedia) Also in Spanish Major depression with psychotic features (Medical Encyclopedia) Also in Spanish Vagus nerve stimulation (Medical Encyclopedia) Also in Spanish,https://medlineplus.gov/depression.html,clinical_guidelines,,,doc_0152,0
MedlinePlus,anxiety,What is anxiety?,condition_info,"Anxiety is a feeling of fear, dread, and uneasiness. It might cause you to sweat, feel restless and tense, and have a rapid heartbeat. It can be a normal reaction to stress. For example, you might feel anxious when faced with a difficult problem at work, before taking a test, or before making an important decision. It can help you to cope. The anxiety may give you a boost of energy or help you focus. But for people with anxiety disorders, the fear is not temporary and can be overwhelming.",https://medlineplus.gov/anxiety.html,clinical_guidelines,,,doc_0153,0
MedlinePlus,anxiety,What are anxiety disorders?,condition_info,"Anxiety disorders are conditions in which you have anxiety that does not go away and can get worse over time. The symptoms can interfere with daily activities such as job performance, schoolwork, and relationships.",https://medlineplus.gov/anxiety.html,clinical_guidelines,,,doc_0154,0
MedlinePlus,anxiety,What are the types of anxiety disorders?,condition_info,"There are several types of anxiety disorders, including: Generalized anxiety disorder (GAD). People with GAD worry about ordinary issues such as health, money, work, and family. But their worries are excessive, and they have them almost every day for at least 6 months. Panic disorder. People with panic disorder have panic attacks. These are sudden, repeated periods of intense fear when there is no danger. The attacks come on quickly and can last several minutes or more. Phobias. People with phobias have an intense fear of something that poses little or no actual danger. Their fear may be about spiders, flying, going to crowded places, or being in social situations (known as social anxiety).",https://medlineplus.gov/anxiety.html,clinical_guidelines,,,doc_0155,0
MedlinePlus,anxiety,Who is at risk for anxiety disorders?,condition_info,"The risk factors for the different types of anxiety disorders can vary. For example, GAD and phobias are more common in women, but social anxiety affects men and women equally. There are some general risk factors for all types of anxiety disorders, including: Certain personality traits, such as being shy or withdrawn when you are in new situations or meeting new people Family history of anxiety or other mental disorders Some physical health conditions, such as thyroid problems or arrhythmia",https://medlineplus.gov/anxiety.html,clinical_guidelines,,,doc_0156,0
MedlinePlus,anxiety,What are the symptoms of anxiety disorders?,condition_info,"The different types of anxiety disorders can have different symptoms. But they all have a combination of: Anxious thoughts or beliefs that are hard to control. They make you feel restless and tense and interfere with your daily life. They do not go away and can get worse over time. Physical symptoms, such as a pounding or rapid heartbeat, unexplained aches and pains, dizziness, and shortness of breath Changes in behavior, such as avoiding everyday activities you used to do Using caffeine, other substances, and certain medicines can make your symptoms worse.",https://medlineplus.gov/anxiety.html,clinical_guidelines,,,doc_0157,0
MedlinePlus,anxiety,How are anxiety disorders diagnosed?,condition_info,"To diagnose anxiety disorders, your health care provider will ask about your symptoms and medical history. You may also have a physical exam and lab tests to make sure that a different health problem is not the cause of your symptoms. If you don't have another health problem, you will get a psychological evaluation. Your provider may do it, or you may be referred to a mental health professional to get one.",https://medlineplus.gov/anxiety.html,clinical_guidelines,,,doc_0158,0
MedlinePlus,anxiety,What are the treatments for anxiety disorders?,condition_info,"The main treatments for anxiety disorders are psychotherapy (talk therapy), medicines, or both: Psychotherapy can help you recognize and change troubling emotions, thoughts, and behaviors. To be effective, it should focus on your specific anxieties and needs. There are many types; some of the types used for anxiety disorders include: Cognitive behavioral therapy (CBT), which teaches you different ways of thinking and behaving. It can help you change how you react to the things that cause you to feel fear and anxiety. It may include exposure therapy. This therapy focuses on having you confront your fears so that you will be able to do the things that you had been avoiding. Acceptance and commitment therapy may help with some anxiety disorders. It uses strategies such as mindfulness and goal setting to reduce discomfort and anxiety. Cognitive behavioral therapy (CBT), which teaches you different ways of thinking and behaving. It can help you change how you react to the things that cause you to feel fear and anxiety. It may include exposure therapy. This therapy focuses on having you confront your fears so that you will be able to do the things that you had been avoiding. Acceptance and commitment therapy may help with some anxiety disorders. It uses strategies such as mindfulness and goal setting to reduce discomfort and anxiety. Medicines to treat anxiety disorders include anti-anxiety medicines and certain antidepressants. Some types of medicines may work better for specific types of anxiety disorders. You should work closely with your provider to identify which medicine is best for you. You may need to try more than one medicine before you can find the right one. Support groups and stress management techniques may also be helpful.",https://medlineplus.gov/anxiety.html,clinical_guidelines,,,doc_0159,0
MedlinePlus,anxiety,Start Here,condition_info,"Anxiety Disorders (Department of Health and Human Services, Office on Women's Health) Also in Spanish Understanding Anxiety Disorders: When Panic, Fear, and Worries Overwhelm (National Institutes of Health) Also in Spanish",https://medlineplus.gov/anxiety.html,clinical_guidelines,,,doc_0160,0
MedlinePlus,anxiety,Treatments and Therapies,condition_info,Anxiety and Complementary Health Approaches (National Center for Complementary and Integrative Health) Beyond Worry: How Psychologists Help with Anxiety Disorders (American Psychological Association) Also in Spanish Herbal Treatment for Anxiety: Is It Effective? (Mayo Foundation for Medical Education and Research) Also in Spanish Mental Health Medications (National Institute of Mental Health),https://medlineplus.gov/anxiety.html,clinical_guidelines,,,doc_0161,0
MedlinePlus,anxiety,Living With,condition_info,Coping with Anxiety: Can Diet Make a Difference? (Mayo Foundation for Medical Education and Research) Also in Spanish Depression and Anxiety: Exercise Eases Symptoms (Mayo Foundation for Medical Education and Research) Also in Spanish How to Cope with Medical Test Anxiety (National Library of Medicine) Also in Spanish Metabolic Side Effects of Psychiatric Medications (American Association of Psychiatric Pharmacists) - PDF What to Know Before Stopping Medications (Medication Discontinuation) (American Association of Psychiatric Pharmacists) - PDF,https://medlineplus.gov/anxiety.html,clinical_guidelines,,,doc_0162,0
MedlinePlus,anxiety,Find an Expert,condition_info,Find Your Therapist (Anxiety and Depression Association of America) FindTreatment.gov (Substance Abuse and Mental Health Services Administration) Also in Spanish Help for Mental Illnesses (National Institute of Mental Health) Also in Spanish National Institute of Mental Health Also in Spanish,https://medlineplus.gov/anxiety.html,clinical_guidelines,,,doc_0163,0
MedlinePlus,anxiety,Children,condition_info,Childhood Fears and Worries (Nemours Foundation) Also in Spanish Helping Kids when They Worry (Nemours Foundation) Also in Spanish Helping Your Child Manage Anxiety (Nemours Foundation) Also in Spanish How Can I Worry Less? (Nemours Foundation) Also in Spanish,https://medlineplus.gov/anxiety.html,clinical_guidelines,,,doc_0164,0
MedlinePlus,anxiety,Patient Handouts,condition_info,Generalized anxiety disorder (Medical Encyclopedia) Also in Spanish Generalized anxiety disorder - self-care (Medical Encyclopedia) Also in Spanish Generalized anxiety disorder in children (Medical Encyclopedia) Also in Spanish Palliative care - fear and anxiety (Medical Encyclopedia) Also in Spanish Separation anxiety in children (Medical Encyclopedia) Also in Spanish Stress and your health (Medical Encyclopedia) Also in Spanish,https://medlineplus.gov/anxiety.html,clinical_guidelines,,,doc_0165,0
MedlinePlus,ptsd,What is post-traumatic stress disorder (PTSD)?,condition_info,"Post-traumatic stress disorder (PTSD) is a mental health disorder that some people develop after they experience or see a traumatic event. The traumatic event may be life-threatening, such as combat, a natural disaster, a car accident, or sexual assault. But sometimes the event is not necessarily a dangerous one. For example, the sudden, unexpected death of a loved one can also cause PTSD. It's normal to feel afraid during and after a traumatic situation. The fear triggers a ""fight-or-flight"" response. This is your body's way of helping to protect itself from possible harm. It causes changes in your body such as the release of certain hormones and increases in alertness, blood pressure, heart rate, and breathing. In time, most people recover from this naturally. But people with PTSD don't feel better. They feel stressed and frightened long after the trauma is over. In some cases, the PTSD symptoms may start later on. They might also come and go over time.",https://medlineplus.gov/posttraumaticstressdisorder.html,clinical_guidelines,,,doc_0166,0
MedlinePlus,ptsd,Who is more likely to develop post-traumatic stress disorder (PTSD)?,condition_info,"You can develop PTSD at any age. Many risk factors play a part in whether you will develop PTSD. They include: Your sex; women are more likely to develop PTSD Going through a traumatic event that lasts a long time Having little or no social support after the event Dealing with extra stress after the event, such as loss of a loved one, pain and injury, or loss of a job or home Having a history of mental illness or substance use",https://medlineplus.gov/posttraumaticstressdisorder.html,clinical_guidelines,,,doc_0167,0
MedlinePlus,ptsd,What are the symptoms of post-traumatic stress disorder (PTSD)?,condition_info,"There are four types of PTSD symptoms, but they may not be the same for everyone. Each person experiences symptoms in their own way. The types are: Re-experiencing symptoms, when something reminds you of the trauma and you feel that fear again. Examples include Flashbacks, which cause you to feel like you are going through the event again Nightmares Frightening thoughts Flashbacks, which cause you to feel like you are going through the event again Avoidance symptoms, when you try to avoid situations or people that trigger memories of the traumatic event. This may cause you to Stay away from places, events, or objects that are reminders of the traumatic experience. For example, if you were in a car accident, you might stop driving. Avoiding thoughts or feelings related to the traumatic event. For example, you might try to stay very busy to try to avoid thinking about what happened. Stay away from places, events, or objects that are reminders of the traumatic experience. For example, if you were in a car accident, you might stop driving. Avoiding thoughts or feelings related to the traumatic event. For example, you might try to stay very busy to try to avoid thinking about what happened. Arousal and reactivity symptoms, which may cause you to be jittery or be on the lookout for danger. They include Being easily startled Feeling tense or ""on edge"" Having difficulty sleeping Having angry outbursts Cognition and mood symptoms, which are negative changes in beliefs and feelings. They include Trouble remembering important things about the traumatic event Negative thoughts about yourself or the world Feeling blame and guilt No longer being interested in things you enjoyed Trouble concentrating Trouble remembering important things about the traumatic event No longer being interested in things you enjoyed The symptoms usually start soon after the traumatic event. But sometimes they may not appear until months or years later. They also may come and go over many years. If your symptoms last longer than four weeks, cause you great distress, or interfere with your work or home life, you might have PTSD.",https://medlineplus.gov/posttraumaticstressdisorder.html,clinical_guidelines,,,doc_0168,0
MedlinePlus,ptsd,How is post-traumatic stress disorder (PTSD) diagnosed?,condition_info,"A health care provider who has experience helping people with mental illnesses can diagnose PTSD. The provider will do a mental health screening and may also do a physical exam. To get a diagnosis of PTSD, you must have all of these symptoms for at least one month:",https://medlineplus.gov/posttraumaticstressdisorder.html,clinical_guidelines,,,doc_0169,0
MedlinePlus,ptsd,What are the treatments for post-traumatic stress disorder (PTSD)?,condition_info,"The main treatments for PTSD are talk therapy, medicines, or both. PTSD affects people differently, so a treatment that works for one person may not work for another. If you have PTSD, you need to work with a mental health professional to find the best treatment for your symptoms.: Talk therapy, or psychotherapy, can teach you about your symptoms. You will learn how to identify what triggers them and how to manage them. There are different types of talk therapy for PTSD. Medicines can help with the symptoms of PTSD. Antidepressants may help control symptoms such as sadness, worry, anger, and feeling numb inside. Other medicines can help with sleep problems and nightmares.",https://medlineplus.gov/posttraumaticstressdisorder.html,clinical_guidelines,,,doc_0170,0
MedlinePlus,ptsd,Can post-traumatic stress disorder (PTSD) be prevented?,condition_info,"There are certain factors that can help reduce the risk of developing PTSD. These are known as resilience factors, and they include: Seeking out support from other people, such as friends, family, or a support group Learning to feel good about your actions in the face of danger Having a coping strategy or a way of getting through the bad event and learning from it Being able to act and respond effectively despite feeling fear",https://medlineplus.gov/posttraumaticstressdisorder.html,clinical_guidelines,,,doc_0171,0
MedlinePlus,ptsd,Living With,condition_info,Coping Tips for Traumatic Events and Disasters (Substance Abuse and Mental Health Services Administration) Coping with Traumatic Events (National Institute of Mental Health) Coping with Traumatic Stress Reactions (National Center for PTSD) Also in Spanish,https://medlineplus.gov/posttraumaticstressdisorder.html,clinical_guidelines,,,doc_0172,0
MedlinePlus,ptsd,Related Issues,condition_info,"Abuse, Maltreatment and PTSD and Their Relationship to Migraine (American Migraine Foundation) Chronic Pain and PTSD (National Center for PTSD) Common Reactions After Trauma (National Center for PTSD) Also in Spanish Effects of PTSD on Family (National Center for PTSD) Also in Spanish PTSD and Problems with Alcohol Use (National Center for PTSD) Sleep Problems and PTSD (Department of Veterans Affairs)",https://medlineplus.gov/posttraumaticstressdisorder.html,clinical_guidelines,,,doc_0173,0
MedlinePlus,ptsd,Children,condition_info,Helping Your Child Heal after a Trauma (Nemours Foundation) Also in Spanish Posttraumatic Stress Disorder (PTSD) in Children (Nemours Foundation) Also in Spanish PTSD in Children and Teens (National Center for PTSD) Also in Spanish,https://medlineplus.gov/posttraumaticstressdisorder.html,clinical_guidelines,,,doc_0174,0
MedlinePlus,bipolar,What is bipolar disorder?,condition_info,"Bipolar disorder is a mood disorder that can cause intense mood swings: Sometimes you may feel extremely ""up,"" elated, irritable, or energized. This is called a manic episode. Other times you may feel ""down,"" sad, indifferent, or hopeless. This is called a depressive episode. You may have both manic and depressive symptoms together. This is called a mixed episode. Along with mood swings, bipolar disorder causes changes in behavior, energy levels, and activity levels. Bipolar disorder used to be called other names, including manic depression and manic-depressive disorder.",https://medlineplus.gov/bipolardisorder.html,clinical_guidelines,,,doc_0175,0
MedlinePlus,bipolar,What are the types of bipolar disorder?,condition_info,"There are three main types of bipolar disorder: Bipolar I disorder involves manic episodes that last at least 7 days or manic symptoms so severe that you need immediate hospital care. Depressive episodes are also common. Those often last at least two weeks. This type of bipolar disorder can also involve mixed episodes. Bipolar II disorder involves depressive episodes. But instead of full-blown manic episodes, there are episodes of hypomania. Hypomania is a less severe version of mania. Cyclothymic disorder, or cyclothymia, also involves hypomanic and depressive symptoms. But they are not as intense or as long-lasting as hypomanic or depressive episodes. The symptoms usually last for at least two years in adults and for one year in children and teenagers. With any of these types, having four or more episodes of mania or depression in a year is called ""rapid cycling.""",https://medlineplus.gov/bipolardisorder.html,clinical_guidelines,,,doc_0176,0
MedlinePlus,bipolar,Who is at risk for bipolar disorder?,condition_info,You are at higher risk for bipolar disorder if you have a close relative who has it. Going through trauma or stressful life events may raise this risk even more.,https://medlineplus.gov/bipolardisorder.html,clinical_guidelines,,,doc_0177,0
MedlinePlus,bipolar,What are the symptoms of bipolar disorder?,condition_info,"The symptoms of bipolar disorder can vary. But they involve mood swings known as mood episodes: The symptoms of a manic episode can include Feeling very up, high, or elated Feeling jumpy or wired, more active than usual Having a very short temper or seeming extremely irritable Having racing thoughts and talking very fast Needing less sleep Feeling like you are unusually important, talented, or powerful Do risky things that show poor judgment, such as eating and drinking too much, spending or giving away a lot of money, or having reckless sex Feeling jumpy or wired, more active than usual Having a very short temper or seeming extremely irritable Feeling like you are unusually important, talented, or powerful Do risky things that show poor judgment, such as eating and drinking too much, spending or giving away a lot of money, or having reckless sex The symptoms of a depressive episode can include Feeling very sad, hopeless, or worthless Feeling lonely or isolating yourself from others Talking very slowly, feeling like you have nothing to say, or forgetting a lot Having little energy Sleeping too much Eating too much or too little Lack of interest in your usual activities and being unable to do even simple things Thinking about death or suicide Talking very slowly, feeling like you have nothing to say, or forgetting a lot Lack of interest in your usual activities and being unable to do even simple things The symptoms of a mixed episode include both manic and depressive symptoms together. For example, you may feel very sad, empty, or hopeless, while at the same time feeling extremely energized. Some people with bipolar disorder may have milder symptoms. For example, you may have hypomania instead of mania. With hypomania, you may feel very good and find that you can get a lot done. You may not feel like anything is wrong. But your family and friends may notice your mood swings and changes in activity levels. They may realize that your behavior is unusual for you. After the hypomania, you might have severe depression. Your mood episodes may last a week or two or sometimes longer. During an episode, symptoms usually occur every day for most of the day.",https://medlineplus.gov/bipolardisorder.html,clinical_guidelines,,,doc_0178,0
MedlinePlus,bipolar,How is bipolar disorder diagnosed?,condition_info,"To diagnose bipolar disorder, your health care provider may use many tools: A medical history, which will include asking about your symptoms, lifetime history, experiences, and family history A mental health evaluation. Your provider may do the evaluation or may refer you to a mental health specialist to get one.",https://medlineplus.gov/bipolardisorder.html,clinical_guidelines,,,doc_0179,0
MedlinePlus,bipolar,What are the treatments for bipolar disorder?,condition_info,"Treatment can help many people, including those with the most severe forms of bipolar disorder. The main treatments for bipolar disorder include medicines, psychotherapy, or both: Medicines can help control the symptoms of bipolar disorder. You may need to try several different medicines to find which one works best for you. Some people need to take more than one medicine. It's important to take your medicine consistently. Don't stop taking it without first talking with your provider. Contact your provider if you have any concerns about side effects from the medicines. Psychotherapy (talk therapy) can help you recognize and change troubling emotions, thoughts, and behaviors. It can give you and your family support, education, skills, and coping strategies. There are several different types of psychotherapy that may help with bipolar disorder. Other treatment options include: Electroconvulsive therapy (ECT), a brain stimulation procedure that can help relieve symptoms. It uses a mild electric current and is done while you are under general anesthesia. ECT is most often used for severe bipolar disorder that is not getting better with other treatments. It may also be used when someone needs a treatment that will work more quickly than medicines. This might be when a person has a high risk of suicide or is catatonic (unresponsive). Repetitive transcranial magnetic stimulation (rTMS), a brain stimulation procedure that uses magnetic waves to relieve depression. It is not as powerful as ECT, but with rTMS, you don't need general anesthesia. It also has a low risk of negative effects on your memory and thinking. Light therapy has been shown to be effective for seasonal affective disorder (SAD). Many people with bipolar disorder also find that their depression gets worse during certain seasons, usually in the fall and winter. Light therapy may help with their symptoms. Healthy lifestyle changes, such as getting regular exercise, having a consistent sleep schedule, and keeping a mood journal, can also help with your symptoms. Electroconvulsive therapy (ECT), a brain stimulation procedure that can help relieve symptoms. It uses a mild electric current and is done while you are under general anesthesia. ECT is most often used for severe bipolar disorder that is not getting better with other treatments. It may also be used when someone needs a treatment that will work more quickly than medicines. This might be when a person has a high risk of suicide or is catatonic (unresponsive). Repetitive",https://medlineplus.gov/bipolardisorder.html,clinical_guidelines,,,doc_0180,0
MedlinePlus,bipolar,Treatments and Therapies,condition_info,Bipolar Treatment: Are Bipolar I and Bipolar II Treated Differently? (Mayo Foundation for Medical Education and Research) Also in Spanish Brain Stimulation Therapies (National Institute of Mental Health) Mental Health Medications (National Institute of Mental Health),https://medlineplus.gov/bipolardisorder.html,clinical_guidelines,,,doc_0181,0
MedlinePlus,bipolar,Related Issues,condition_info,Bipolar Disorder and Alcoholism: Are They Related? (Mayo Foundation for Medical Education and Research) Also in Spanish Bipolar Disorder and Black Americans (Mental Health America) Bipolar Medications and Weight Gain (Mayo Foundation for Medical Education and Research) Also in Spanish Mental Health Providers: Tips on Finding One (Mayo Foundation for Medical Education and Research) Also in Spanish Suicide Prevention Information (Depression and Bipolar Support Alliance),https://medlineplus.gov/bipolardisorder.html,clinical_guidelines,,,doc_0182,0
MedlinePlus,bipolar,Teenagers,condition_info,Bipolar Disorder in Children and Teens (National Institute of Mental Health) Also in Spanish Bipolar Disorder in Teens and Young Adults: Know the Signs (National Institute of Mental Health) - PDF Also in Spanish,https://medlineplus.gov/bipolardisorder.html,clinical_guidelines,,,doc_0183,0
MedlinePlus,ocd,What is obsessive-compulsive disorder (OCD)?,condition_info,"Obsessive-compulsive disorder (OCD) is a mental disorder in which you have thoughts (obsessions) and rituals (compulsions) over and over. They interfere with your life, but you cannot control or stop them.",https://medlineplus.gov/obsessivecompulsivedisorder.html,clinical_guidelines,,,doc_0184,0
MedlinePlus,ocd,Who is at risk for obsessive-compulsive disorder (OCD)?,condition_info,"Obsessive-compulsive disorder (OCD) usually begins when you are a teen or young adult. Boys often develop OCD at a younger age than girls. Family history. People with a first-degree relative (such as a parent, sibling, or child) who has OCD are at higher risk. This is especially true if the relative developed OCD as a child or teen. Brain structure and functioning. Imaging studies have shown that people with OCD have differences in certain parts of the brain. Researchers need to do more studies to understand the connection between the brain differences and OCD. Childhood trauma, such as child abuse. Some studies have found a link between trauma in childhood and OCD. More research is needed to understand this relationship better. In some cases, children may develop OCD or OCD symptoms following a streptococcal infection. This is called Pediatric Autoimmune Neuropsychiatric Disorders Associated with Streptococcal Infections (PANDAS).",https://medlineplus.gov/obsessivecompulsivedisorder.html,clinical_guidelines,,,doc_0185,0
MedlinePlus,ocd,What are the symptoms of obsessive-compulsive disorder (OCD)?,condition_info,"People with OCD may have symptoms of obsessions, compulsions, or both: Obsessions are repeated thoughts, urges, or mental images that cause anxiety. They may involve things such as Fear of germs or contamination Fear of losing or misplacing something Worries about harm coming towards yourself or others Unwanted forbidden thoughts involving sex or religion Aggressive thoughts towards yourself or others Needing things lined up exactly or arranged in a particular, precise way Worries about harm coming towards yourself or others Needing things lined up exactly or arranged in a particular, precise way Compulsions are behaviors that you feel like you need to do over and over to try to reduce your anxiety or stop the obsessive thoughts. Some common compulsions include Excessive cleaning and/or handwashing Repeatedly checking on things, such as whether the door is locked or the oven is off Compulsive counting Ordering and arranging things in a particular, precise way Repeatedly checking on things, such as whether the door is locked or the oven is off Ordering and arranging things in a particular, precise way Some people with OCD also have Tourette syndrome or another tic disorder. Tics are sudden twitches, movements, or sounds that people do over and over. People who have tics cannot stop their body from doing these things.",https://medlineplus.gov/obsessivecompulsivedisorder.html,clinical_guidelines,,,doc_0186,0
MedlinePlus,ocd,How is obsessive-compulsive disorder (OCD) diagnosed?,condition_info,"The first step is to talk with your health care provider about your symptoms. It's important to check whether a physical problem is causing your symptoms. So your provider will do a physical exam and will ask you about your medical history. If your symptoms do not seem to be caused by a physical problem, your provider may do an OCD test or may refer you to a mental health specialist for further evaluation or treatment. Obsessive-compulsive disorder (OCD) can sometimes be hard to diagnose. Its symptoms are like those of other mental disorders, such as anxiety disorders. It is also possible to have both OCD and another mental disorder. Not everyone who has obsessions or compulsions has OCD. Your symptoms would usually be considered OCD when you: Can't control your thoughts or behaviors, even when you know that they are excessive Spend at least 1 hour a day on these thoughts or behaviors Don't get pleasure when performing the behaviors. But doing them may briefly give you relief from the anxiety. Have significant problems in your daily life because of these thoughts or behaviors",https://medlineplus.gov/obsessivecompulsivedisorder.html,clinical_guidelines,,,doc_0187,0
MedlinePlus,ocd,What are the treatments for obsessive-compulsive disorder (OCD)?,condition_info,"The main treatments for obsessive-compulsive disorder (OCD) are cognitive behavioral therapy, medicines, or both: Cognitive behavioral therapy (CBT) is a type of psychotherapy. It teaches you different ways of thinking, behaving, and reacting to your obsessions and compulsions. Exposure and Response Prevention (ERP) s a specific type of CBT. ERP involves gradually exposing you to your fears or obsessions. You learn healthy ways to deal with the anxiety they cause. Exposure and Response Prevention (ERP) s a specific type of CBT. ERP involves gradually exposing you to your fears or obsessions. You learn healthy ways to deal with the anxiety they cause. Medicines for OCD include certain types of antidepressants. If those don't work for you, your provider may suggest taking some other type of psychiatric medicine. If you have severe OCD that does not get better with these treatments, your provider may suggest a treatment called repetitive transcranial magnetic stimulation (rTMS). It is a brain stimulation procedure that uses magnetic waves. It can target specific brain areas associated with OCD.",https://medlineplus.gov/obsessivecompulsivedisorder.html,clinical_guidelines,,,doc_0188,0
MedlinePlus,ocd,Start Here,condition_info,Obsessive-Compulsive Disorder (OCD) (National Institute of Mental Health) Obsessive-Compulsive Disorder: When Unwanted Thoughts or Repetitive Behaviors Take Over (National Institute of Mental Health) Also in Spanish When Unwanted Thoughts Intrude: Understanding Obsessive-Compulsive Disorder (National Institutes of Health) Also in Spanish,https://medlineplus.gov/obsessivecompulsivedisorder.html,clinical_guidelines,,,doc_0189,0
MedlinePlus,ocd,Children,condition_info,Obsessive-Compulsive Disorder (OCD) (For Parents) (Nemours Foundation) Also in Spanish PANS (Pediatric Acute-onset Neuropsychiatric Syndrome) and PANDAS (Pediatric Autoimmune Neuropsychiatric Disorders Associated with Streptococcal Infections): Questions and Answers (National Institute of Mental Health) Also in Spanish,https://medlineplus.gov/obsessivecompulsivedisorder.html,clinical_guidelines,,,doc_0190,0
MedlinePlus,adhd,What is attention deficit hyperactivity disorder (ADHD)?,condition_info,ADHD is a neurodevelopmental disorder. It is usually first diagnosed in childhood and often lasts into adulthood. But some people don't get diagnosed with ADHD until they are adults. ADHD involves:,https://medlineplus.gov/attentiondeficithyperactivitydisorder.html,clinical_guidelines,,,doc_0191,0
MedlinePlus,adhd,What are the types of attention deficit hyperactivity disorder (ADHD)?,condition_info,"Mostly Inattentive ADHD. People with this type of ADHD have trouble paying attention and are easily distracted. It's hard for them to organize or finish tasks. They may have trouble following instructions or conversations. Mostly Hyperactive-Impulsive ADHD. People with this type of ADHD have symptoms of both hyperactivity and impulsivity: With hyperactivity, people feel a need to always be moving. They have trouble sitting still and may fidget and/or talk too much. With impulsivity, people have trouble controlling their actions and words. They tend to act on sudden ideas or feelings without thinking about the possible results. They may interrupt others a lot or have trouble waiting their turn. With hyperactivity, people feel a need to always be moving. They have trouble sitting still and may fidget and/or talk too much. With impulsivity, people have trouble controlling their actions and words. They tend to act on sudden ideas or feelings without thinking about the possible results. They may interrupt others a lot or have trouble waiting their turn. Combined ADHD. People with this type of ADHD have a mix of inattentive and hyperactive-impulsive symptoms. Combined ADHD is the most common type. It's normal to sometimes have trouble paying attention or sitting still, especially for children. But people with ADHD have more severe symptoms that can sometimes cause serious problems, for example, failing grades for a child or a job loss for an adult. The symptoms are ongoing and may affect family and social life, too.",https://medlineplus.gov/attentiondeficithyperactivitydisorder.html,clinical_guidelines,,,doc_0192,0
MedlinePlus,adhd,What causes attention deficit hyperactivity disorder (ADHD)?,condition_info,"The exact cause of ADHD is unknown. ADHD probably results from a combination of factors, such as genetics and your environment. Researchers are looking at possible environmental factors that might raise the risk of developing ADHD. These factors include brain injuries, nutrition, and social environments.",https://medlineplus.gov/attentiondeficithyperactivitydisorder.html,clinical_guidelines,,,doc_0193,0
MedlinePlus,adhd,What are the symptoms of attention deficit hyperactivity disorder (ADHD)?,condition_info,"The symptoms of ADHD depend on the type of ADHD a person has: People with symptoms of attention problems may often: Miss details or make careless mistakes in schoolwork, at work, or in other activities Have trouble staying focused on play activities or work tasks Not seem to listen when spoken to directly Find it hard to follow instructions or finish tasks, or may start but get easily sidetracked Have trouble being organized, keeping belongings in order, and managing time Avoid doing tasks that require long periods of mental effort Lose important items, such as books, wallets, keys, eyeglasses, and cellphones Get up when staying seated is expected, such as at school or work Run around or climb when it's not appropriate (children) or feel restless (teens and adults) Interrupt others for example during conversations or games People with combined ADHD show a mix of inattention and hyperactivity-impulsivity symptoms",https://medlineplus.gov/attentiondeficithyperactivitydisorder.html,clinical_guidelines,,,doc_0194,0
MedlinePlus,adhd,How is attention deficit hyperactivity disorder (ADHD) diagnosed?,condition_info,"There is no single test to diagnose ADHD. One step of the process for diagnosing ADHD involves having a physical exam, including vision tests, hearing tests (for children and adults), and other tests to rule out other problems with symptoms like ADHD. Other problems with similar symptoms include anxiety, depression, sleep problems, and certain types of learning disabilities. The process also involves a thorough medical history and family history. And it usually includes using standardized ADHD symptom checklists, questionnaires, and/or interview questions. These tools have rating scales (scoring systems) that help the provider see if a person's symptoms and history fit a diagnosis of ADHD. To make a diagnosis of ADHD, the provider needs to have found all of these things: Several symptoms of ADHD that began before age 12. Several symptoms of inattention and/or hyperactivity-impulsivity that have lasted for at least 6 months and cause serious problems: For children up to age 16, there must be at least 6 ongoing symptoms. For people 17 and older, there must be at least 5 ongoing symptoms. Symptoms that happen in 2 or more settings, for example, at home and at work or school. Symptoms that clearly get in the way of functioning well at school, work, and/or in social situations. Symptoms aren't caused by another mental health disorder.",https://medlineplus.gov/attentiondeficithyperactivitydisorder.html,clinical_guidelines,,,doc_0195,0
MedlinePlus,adhd,What are the treatments for attention deficit hyperactivity disorder (ADHD)?,condition_info,"Although there is no cure for ADHD, treatments may help reduce symptoms and improve functioning. ADHD is commonly treated with: Education or training for parents to give them the skills and strategies to help their child. This is especially important for younger children. Good treatment plans will include close monitoring, follow-ups, and making changes, if needed, along the way. Having a healthy lifestyle, such as healthy eating and regular exercise, may also help manage symptoms. For school-aged children, school support is important. This could include classroom-based behavioral interventions such as behavior management plans or teaching your child organizational and study skills. It may also include accommodations such as specific seating in the classroom, reduced classwork, or extended time on tests and exams.",https://medlineplus.gov/attentiondeficithyperactivitydisorder.html,clinical_guidelines,,,doc_0196,0
MedlinePlus,adhd,Treatments and Therapies,condition_info,Behavior Therapy for Children with ADHD (American Academy of Pediatrics) Also in Spanish Treating and Dealing with ADHD (Food and Drug Administration) Also in Spanish Treatment of ADHD (Centers for Disease Control and Prevention) Also in Spanish,https://medlineplus.gov/attentiondeficithyperactivitydisorder.html,clinical_guidelines,,,doc_0197,0
MedlinePlus,adhd,Related Issues,condition_info,ADHD and Substance Abuse: The Link Parents Need to Know (American Academy of Pediatrics) Also in Spanish Allergies and Hyperactivity (American Academy of Pediatrics) Also in Spanish Other Concerns and Conditions with ADHD (Centers for Disease Control and Prevention) Also in Spanish,https://medlineplus.gov/attentiondeficithyperactivitydisorder.html,clinical_guidelines,,,doc_0198,0
MedlinePlus,adhd,Find an Expert,condition_info,Child and Adolescent Psychiatrist Finder (American Academy of Child and Adolescent Psychiatry) FindTreatment.gov (Substance Abuse and Mental Health Services Administration) Also in Spanish National Institute of Mental Health Also in Spanish,https://medlineplus.gov/attentiondeficithyperactivitydisorder.html,clinical_guidelines,,,doc_0199,0
MedlinePlus,adhd,Adults,condition_info,ADHD in Adults: 4 Things to Know (National Institute of Mental Health) Adult Attention-Deficit / Hyperactivity Disorder (ADHD) (Mayo Foundation for Medical Education and Research) Also in Spanish Relationships and Social Skills (Children and Adults with Attention-Deficit/Hyperactivity Disorder),https://medlineplus.gov/attentiondeficithyperactivitydisorder.html,clinical_guidelines,,,doc_0200,0
MedlinePlus,adhd,Patient Handouts,condition_info,ADHD: Attention Deficit/Hyperactivity Fact Sheet (Centers for Disease Control and Prevention) - PDF Attention deficit hyperactivity disorder (Medical Encyclopedia) Also in Spanish Medicines for ADHD (Medical Encyclopedia) Also in Spanish,https://medlineplus.gov/attentiondeficithyperactivitydisorder.html,clinical_guidelines,,,doc_0201,0
MedlinePlus,schizophrenia,Summary,condition_info,"Schizophrenia is a serious brain illness. People who have it may hear voices that aren't there. They may think other people are trying to hurt them. Sometimes they don't make sense when they talk. The disorder makes it hard for them to keep a job or take care of themselves. Symptoms of schizophrenia usually start between ages 16 and 30. Men often develop symptoms at a younger age than women. People usually do not get schizophrenia after age 45. There are three types of symptoms: Psychotic symptoms distort a person's thinking. These include hallucinations (hearing or seeing things that are not there), delusions (beliefs that are not true), trouble organizing thoughts, and strange movements. ""Negative"" symptoms make it difficult to show emotions and to function normally. A person may seem depressed and withdrawn. Cognitive symptoms affect the thought process. These include trouble using information, making decisions, and paying attention. No one is sure what causes schizophrenia. Your genes, environment, and brain chemistry may play a role. There is no cure. Medicine can help control many of the symptoms. You may need to try different medicines to see which works best. You should stay on your medicine for as long as your doctor recommends. Additional treatments can help you deal with your illness from day to day. These include therapy, family education, rehabilitation, and skills training.",https://medlineplus.gov/schizophrenia.html,clinical_guidelines,,,doc_0202,0
MedlinePlus,eating_disorder,What are eating disorders?,condition_info,"Eating disorders are serious mental health disorders. They involve severe problems with your thoughts about food and your eating behaviors. You may eat much less or much more than you need. Eating disorders are medical conditions; they are not a lifestyle choice. They affect your body's ability to get proper nutrition. This can lead to health issues, such as heart and kidney problems, or sometimes even death. But there are treatments that can help.",https://medlineplus.gov/eatingdisorders.html,clinical_guidelines,,,doc_0203,0
MedlinePlus,eating_disorder,What are the types of eating disorders?,condition_info,"Binge-eating, which is out-of-control eating. People with binge-eating disorder keep eating even after they are full. They often eat until they feel very uncomfortable. Afterward, they usually have feelings of guilt, shame, and distress. Eating too much too often can lead to weight gain and obesity. Binge-eating disorder is the most common eating disorder in the U.S. Bulimia nervosa. People with bulimia nervosa also have periods of binge-eating. But afterwards, they purge, by making themselves throw up or using laxatives. They may also over-exercise or fast. People with bulimia nervosa may be slightly underweight, normal weight, or overweight. Anorexia nervosa. People with anorexia nervosa avoid food, severely restrict food, or eat very small quantities of only certain foods. They may see themselves as overweight, even when they are dangerously underweight. Anorexia nervosa is the least common of the three eating disorders, but it is often the most serious. It has the highest death rate of any mental disorder.",https://medlineplus.gov/eatingdisorders.html,clinical_guidelines,,,doc_0204,0
MedlinePlus,eating_disorder,What causes eating disorders?,condition_info,"The exact cause of eating disorders is unknown. Researchers believe that eating disorders are caused by a complex interaction of factors. These include genetic, biological, behavioral, psychological, and social factors.",https://medlineplus.gov/eatingdisorders.html,clinical_guidelines,,,doc_0205,0
MedlinePlus,eating_disorder,Who is at risk for eating disorders?,condition_info,"Anyone can develop an eating disorder, but they are more common in women. Eating disorders frequently appear during the teen years or young adulthood. But people can also develop them during childhood or later in life.",https://medlineplus.gov/eatingdisorders.html,clinical_guidelines,,,doc_0206,0
MedlinePlus,eating_disorder,What are the symptoms of eating disorders?,condition_info,"The symptoms of eating disorders vary, depending on the disorder: Eating unusually large amounts of food in a specific amount of time, such as a 2-hour period Eating even when you're full or not hungry Eating alone or in secret to avoid embarrassment Feeling distressed, ashamed, or guilty about your eating The symptoms of bulimia nervosa include the same symptoms as binge-eating, plus trying to get rid of the food or weight after binging by: Purging, making yourself throw up or using laxatives or enemas to speed up the movement of food through your body Over time, bulimia nervosa can cause health problems such as: Swollen salivary glands in the neck and jaw area Worn tooth enamel and increasingly sensitive and decaying teeth. This is caused by the exposure to stomach acid every time you throw up. Electrolyte imbalance, which could be too low or too high levels of sodium, calcium, potassium and other minerals. This can lead to a stroke or heart attack. Eating very little, to the point of starving yourself Distorted body image - seeing yourself as overweight even when you are severely underweight Over time, anorexia nervosa can cause health problems such as: Growth of fine hair all over the body Feeling cold all the time because of a drop in internal body temperature Damage to the structure and function of the heart Anorexia nervosa can be fatal. Some people with this disorder die of complications from starvation, and others die of suicide. Some people with eating disorders may also have other mental disorders (such as depression or anxiety) or problems with substance use.",https://medlineplus.gov/eatingdisorders.html,clinical_guidelines,,,doc_0207,0
MedlinePlus,eating_disorder,How is eating disorders diagnosed?,condition_info,"Because eating disorders can be so serious, it is important to seek help if you or a loved one thinks that you might have a problem. Your health care provider may use many tools to make a diagnosis: A medical history, which includes asking about your symptoms. It is important to be honest about your eating and exercise behaviors so your provider can help you. Blood or urine tests to rule out other possible causes of your symptoms Other tests to see whether you have any other health problems caused by the eating disorder. These can include kidney function tests and an electrocardiogram (EKG or ECG).",https://medlineplus.gov/eatingdisorders.html,clinical_guidelines,,,doc_0208,0
MedlinePlus,eating_disorder,What are the treatments for eating disorders?,condition_info,"Treatment plans for eating disorders are tailored to individual needs. You will likely have a team of providers helping you, including doctors, nutritionists, nurses, and therapists. The treatments may include: Individual, group, and/or family psychotherapy. Individual therapy may include cognitive behavioral approaches, which help you to identify and change negative and unhelpful thoughts. It also helps you build coping skills and change behavioral patterns. Medical care and monitoring, including care for the complications that eating disorders can cause Nutrition counseling. Doctors, nurses, and counselors will help you eat healthy to reach and maintain a healthy weight. Medicines, such as antidepressants, antipsychotics, or mood stabilizers, may help treat some eating disorders. The medicines can also help with the depression and anxiety symptoms that often go along with eating disorders. Some people with serious eating disorders may need to be in a hospital or in a residential treatment program. Residential treatment programs combine housing and treatment services.",https://medlineplus.gov/eatingdisorders.html,clinical_guidelines,,,doc_0209,0
MedlinePlus,eating_disorder,Start Here,condition_info,Eating Disorders: About More than Food (National Institute of Mental Health) Also in Spanish Let's Talk about Eating Disorders (National Institute of Mental Health) - PDF When Food Consumes You: Taking Eating to Extremes (National Institutes of Health) Also in Spanish,https://medlineplus.gov/eatingdisorders.html,clinical_guidelines,,,doc_0210,0
MedlinePlus,eating_disorder,Specifics,condition_info,"Anorexia Nervosa (Department of Health and Human Services, Office on Women's Health) Also in Spanish Avoidant/Restrictive Food Intake Disorder (ARFID) (Merck & Co., Inc.) Also in Spanish Binge Eating Disorder (Department of Health and Human Services, Office on Women's Health) Also in Spanish Binge Eating Disorder (National Institute of Diabetes and Digestive and Kidney Diseases) Bulimia Nervosa (Department of Health and Human Services, Office on Women's Health) Eating Disorders and Diabetes (National Eating Disorders Association)",https://medlineplus.gov/eatingdisorders.html,clinical_guidelines,,,doc_0211,0
MedlinePlus,eating_disorder,Find an Expert,condition_info,Child and Adolescent Psychiatrist Finder (American Academy of Child and Adolescent Psychiatry) Find a Nutrition Expert (Academy of Nutrition and Dietetics) FindTreatment.gov (Substance Abuse and Mental Health Services Administration) Also in Spanish Help for Mental Illnesses (National Institute of Mental Health) Also in Spanish National Institute of Mental Health Also in Spanish,https://medlineplus.gov/eatingdisorders.html,clinical_guidelines,,,doc_0212,0
MedlinePlus,eating_disorder,Patient Handouts,condition_info,Binge eating disorder (Medical Encyclopedia) Also in Spanish Break the bonds of emotional eating (Medical Encyclopedia) Also in Spanish What Are Common Types of Eating Disorders? (National Institute of Mental Health) - PDF,https://medlineplus.gov/eatingdisorders.html,clinical_guidelines,,,doc_0213,0
MedlinePlus,stress,What is stress?,condition_info,"Stress is how your brain and body respond to a challenge or demand. When you are stressed, your body releases certain hormones. Hormones are chemicals that travel in your bloodstream and control how different parts of your body work. The hormones that are released when you are stressed make you alert and ready to act. They can raise your blood pressure, heart rate, and blood glucose (blood sugar) levels. This response is sometimes called a ""fight or flight"" response. Everyone gets stressed from time to time. There are different types of stress. It can be short-term or long-term. It can be caused by something that happens once or something that keeps happening. Not all stress is bad. In fact, it can help you survive in a dangerous situation. For example, one kind of stress is the jolt you may feel when a car pulls out in front of you while you are driving. This jolt of hormones helps you quickly hit the brakes to avoid an accident. A little short-term stress can sometimes be helpful. For example, the stress of having a deadline for school or your job may push you to get your work done on time. Once you finish it, that stress goes away. But stress that lasts a long time can harm your health.",https://medlineplus.gov/stress.html,clinical_guidelines,,,doc_0214,0
MedlinePlus,stress,What causes long-term stress?,condition_info,"Long-term stress, or chronic stress, lasts for weeks, months, or longer. As you go about your life, your body is acting as if you're being threatened. Routine stress from the demands of work, school, family needs, money problems, and other daily pressures that don't stop. Stress from sudden, difficult changes in your life, such as divorce, illness, losing your job, or other unhappy life events that often have a long impact. Traumatic stress, which may happen when you're in danger of serious harm or death. Examples include being in a bad accident, a war, a flood, earthquake, or other frightening event. This type of stress can cause a long-lasting problem called post-traumatic stress disorder (PTSD).",https://medlineplus.gov/stress.html,clinical_guidelines,,,doc_0215,0
MedlinePlus,stress,How can long term-stress harm my health?,condition_info,"People respond to stress in different ways. If you're stressed for a long time you may notice that you are: Getting sick more often than usual because stress weakens your body's ability to fight germs When stress keeps going, your body acts as if you're always in danger. That's a lot of strain that may play a part in developing serious health problems, including: It's possible to get used to the symptoms of stress and not even realize there's a problem. So when there's a lot of stress in your life, it's important to pay attention to how it affects you so you can do something about it.",https://medlineplus.gov/stress.html,clinical_guidelines,,,doc_0216,0
MedlinePlus,stress,How can I manage long-term stress?,condition_info,"Simple things that improve your mental health may be helpful in managing long-term stress, such as: Get regular exercise. A 30-minute daily walk can help you feel better and help keep your immune system strong, so you don't get sick. Try relaxing activities. You could look for an app or wellness program that uses breathing, meditation, or muscle relaxation exercises. Decide what you need to do now and what can wait. And focus on what you got done each day, not on what you weren't able to do.",https://medlineplus.gov/stress.html,clinical_guidelines,,,doc_0217,0
MedlinePlus,stress,When should I ask my health care provider for help with stress?,condition_info,"Get help if you're having severe symptoms for 2 weeks or more, including: Changes in your eating that cause unwanted changes in your weight Troubles getting out of bed because of your mood Not being able to do your usual daily activities Always get help right away if stress is causing you to: Use drugs or alcohol more often than usual Your health care provider may refer you to a mental health professional such as a psychologist or social worker.",https://medlineplus.gov/stress.html,clinical_guidelines,,,doc_0218,0
MedlinePlus,stress,Start Here,condition_info,I'm So Stressed Out! Facts about Stress and Anxiety (National Institute of Mental Health) Also in Spanish Manage Stress (Office of Disease Prevention and Health Promotion) Also in Spanish Stress Management: Chronic Stress Puts Your Health at Risk (Mayo Foundation for Medical Education and Research),https://medlineplus.gov/stress.html,clinical_guidelines,,,doc_0219,0
MedlinePlus,stress,Treatments and Therapies,condition_info,"5 Things To Know About Relaxation Techniques for Stress (National Center for Complementary and Integrative Health) Dr. Richard Davidson on Reducing Stress (National Institutes of Health) Meditation: A Simple, Fast Way to Reduce Stress (Mayo Foundation for Medical Education and Research) Also in Spanish Relaxation Techniques: What You Need to Know (National Center for Complementary and Integrative Health)",https://medlineplus.gov/stress.html,clinical_guidelines,,,doc_0220,0
MedlinePlus,stress,Living With,condition_info,Feeling Stressed? Ways to Improve Your Well-Being (National Institutes of Health) Also in Spanish Managing Your Stress in Tough Economic Times (American Psychological Association) Positive thinking: Stop negative self-talk to reduce stress (Mayo Foundation for Medical Education and Research) Also in Spanish Stress Management: Being Assertive (Mayo Foundation for Medical Education and Research) Also in Spanish Stress Management: Stress Relief (Mayo Foundation for Medical Education and Research) Also in Spanish Stress Relievers: Tips to Tame Stress (Mayo Foundation for Medical Education and Research),https://medlineplus.gov/stress.html,clinical_guidelines,,,doc_0221,0
MedlinePlus,stress,Related Issues,condition_info,Coping with Stress at Work (American Psychological Association) Also in Spanish Job Burnout: How to Spot It and Take Action (Mayo Foundation for Medical Education and Research) Also in Spanish Stress and Cancer (National Cancer Institute) Also in Spanish Stress and High Blood Pressure: What's the Connection? (Mayo Foundation for Medical Education and Research) Also in Spanish,https://medlineplus.gov/stress.html,clinical_guidelines,,,doc_0222,0
MedlinePlus,stress,Children,condition_info,"About Adverse Childhood Experiences (Centers for Disease Control and Prevention) Buffering Childhood Stress: Safe, Secure Relationships For Better Health (National Institutes of Health) Also in Spanish Childhood Stress: How Parents Can Help (Nemours Foundation) Also in Spanish Helping Children Handle Stress (American Academy of Pediatrics) Stand Up to Stress! (National Institute of Mental Health) - PDF Also in Spanish",https://medlineplus.gov/stress.html,clinical_guidelines,,,doc_0223,0
MedlinePlus,stress,Patient Handouts,condition_info,Help your teen cope with stress (Medical Encyclopedia) Also in Spanish Learn to manage stress (Medical Encyclopedia) Also in Spanish Overcoming job stress (Medical Encyclopedia) Also in Spanish Relaxation techniques for stress (Medical Encyclopedia) Also in Spanish Stress and your health (Medical Encyclopedia) Also in Spanish Stress and your heart (Medical Encyclopedia) Also in Spanish,https://medlineplus.gov/stress.html,clinical_guidelines,,,doc_0224,0
MedlinePlus,crisis,What is suicide?,crisis,"Suicide is the taking of one's own life. It is a death that happens when someone harms themselves because they want to end their life. A suicide attempt is when someone harms themselves to try to end their life, but they do not die. Suicide is a major public health problem and a leading cause of death in the United States. Both suicide and suicide attempts can have lasting harmful effects: People who survive a suicide attempt may have serious injuries that can affect their long-term health. They may also have depression or other mental health concerns. When people die by suicide, it affects their family, friends, and community. They may feel grief, shock, anger, and guilt. Some may develop post-traumatic stress disorder (PTSD), depression, or anxiety. They may also be at risk for suicidal thoughts.",https://medlineplus.gov/suicide.html,clinical_guidelines,,,doc_0225,0
MedlinePlus,crisis,Who is at risk for suicide?,crisis,"Suicide does not discriminate. It can touch anyone, anywhere, at any time. But there are certain factors that can contribute to the risk of suicide, including: Family history of an alcohol or drug use disorder Family violence, including intimate partner violence, child abuse, or sexual abuse Being in or having recently gotten out of prison or jail Being exposed to others' suicidal behavior, such as a family member, peer, or celebrity Stressful life event, such as a job loss, financial problems, loss of a loved one, a breakup of a relationship, etc. Being between the ages of 15 and 24 years or over age 60",https://medlineplus.gov/suicide.html,clinical_guidelines,,,doc_0226,0
MedlinePlus,crisis,What are the warning signs for suicide?,crisis,"Talking about wanting to die or wanting to kill oneself Making a plan or looking for a way to kill oneself, such as searching online Feeling empty, hopeless, trapped, or like there's no reason to live Withdrawing from family or friends or feeling isolated Saying good-bye to loved ones, putting affairs in order Some people may tell others about their suicidal thoughts. But others may try to hide them. This can make some of the signs harder to spot.",https://medlineplus.gov/suicide.html,clinical_guidelines,,,doc_0227,0
MedlinePlus,crisis,What should I do if I need help or know someone who does?,crisis,"If you or someone you know has the warning signs for suicide, get help right away, especially if there is a change in behavior. If it is an emergency, dial 911. Otherwise there are five steps that you can take: Ask the person if they're thinking about killing themselves. Keep them safe. Find out whether they have a plan for suicide and keep them away from things that they can use to kill themselves. Be there with them. Listen carefully and find out what they are thinking and feeling. Help them connect to resources that can help them, such as through: Calling or texting the 988 Suicide & Crisis Lifeline at 988. Chatting through Lifeline Chat. For veterans, reaching the Veterans Crisis Line by: Calling 988 and then pressing 1. Texting to 838255. Chatting with them. Calling or texting the 988 Suicide & Crisis Lifeline at 988. For veterans, reaching the Veterans Crisis Line by: Calling 988 and then pressing 1. Texting to 838255. Chatting with them. Stay connected. Staying in touch after a crisis can make a difference.",https://medlineplus.gov/suicide.html,clinical_guidelines,,,doc_0228,0
MedlinePlus,crisis,Start Here,crisis,988 Suicide and Crisis Lifeline (Substance Abuse and Mental Health Services Administration) Also in Spanish A Journey toward Health and Hope: Your Handbook for Recovery after a Suicide Attempt (Substance Abuse and Mental Health Services Administration) - PDF Are You Thinking about Suicide? How to Stay Safe and Find Treatment (Mayo Foundation for Medical Education and Research) Also in Spanish Frequently Asked Questions about Suicide (National Institute of Mental Health) Also in Spanish Suicide and Suicidal Thoughts (Mayo Foundation for Medical Education and Research) Also in Spanish,https://medlineplus.gov/suicide.html,clinical_guidelines,,,doc_0229,0
MedlinePlus,crisis,Diagnosis and Tests,crisis,Suicide Risk Screening (National Library of Medicine) Also in Spanish Suicide: What to Do When Someone Is Thinking about Suicide (Mayo Foundation for Medical Education and Research) Also in Spanish,https://medlineplus.gov/suicide.html,clinical_guidelines,,,doc_0230,0
MedlinePlus,crisis,Prevention and Risk Factors,crisis,"5 Action Steps to Help Someone Having Thoughts of Suicide (National Institute of Mental Health) Also in Spanish 988 Suicide and Crisis Lifeline (Substance Abuse and Mental Health Services Administration) Learning Center (University of Oklahoma Health Sciences Center) Suicide Prevention (Department of Health and Human Services, Office on Women's Health) Also in Spanish Suicide Prevention (Centers for Disease Control and Prevention) Suicide Prevention (National Institute of Mental Health) Also in Spanish Suicide Prevention Information (Depression and Bipolar Support Alliance) Warning Signs of Suicide (National Institute of Mental Health) Also in Spanish",https://medlineplus.gov/suicide.html,clinical_guidelines,,,doc_0231,0
MedlinePlus,crisis,Teenagers,crisis,About Teen Suicide (Nemours Foundation) Also in Spanish How Can I Get Help in a Crisis? (Nemours Foundation) Also in Spanish My Friend Is Talking about Suicide: What Should I Do? (Nemours Foundation) Also in Spanish Teen Suicide: Understanding the Risk and Getting Help (National Institutes of Health) Also in Spanish,https://medlineplus.gov/suicide.html,clinical_guidelines,,,doc_0232,0
Mind UK,depression,What is depression?,condition_info,"Depression is a mental health problem that involves having a low mood or losing interest and enjoyment in things. It can also cause a range of other changes to how you feel or behave. The symptoms you experience may vary. How intense they are, how long they last, and how much they affect your daily life can also vary. If you experience milder depression, you might have low mood but still be able to carry on with your daily life. But things may feel harder and less worthwhile. If you have more severe depression, you might find day-to-day life much more difficult. You may also experience suicidal feelings.",https://www.mind.org.uk/information-support/types-of-mental-health-problems/depression/about-depression,coping_strategies,,,doc_0233,0
Mind UK,depression,Watch: What is depression?,condition_info,"Watch our animation to learn more about what depression is, how it might feel – and where to get help. It starts as sadness then I feel myself shutting down, becoming less capable of coping. Eventually, I just feel numb and empty.",https://www.mind.org.uk/information-support/types-of-mental-health-problems/depression/about-depression,coping_strategies,,,doc_0234,0
Mind UK,depression,When does low mood become depression?,condition_info,"We all have times when our mood is low, and we feel sad or fed up. Often these feelings happen for a reason and pass on their own. But it might be depression if the feelings become so bad that they interfere with our daily life. Or if they last for several weeks or months. See our page on the symptoms of depression for more information.",https://www.mind.org.uk/information-support/types-of-mental-health-problems/depression/about-depression,coping_strategies,,,doc_0235,0
Mind UK,depression,Are there different types of depression?,condition_info,"If you're diagnosed with depression, you might also be told that it is ‘less severe’ or ‘more severe’. This describes how your symptoms are affecting you, and what treatment you're likely to be offered. You may find that the severity of your depression changes over time. Sometimes you might hear depression being called ‘major depressive disorder’. There are some other types of depression too: Persistent depressive disorder (PDD). PDD is continuous depression that lasts for 2 years or more. You may also hear it called dysthymia or chronic depression. Seasonal affective disorder (SAD). SAD is depression that occurs at a particular time of year, or during a particular season. See our page on SAD for more information. Antenatal depression. This is depression that occurs while you are pregnant. It is sometimes called prenatal depression. Postnatal depression (PND). This is depression that occurs in the first year after having a baby. This can include affecting dads and partners. See our pages on postnatal depression and perinatal mental health for more information. Premenstrual dysphoric disorder (PMDD). This is a hormone-related disorder that affects your body but also how you feel. This can involve experiencing depression. So your doctor may describe this as a mental health problem. See our page on diagnosis to learn more about how different mental health problems are diagnosed. Sometimes it feels like a black hole but sometimes it feels like I need to cry and scream and kick and shout. Sometimes I go quiet and lock myself in my room and sometimes I have to be doing something at all times of the day to distract myself.",https://www.mind.org.uk/information-support/types-of-mental-health-problems/depression/about-depression,coping_strategies,,,doc_0236,0
Mind UK,depression,Annika's experience of depression,condition_info,"For Annika, depression made her anxious to slow down or relax. She was worried what would happen if she didn't keep busy. Watch Annika's story to learn how depression affected her – and how she finds comfort in walking in nature, her faith, and helping others. This information was published in April 2023. We will revise it in 2026. If you want to reproduce this content, see our permissions and licensing page.",https://www.mind.org.uk/information-support/types-of-mental-health-problems/depression/about-depression,coping_strategies,,,doc_0237,0
HelpGuide,depression,What is depression?,symptoms,"Depression is a mood disorder that involves a sense of deep and persistent sadness, emptiness, and hopelessness. It can weigh down your motivation, self-esteem, and ability to experience pleasure in your daily life.Feeling down from time to time is a normal part of life, but when emotions such as hopelessness and despair take hold and just won’t go away, you may have clinical depression. More than just sadness in response to life’s struggles and setbacks, depression changes how you think, feel, and function in daily activities. Depression symptoms can interfere with your ability to work, study, eat, sleep, and enjoy life. Just trying to get through the day can be overwhelming. While some people describe depression as “living in a black hole” or having a feeling of impending doom, others feel lifeless, empty, and apathetic. Men in particular can feel angry and restless. However you experience the problem, left untreated, it can become a serious health condition. But it’s important to remember that feelings of helplessness and hopelessness are symptoms of depression—not the reality of your situation. No matter how hopeless you feel, you can get better. By recognizing the different symptoms of depression, you can take the first steps to feeling better and overcoming the problem.",https://www.helpguide.org/mental-health/depression/depression-symptoms-and-warning-signs,coping_strategies,,,doc_0238,0
HelpGuide,depression,Depression symptoms and warning signs,symptoms,"Depression varies from person to person, but there are some common signs and symptoms. It’s important to remember that these symptoms can be part of life’s normal lows. But the more symptoms you have, the stronger they are, and the longer they’ve lasted—the more likely it is that you’re dealing with depression.",https://www.helpguide.org/mental-health/depression/depression-symptoms-and-warning-signs,coping_strategies,,,doc_0239,0
HelpGuide,depression,10 common depression symptoms,symptoms,"Feelings of helplessness and hopelessness. A bleak outlook—nothing will ever get better, and there’s nothing you can do to improve your situation. Loss of interest in daily activities. You don’t care anymore about former hobbies, pastimes, social activities, or sex. You’ve lost your ability to feel pleasure and joy. Appetite or weight changes. Significant weight loss or weight gain—a change of more than 5 percent of body weight in a month. Sleep changes. Either insomnia, especially waking in the early hours of the morning, or oversleeping. Anger or irritability. Feeling agitated, restless, or even violent. Your tolerance level is low, your temper short, and everything and everyone gets on your nerves. Loss of energy. Feeling fatigued, sluggish, and physically drained. Your whole body may feel heavy, and even small tasks are exhausting or take longer to complete. Self-loathing. Strong feelings of worthlessness or guilt. You harshly criticize yourself for perceived faults and mistakes. Reckless behavior. You engage in escapist behavior such as substance abuse, compulsive gambling, reckless driving, or dangerous sports. Concentration problems. Trouble focusing, making decisions, or remembering things. Unexplained aches and pains. An increase in physical complaints such as headaches, back pain, aching muscles, and stomach pain. Depression often varies according to age and gender, with symptoms differing between men and women, or young people and older adults. Depression often varies according to age and gender, with symptoms differing between men and women, or young people and older adults.",https://www.helpguide.org/mental-health/depression/depression-symptoms-and-warning-signs,coping_strategies,,,doc_0240,0
HelpGuide,depression,Depression symptoms in teens and children,symptoms,"It’s not uncommon for young people to be a little moody or reckless. This can be especially true for teens, who are going through a confusing period of change. However, depression in young people runs deeper than the typical challenges of adolescence. Depression in teens and children might include symptoms such as: Irritability and rebellious behavior, such as acting out in class.",https://www.helpguide.org/mental-health/depression/depression-symptoms-and-warning-signs,coping_strategies,,,doc_0241,0
HelpGuide,depression,Depression symptoms in older adults,symptoms,"Depression in older adults can often be mistaken for grief. For instance, they might be grieving the loss of independence or the end of a long, successful career. In addition, depressed older adults might not necessarily vocalize sadness. Instead, they tend to show the following symptoms:",https://www.helpguide.org/mental-health/depression/depression-symptoms-and-warning-signs,coping_strategies,,,doc_0242,0
HelpGuide,depression,Depression symptoms by gender,symptoms,"Depression symptoms can differ between men and women due to a combination of biological and social factors. For instance, differences in brain circuitry and sex hormones, such as estrogen and testosterone, can affect emotions and mood. Gender norms, social pressures, and behavioral differences likely also play a role. For example, men are less likely to show emotional vulnerability due to ideas of masculinity, while women may be more likely to share their symptoms.",https://www.helpguide.org/mental-health/depression/depression-symptoms-and-warning-signs,coping_strategies,,,doc_0243,0
HelpGuide,depression,Men,symptoms,"Depressed men are less likely to acknowledge feelings of self-loathing and hopelessness. Instead, they tend to complain about fatigue, irritability, sleep problems, and loss of interest in work and hobbies. They’re also more likely to experience symptoms such as anger, aggression, reckless behavior, and substance abuse.",https://www.helpguide.org/mental-health/depression/depression-symptoms-and-warning-signs,coping_strategies,,,doc_0244,0
HelpGuide,depression,Women,symptoms,"Women are more likely to experience symptoms such as pronounced feelings of guilt, excessive sleeping, overeating, and weight gain. Depression in women is also impacted by hormonal factors during menstruation, pregnancy, and menopause. In fact, postpartum depression affects up to one in seven women following childbirth. The risk of this mood disorder doubles when there’s a family history of it.",https://www.helpguide.org/mental-health/depression/depression-symptoms-and-warning-signs,coping_strategies,,,doc_0245,0
HelpGuide,depression,Is it depression or anxiety?,symptoms,"While anxiety and depression are different conditions, they stem from the same biological vulnerability so often go hand-in-hand. Anxiety can both appear as a symptom of depression or it can trigger depression in the first place. In fact, studies suggest that as many as 50 percent of people with major depression may also suffer from an anxiety disorder. Some of the symptoms of the two conditions can also look very similar, making it difficult to distinguish between the conditions. Irritability, anger, unexplained aches and pains, and changes in energy, focus, and sleeping patterns can occur in both depression and anxiety. Even the persistent dark, negative thoughts commonly associated with depression can look a lot like the endless worry of anxiety. However, there are also some marked differences. While the symptoms of both depression and anxiety can look very different in different people, the following may help to distinguish between the conditions: In depression without anxiety, you’re likely to feel sluggish and lifeless with little motivation to do anything. In depression with anxiety, you’re more likely to feel tense and jittery with a racing mind. In depression without anxiety, you may feel hopeless and helpless about what you see as an inevitably bleak future. In depression with anxiety, you’re more likely to worry over and over about what the future holds, feeling frightened and nervous, but thinking that your worry may hold the key to easing those fears. If you recognize symptoms of anxiety co-occurring with your depression, it’s important to seek treatment for both conditions. Since they’re so closely related, a lot of the self-help and treatment options that work for anxiety will also help manage symptoms of depression.",https://www.helpguide.org/mental-health/depression/depression-symptoms-and-warning-signs,coping_strategies,,,doc_0246,0
HelpGuide,depression,Depression vs bipolar disorder (manic depression),symptoms,"Bipolar disorder, also known as manic depression, involves serious shifts in moods, energy, thinking, and behavior. Because it looks so similar to depression when in the low phase, it is often overlooked and misdiagnosed. This can be a serious problem, as taking antidepressants for bipolar disorder can actually make the condition worse. If you’ve ever gone through phases where you experienced excessive feelings of euphoria, a decreased need for sleep, racing thoughts, and impulsive behavior, consider getting evaluated for bipolar disorder.",https://www.helpguide.org/mental-health/depression/depression-symptoms-and-warning-signs,coping_strategies,,,doc_0247,0
HelpGuide,depression,Other conditions that can mimic depression symptoms,symptoms,"Anxiety and bipolar disorder aren’t the only conditions that can be mistaken for depression. Just as depression can be triggered by other health problems, there are also mental and medical conditions that can mimic the symptoms of depression. These include: Attention deficit hyperactivity disorder (ADHD). Symptoms such as restlessness, trouble concentrating and staying focused, irritability, and a loss of motivation can occur in both depression and ADHD. Even if your ADHD symptoms weren’t recognized in childhood, that doesn’t mean they’re not impacting you as an adult. Chronic fatigue syndrome or long COVID. Persistent fatigue, changes to your sleep patterns, and difficulty focusing could also point to chronic fatigue syndrome (myalgic encephalomyelitis) or long-haul COVID, where the effects of COVID-19 linger even when you’re no longer testing positive for the virus. While there is still a lot that medical professionals don’t fully understand about these conditions, there are still things you can do to ease symptoms and improve how you feel. Parkinson’s disease. The lack of energy, slow movements, and changes to mood and memory that often accompany Parkinson’s disease can look a lot like depression symptoms in older adults. Fibromyalgia. The widespread musculoskeletal pain of fibromyalgia syndrome (FMS) is often accompanied by sleep, fatigue, and mood changes that can be mistaken for depression. Other sources of chronic pain can also leave you feeling hopeless and exhausted. Other physical conditions, such as diabetes, hypothyroidism, anemia, low blood sugar (hypoglycemia), and vitamin D deficiency, can also trigger depression-like symptoms. Blood tests and other screening methods from a healthcare professional can help identify if these conditions are causing your symptoms.",https://www.helpguide.org/mental-health/depression/depression-symptoms-and-warning-signs,coping_strategies,,,doc_0248,0
HelpGuide,depression,Depression symptoms and suicide risk,symptoms,"Depression is a major risk factor for suicide. Deep despair and hopelessness can make suicide feel like the only way to escape the pain. If you have a loved one with depression or a history of depression, take any suicidal talk or behavior seriously and watch for the warning signs: Expressing strong feelings of hopelessness or being trapped. Acting recklessly, as if they have a death wish (e.g., speeding through red lights). Getting affairs in order (giving away prized possessions, tying up loose ends). Saying things like “Everyone would be better off without me,” or “I want out.” A sudden switch from being extremely down to acting calm and happy. If you think a friend or family member is considering suicide, express your concern and seek help immediately. Talking openly about suicidal thoughts and feelings can save a life.",https://www.helpguide.org/mental-health/depression/depression-symptoms-and-warning-signs,coping_strategies,,,doc_0249,0
HelpGuide,depression,If you are feeling suicidal…,symptoms,"When you’re feeling suicidal, your problems don’t seem temporary—they seem overwhelming and permanent. But with time, you will feel better, especially if you get help. There are many people who want to support you during this difficult time, so please reach out! Read Are You Feeling Suicidal?, call 988 in the U.S., or visit IASP or Suicide.org to find a helpline in your country.",https://www.helpguide.org/mental-health/depression/depression-symptoms-and-warning-signs,coping_strategies,,,doc_0250,0
HelpGuide,depression,When to get help,symptoms,"When your depressed mood shows no signs of lifting, or you notice that it’s interfering with your daily functioning, don’t hesitate to reach out to a mental health professional. Here are a few reasons why you might seek help for a depressive disorder: A lack of motivation consistently keeps you from getting to work on time. You self-isolate and avoid spending time with loved ones. Irritability leads to you lashing out at friends. You feel stuck in a state of fatigue but can never seem to fall asleep at night. A lack of appetite is leading to low energy levels. You ruminate about self-harm, or you don’t feel like life is worth living. Of course, you don’t have to wait for symptoms of severe depression to emerge before you seek help. Any time you’re struggling with persistent feelings of sadness, it’s wise to talk to a mental health professional. We tested and reviewed the best online psychiatry platforms if virtual visits best meet your needs.",https://www.helpguide.org/mental-health/depression/depression-symptoms-and-warning-signs,coping_strategies,,,doc_0251,0
HelpGuide,depression,Next step,symptoms,"In addition to age and gender, depression symptoms can also vary according to the type or severity of your depression. Understanding the type of depression you’re dealing with can help to find the most effective ways to overcome the problem and start to feel better again. Read: Depression Types and Causes.",https://www.helpguide.org/mental-health/depression/depression-symptoms-and-warning-signs,coping_strategies,,,doc_0252,0
HelpGuide,depression,Depression support and suicide prevention help,symptoms,In the U.S. Find DBSA Chapters/Support Groups or call the NAMI Helpline for support and referrals at 1-800-950-6264 Find DBSA Chapters/Support Groups or call the NAMI Helpline for support and referrals at 1-800-950-6264 UK Find Depression support groups in-person and online or call the Mind Infoline at 0300 123 3393 Find Depression support groups in-person and online or call the Mind Infoline at 0300 123 3393 Australia Call the SANE Help Centre at 1800 18 7263 Call the SANE Help Centre at 1800 18 7263 Canada Call Mood Disorders Society of Canada at 613-921-5565 Call Mood Disorders Society of Canada at 613-921-5565 India Call the Vandrevala Foundation Helpline (India) at 1860 2662 345 or 1800 2333 330 Call the Vandrevala Foundation Helpline (India) at 1860 2662 345 or 1800 2333 330 In the U.S. Call 988 Suicide and Crisis Lifeline at 988 Call 988 Suicide and Crisis Lifeline at 988 UK and Ireland Call Samaritans UK at 116 123 Australia Call Lifeline Australia at 13 11 14 Other countries Visit IASP or Suicide.org to find a helpline near you Visit IASP or Suicide.org to find a helpline near you,https://www.helpguide.org/mental-health/depression/depression-symptoms-and-warning-signs,coping_strategies,,,doc_0253,0
HelpGuide,depression,More Information,symptoms,"Belmaker, R. H., & Agam, G. (2008). Major Depressive Disorder. New England Journal of Medicine, 358(1), 55–68. Link Kessler, R. C., Birnbaum, H. G., Shahly, V., Bromet, E., Hwang, I., McLaughlin, K. A., Sampson, N., Andrade, L. H., Girolamo, G. de, Demyttenaere, K., Haro, J. M., Karam, A. N., Kostyuchenko, S., Kovess, V., Lara, C., Levinson, D., Matschinger, H., Nakane, Y., Browne, M. O., … Stein, D. J. (2010). Age differences in the prevalence and co-morbidity of DSM-IV major depressive episodes: Results from the WHO World Mental Health Survey Initiative. Depression and Anxiety, 27(4), 351–364. Link Depressive Disorders. (2013). In Diagnostic and Statistical Manual of Mental Disorders. American Psychiatric Association. Link Hirschfeld, Robert M. A. “The Comorbidity of Major Depression and Anxiety Disorders: Recognition and Management in Primary Care.” Primary Care Companion to The Journal of Clinical Psychiatry 3, no. 6 (2001): 244–54. Link Albert, P. R. (2015). Why is depression more prevalent in women? Journal of Psychiatry & Neuroscience : JPN, 40(4), 219–221. Link Anxiety and Depression in Children | Children’s Mental Health | CDC. (n.d.). Link Depression and Older Adults | National Institute on Aging. (n.d.). Link Depression in older people—Causes, symptoms, treatment | healthdirect. (n.d.). Link Depression’s Problem With Men. (2021). AMA Journal of Ethics, 23(7), E586-589. Link Mohammadi, S., Seyedmirzaei, H., Salehi, M. A., Jahanshahi, A., Zakavi, S. S., Dehghani Firouzabadi, F., & Yousem, D. M. (2023). Brain-based Sex Differences in Depression: A Systematic Review of Neuroimaging Studies. Brain Imaging and Behavior, 1–29. Link Petito, A., Pop, T. L., Namazova-Baranova, L., Mestrovic, J., Nigri, L., Vural, M., Sacco, M., Giardino, I., Ferrara, P., & Pettoello-Mantovani, M. (2020). The Burden of Depression in Adolescents and the Importance of Early Recognition. The Journal of Pediatrics, 218, 265-267.e1. Link Zacher Kjeldsen, M.-M., Bricca, A., Liu, X., Frokjaer, V. G., Madsen, K. B., & Munk-Olsen, T. (2022). Family History of Psychiatric Disorders as a Risk Factor for Maternal Postpartum Depression: A Systematic Review and Meta-analysis. JAMA Psychiatry, 79(10), 1004–1013. Link",https://www.helpguide.org/mental-health/depression/depression-symptoms-and-warning-signs,coping_strategies,,,doc_0254,0
HelpGuide,depression,Coping with Depression,coping,"When you’re depressed, you can’t just will yourself to “snap out of it.” But these coping strategies can help you deal with depression and put you on the road to recovery. Tip 5: Get a daily dose of sunlight",https://www.helpguide.org/mental-health/depression/coping-with-depression,coping_strategies,,,doc_0255,0
HelpGuide,depression,Understanding depression,coping,"Depression is one of the most common mental health conditions, affecting about 280 million people in the world. While symptoms can vary greatly from one person to another, when you’re suffering from depression, life can seem overwhelmingly bleak and hopeless. It can interfere with your ability to think straight, drain your energy, and make it difficult to get through the day. Biological, social, and psychological factors can all contribute to depression. The stress and anxiety of modern life, from worries about money, relationships, and health, to loneliness, grief, and the daily onslaught of bad news from around the world, can trigger depression for the first time or exacerbate symptoms if you’ve already been diagnosed. Whatever the cause of your depression, though, there are strategies that can help you ease negative thoughts, improve your mood, and better cope with the symptoms of depression.",https://www.helpguide.org/mental-health/depression/coping-with-depression,coping_strategies,,,doc_0256,0
HelpGuide,depression,Tips on how to deal with depression,coping,"Since depression drains your energy, hope, and drive, it can be difficult to take the steps that will help you to feel better. Sometimes, just thinking about the things you should do to feel better, like exercising or spending time with friends, can seem exhausting or impossible to put into action. It’s the Catch-22 of depression recovery: The things that help the most are the things that are the most difficult to do. There is a big difference, however, between something that’s difficult and something that’s impossible. While recovering from depression isn’t quick or easy, you do have more control than you realize—even if your depression is severe and stubbornly persistent. The key is to start small and build from there. You may not have much energy, but by drawing on all your reserves, you should have enough to take a walk around the block or pick up the phone to call a loved one, for example. Taking the first step is always the hardest. But going for a walk or getting up and dancing to your favorite music, for example, is something you can do right now. And it can substantially boost your mood and energy for several hours—long enough to put a second recovery step into action, such as preparing a mood-boosting meal or arranging to meet an old friend. By using the following coping tips, you can make small but positive steps day by day. You may soon lift the heavy fog of depression and find yourself feeling happier, healthier, and more hopeful again.",https://www.helpguide.org/mental-health/depression/coping-with-depression,coping_strategies,,,doc_0257,0
HelpGuide,depression,Speak to a Licensed Therapist,coping,"BetterHelp is an online therapy service that matches you to licensed, accredited therapists who can help with depression, anxiety, relationships, and more. Take the assessment and get matched with a therapist in as little as 48 hours.",https://www.helpguide.org/mental-health/depression/coping-with-depression,coping_strategies,,,doc_0258,0
HelpGuide,depression,Tip 1: Reach out and stay connected,coping,"Getting support plays an essential role in overcoming depression. On your own, it can be difficult to maintain a healthy perspective and sustain the effort required to beat depression. At the same time, the very nature of depression makes it difficult to reach out for help. When you’re depressed, the tendency is to withdraw and isolate so that connecting to even close family members and friends can be tough. You may feel too exhausted to talk, ashamed at your situation, or guilty for neglecting certain relationships. But this is just the depression talking. Staying connected to other people and taking part in social activities will make a world of difference in your mood and outlook. Reaching out is not a sign of weakness and it won’t mean you’re a burden to others. Your loved ones care about you and want to help. And if you don’t feel that you have anyone to turn to, it’s never too late to build new friendships and improve your support network.",https://www.helpguide.org/mental-health/depression/coping-with-depression,coping_strategies,,,doc_0259,0
HelpGuide,depression,How to reach out for depression support,coping,"Look for support from people who make you feel safe and cared for. The person you talk to doesn’t have to be able to fix you; they just need to be a good listener—someone who’ll listen attentively and compassionately without being distracted or judging you. Make face-time a priority. Phone calls, social media, and texting are great ways to stay in touch, but they don’t replace good old-fashioned in-person quality time. The simple act of talking to someone face to face about how you feel can play a big role in relieving depression and keeping it away. Try to keep up with social activities even if you don’t feel like it. Often when you’re depressed, it feels more comfortable to retreat into your shell, but being around other people will make you feel less depressed. Find ways to support others. It’s nice to receive support, but research shows you get an even bigger mood boost from providing support yourself. So find ways—both big and small—to help others: volunteer, be a listening ear for a friend, do something nice for somebody. Care for a pet. While nothing can replace the human connection, pets can bring joy and companionship into your life and help you feel less isolated. Caring for a pet can also get you outside of yourself and give you a sense of being needed—both powerful antidotes to depression. Join a support group for depression. Being with others dealing with depression can go a long way in reducing your sense of isolation. You can also encourage each other, give and receive advice on how to cope, and share your experiences. If going to an in-person support group feels too difficult, some of the top online therapy platforms offer virtual support groups.",https://www.helpguide.org/mental-health/depression/coping-with-depression,coping_strategies,,,doc_0260,0
HelpGuide,depression,10 ways to connect with others,coping,"Ask a loved one to check in with you regularly. Accompany someone to the movies, a concert, or a small get-together. Go for a walk with a workout buddy. Meet new people by taking a class or joining a club. Confide in a clergy member, teacher, or sports coach.",https://www.helpguide.org/mental-health/depression/coping-with-depression,coping_strategies,,,doc_0261,0
HelpGuide,depression,Tip 2: Do things that make you feel good,coping,"In order to overcome depression, you have to do things that relax and energize you. This includes following a healthy lifestyle, learning how to better manage stress, setting limits on what you’re able to do, and scheduling fun activities into your day.",https://www.helpguide.org/mental-health/depression/coping-with-depression,coping_strategies,,,doc_0262,0
HelpGuide,depression,Do things you enjoy (or used to),coping,"When you’re depressed, the negative thoughts running over and over in your head can seem never ending. But you can break the cycle by focusing on something that adds meaning and purpose to your life. While you can’t force yourself to have fun or experience pleasure, you can push yourself to do things, even when you don’t feel like it. You might be surprised at how much better you feel once you’re out in the world. Even if your depression doesn’t lift immediately, you’ll gradually feel more upbeat and energetic as you make time for fun activities. Pick up a former hobby or a sport you used to like. Express yourself creatively through music, art, or writing. Go out with friends. Take a day trip to a museum, the mountains, or the ballpark. Try something new. Perhaps there’s something you’ve always wanted to learn, like a new language or a musical instrument? Or perhaps you’ve always wanted to write a short story, take up cooking, or grow your own vegetables? Focusing on a project or goal, even a small one, can give you a welcome break from negative thoughts and worries—and add a sense of meaning to your days. Spend time in nature. Whether it’s walking in the park, paddling on the beach, or going for a hike, spending time in nature can ease stress and put a smile on your face, even if you’re alone. Or try playing with your kids or a pet—they’ll benefit as much as you will. Limit your consumption of bad news. Yes, you want to stay informed about the world, but over-consuming sensationalistic news or unreliable social media coverage may only fuel your negativity and sadness. Limit how often you check news or social media and confine yourself to reputable sources.",https://www.helpguide.org/mental-health/depression/coping-with-depression,coping_strategies,,,doc_0263,0
HelpGuide,depression,Develop a “wellness toolbox” to deal with depression,coping,"Come up with a list of things that you can do for a quick mood boost. The more “tools” for coping with depression you have, the better. Try and implement a few of these ideas each day, even if you’re feeling good. For more ideas on tools to give your mood a quick, effective boost, read: I Feel Depressed.",https://www.helpguide.org/mental-health/depression/coping-with-depression,coping_strategies,,,doc_0264,0
HelpGuide,depression,Tip 3: Manage stress,coping,"Not only does stress prolong and worsen depression, but it can also trigger it. Figure out all the things in your life that stress you out, such as work overload, money problems, or unsupportive relationships, and find ways to relieve the pressure and regain control. Create a balanced schedule. It’s easy to fall into the trap of spending far more time working or completing chores than in making time for people and activities you enjoy. But to ease stress and avoid burnout, it’s important to find a healthy balance. Are there any responsibilities you can give up or delegate to others? Practice relaxation techniques. A daily relaxation practice can help relieve symptoms of depression, reduce stress, and boost feelings of joy and well-being. Try yoga, deep breathing, progressive muscle relaxation, or meditation. Express gratitude. When you’re depressed, it can seem that everything in life is bleak and hopeless. But even in the darkest days, it’s usually possible to find one thing you can be grateful about—the beauty of a sunset or a phone call from a friend, for example. It sounds simplistic, but taking a few moments to consciously note the things you appreciate in your life can have a notable impact on your stress levels and mood. To help you develop this simple habit, try HelpGuide’s Gratitude in Difficult Times meditation.",https://www.helpguide.org/mental-health/depression/coping-with-depression,coping_strategies,,,doc_0265,0
HelpGuide,depression,Tip 4: Get moving,coping,"When you’re depressed, just getting out of bed can seem like a daunting task, let alone working out! But exercise is a powerful depression fighter—and one of the most important tools in your recovery arsenal. Research shows that regular exercise can be as effective as medication for relieving depression symptoms. It also helps prevent relapse once you’re well. To get the most benefit, aim for at least 30 minutes of exercise per day. This doesn’t have to be all at once—and it’s okay to start small. A 10-minute walk can improve your mood for two hours.",https://www.helpguide.org/mental-health/depression/coping-with-depression,coping_strategies,,,doc_0266,0
HelpGuide,depression,Exercise is something you can do right now to boost your mood,coping,"Your fatigue will improve if you stick with it. Starting to exercise can be difficult when you’re depressed and feeling exhausted. But research shows that your energy levels will improve if you keep with it. Exercise will help you to feel energized and less fatigued, not more. Find exercises that are continuous and rhythmic. The most benefits for depression come from rhythmic exercise—such as walking, weight training, swimming, martial arts, or dancing—where you move both your arms and legs. Add a mindfulness element, especially if your depression is rooted in unresolved trauma or fed by obsessive, negative thoughts. Focus on how your body feels as you move—such as the sensation of your feet hitting the ground, or the feeling of the wind on your skin, or the rhythm of your breathing. Pair up with an exercise partner. Not only does working out with others enable you to spend time socializing, it can also help to keep you motivated. Try joining a running club, taking a water aerobics or dance class, seeking out tennis partners, or enrolling in a soccer or volleyball league. Take a dog for a walk. If you don’t own a dog, you can volunteer to walk homeless dogs for an animal shelter or rescue group. You’ll not only be helping yourself but also be helping to socialize and exercise the dogs, making them more adoptable.",https://www.helpguide.org/mental-health/depression/coping-with-depression,coping_strategies,,,doc_0267,0
HelpGuide,depression,Tip 5: Get a daily dose of sunlight,coping,"Sunlight can help boost serotonin levels and improve your mood. Whenever possible, get outside during daylight hours and expose yourself to the sun for at least 15 minutes a day. Remove sunglasses (but never stare directly at the sun) and use sunscreen as needed. Take a walk on your lunch break, have your coffee outside, enjoy an al fresco meal, or spend time gardening. Double up on the benefits of sunlight by exercising outside. Try hiking, walking in a local park, or playing golf or tennis with a friend. Increase the amount of natural light in your home and workplace by opening blinds and drapes and sitting near windows. If you live somewhere with little winter sunshine, try using a light therapy box.",https://www.helpguide.org/mental-health/depression/coping-with-depression,coping_strategies,,,doc_0268,0
HelpGuide,depression,Dealing with the winter blues,coping,"For some people, the reduced daylight hours of winter lead to a form of depression known as seasonal affective disorder (SAD). SAD can make you feel like a completely different person to who you are in the summer: hopeless, sad, tense, or stressed, with no interest in friends or activities you normally love. No matter how hopeless you feel, though, there are plenty of things you can do to keep your mood stable throughout the year.",https://www.helpguide.org/mental-health/depression/coping-with-depression,coping_strategies,,,doc_0269,0
HelpGuide,depression,Tip 6: Challenge negative thinking,coping,"Do you feel like you’re powerless or weak? That bad things happen and there’s not much you can do about it? That your situation is hopeless? Depression puts a negative spin on everything, including the way you see yourself and your expectations for the future. When these types of thoughts overwhelm you, it’s important to remember that this is a symptom of your depression and these irrational, pessimistic attitudes—known as cognitive distortions—aren’t realistic. When you really examine them they don’t hold up. But even so, they can be tough to give up. You can’t break out of this pessimistic mind frame by telling yourself to “just think positive.” Often, it’s part of a lifelong pattern of thinking that’s become so automatic you’re not even completely aware of it. Rather, the trick is to identify the type of negative thoughts that are fueling your depression, and replace them with a more balanced way of thinking.",https://www.helpguide.org/mental-health/depression/coping-with-depression,coping_strategies,,,doc_0270,0
HelpGuide,depression,How to challenge negative thinking,coping,"Keep a “negative thought log.” Whenever you experience a negative thought, jot it down on your phone or in a notebook—along with what triggered the negative thought. Once you identify the destructive thoughts patterns that contribute to your depression, you can start to challenge them. For example, if your significant other was short with you, you may have automatically assumed that the relationship was in trouble. However, a more realistic way to view it might be that your partner was just having a bad day. Examine the evidence that your thoughts are true. When challenging your negative thoughts, ask yourself if there is any evidence that your thoughts or beliefs are not true? For example, if you’re thinking, “I’ll be stuck in this dead-end job forever,” how realistic is that expectation? Are there facts that you’re ignoring, such as the potential for sending out a resume and interviewing for another job? Is there another, more realistic way of looking at your situation? Think outside yourself. Ask yourself, “Would I say what I’m thinking about myself to someone else?” If not, stop being so hard on yourself. Think about less harsh statements that offer more realistic descriptions. What would you tell a friend who had the same thought? Instead of labelling yourself a failure or a loser when something doesn’t go as planned, for example, look at things in a more realistic light: you made a mistake, but you can learn from it. Allow yourself to be less than perfect. Many depressed people are perfectionists, holding themselves to impossibly high standards and then beating themselves up when they fail to meet them. Battle this source of self-imposed stress by challenging your negative ways of thinking. We all have bad days and life is often unexpectedly messy. Ask yourself, “How might I look at this situation if I didn’t have depression?” Socialize with positive people. Notice how people who always look on the bright side deal with challenges, even minor ones, like not being able to find a parking space. Then consider how you would react in the same situation. Even if you have to pretend, try to adopt their optimism and persistence in the face of difficulty. As you cross-examine your negative thoughts, you may be surprised at how quickly they crumble. In the process, you’ll develop a more balanced perspective and help to relieve your depression.",https://www.helpguide.org/mental-health/depression/coping-with-depression,coping_strategies,,,doc_0271,0
HelpGuide,depression,Tip 7: Support your health by eating and sleeping well,coping,"What you eat has a direct impact on the way you feel. Aim for a balanced diet with plenty of fruit and vegetables, and reduce your intake of food that can adversely affect your mood. This includes caffeine, alcohol, and processed food with high levels of chemical preservatives or hormones (found in some packaged food and cured meats). Don’t skip meals. Going too long between meals can make you feel irritable and tired, so aim to eat something at least every three to four hours. Minimize sugar and refined carbs. You may crave refined carbs and sugar, baked goods, or comfort foods such as pasta or French fries, but these “feel-good” foods quickly lead to a crash in mood and energy. Aim to cut out as much of these foods as possible. Boost your B vitamins. Deficiencies in B vitamins such as folic acid and B-12 can trigger depression. To get more, take a B-complex vitamin supplement or eat more citrus fruit, leafy greens, beans, chicken, and eggs. Boost your mood with foods rich in omega-3 fatty acids. Omega-3 fatty acids play an essential role in stabilizing mood. The best sources are fatty fish such as salmon, herring, mackerel, anchovies, sardines, tuna, and some cold-water fish oil supplements.",https://www.helpguide.org/mental-health/depression/coping-with-depression,coping_strategies,,,doc_0272,0
HelpGuide,depression,Improve your sleep,coping,"Feeling tired can cause you to think irrationally, increase stress and anxious thoughts, and depress your mood. Aim for 7-9 hours of sleep each night. Depression typically involves sleep problems; whether you’re sleeping too little or too much, your mood suffers. Get on a better sleep schedule by learning healthy sleep habits. Try to go to sleep and get up at the same time every day, avoid bright screens within two hours of bedtime, develop a relaxing bedtime routine, and make sure your bedroom is cool, dark, and quiet. Find healthy ways to get back to sleep. If you wake up in the night, keep the lights low, do a quiet, non-stimulating activity, such as reading a book, or practice a sleep meditation using guided imagery.",https://www.helpguide.org/mental-health/depression/coping-with-depression,coping_strategies,,,doc_0273,0
HelpGuide,depression,When to get professional help for depression,coping,"If you’ve taken self-help steps and made positive lifestyle changes and still find your depression getting worse, seek professional help. Needing additional help doesn’t mean you’re weak. Sometimes the negative thinking in depression can make you feel like you’re a lost cause, but depression can be treated and you can feel better! If you prefer online treatment, we tested and reviewed the best online psychiatrists to help you find trusted, licensed providers who fit your needs. Don’t forget about these self-help tips, though. Even if you’re receiving professional help, these tips can be part of your treatment plan, speeding your recovery and helping to prevent depression from returning.",https://www.helpguide.org/mental-health/depression/coping-with-depression,coping_strategies,,,doc_0274,0
HelpGuide,depression,"Depression hotlines, suicide prevention help",coping,In the U.S. Find DBSA Chapters/Support Groups or call the NAMI Helpline for support and referrals at 1-800-950-6264 Find DBSA Chapters/Support Groups or call the NAMI Helpline for support and referrals at 1-800-950-6264 UK Find Depression support groups in-person and online or call the Mind Infoline at 0300 123 3393 Find Depression support groups in-person and online or call the Mind Infoline at 0300 123 3393 Australia Call the SANE Help Centre at 1800 18 7263 Call the SANE Help Centre at 1800 18 7263 India Call the Vandrevala Foundation Helpline (India) at 1860 2662 345 or 1800 2333 330 Call the Vandrevala Foundation Helpline (India) at 1860 2662 345 or 1800 2333 330 Canada Call Mood Disorders Society of Canada at 519-824-5565 Call Mood Disorders Society of Canada at 519-824-5565 In the U.S. Call 988 Suicide and Crisis Lifeline at 988 Call 988 Suicide and Crisis Lifeline at 988 UK and Ireland Call Samaritans UK at 116 123 Australia Call Lifeline Australia at 13 11 14 Other countries Visit IASP or Suicide.org to find a helpline near you Visit IASP or Suicide.org to find a helpline near you,https://www.helpguide.org/mental-health/depression/coping-with-depression,coping_strategies,,,doc_0275,0
HelpGuide,depression,More Information,coping,"Gariépy, G., Honkaniemi, H., & Quesnel-Vallée, A. (2016). Social support and protection from depression: Systematic review of current findings in Western countries. The British Journal of Psychiatry, 209(4), 284–293. Link Cuijpers, P., Stringaris, A., & Wolpert, M. (2020). Treatment outcomes for depression: Challenges and opportunities. The Lancet Psychiatry, 7(11), 925–927. Link Depressive Disorders. (2013). In Diagnostic and Statistical Manual of Mental Disorders. American Psychiatric Association. Link “Depressive Disorder (Depression).” Accessed February 12, 2025. Link Mental Health America. “Quick Facts and Statistics About Mental Health.” Accessed February 12, 2025. Link",https://www.helpguide.org/mental-health/depression/coping-with-depression,coping_strategies,,,doc_0276,0
HelpGuide,anxiety,What is anxiety?,condition_info,"Anxiety is a normal reaction to danger, the body’s automatic fight-or-flight response that is triggered when you feel threatened, under pressure, or are facing a challenging situation, such as a job interview, exam, or first date. In moderation, anxiety isn’t necessarily a bad thing. It can help you to stay alert and focused, spur you to action, and motivate you to solve problems. But when anxiety is constant or overwhelming—when worries and fears interfere with your relationships and daily life—you’ve likely crossed the line from normal anxiety into the territory of an anxiety disorder. Since anxiety disorders are a group of related conditions rather than a single disorder, symptoms may vary from person to person. One individual may suffer from intense anxiety attacks that strike without warning, while another gets panicky at the thought of mingling at a party. Someone else may struggle with a disabling fear of driving, or uncontrollable, intrusive thoughts. Yet another may live in a constant state of tension, worrying about anything and everything. But despite their different forms, all anxiety disorders illicit an intense fear or worry out of proportion to the situation at hand. While having an anxiety disorder can be disabling, preventing you from living the life you want, it’s important to know that you’re not alone. Anxiety disorders are among the most common mental health issues—and are highly treatable. Once you understand your anxiety disorder, there are steps you can take to reduce the symptoms and regain control of your life.",https://www.helpguide.org/mental-health/anxiety/anxiety-disorders-and-anxiety-attacks,coping_strategies,,,doc_0277,0
HelpGuide,anxiety,What is an anxiety attack?,condition_info,"An anxiety attack occurs when stressors or fears build up over time. A relationship conflict or an overloaded work schedule, for example, could gradually increase your anxiousness until you feel completely overwhelmed for a period. For the duration of an anxiety attack, you might experience symptoms such as a lack of focus, tension, or irritability. You could also feel both restless and quickly fatigued. However, often when people talk about anxiety attacks, they’re really referring to panic attacks. These are episodes of intense panic or fear. They usually occur suddenly and without warning. Sometimes there’s an obvious trigger—getting stuck in an elevator, for example, or thinking about the big speech you have to give—but in other cases, the attacks come out of the blue. Panic attacks usually peak within ten minutes, and they rarely last more than 30 minutes. But during that short time, you may experience terror so severe that you feel as if you’re about to die or totally lose control. The physical symptoms are themselves so frightening that many people think they’re having a heart attack. After a panic attack is over, you may worry about having another one, particularly in a public place where help isn’t available or you can’t easily escape.",https://www.helpguide.org/mental-health/anxiety/anxiety-disorders-and-anxiety-attacks,coping_strategies,,,doc_0278,0
HelpGuide,anxiety,Panic attack symptoms include:,condition_info,"It’s important to seek help if you’re starting to avoid certain situations because you’re afraid of having a panic attack. The truth is that panic attacks are highly treatable. In fact, many people are panic free within just five to eight treatment sessions.",https://www.helpguide.org/mental-health/anxiety/anxiety-disorders-and-anxiety-attacks,coping_strategies,,,doc_0279,0
HelpGuide,anxiety,High-functioning anxiety,condition_info,"“High-functioning anxiety” is a term you may have come across online. It’s not a clinical diagnosis but is sometimes used to describe a person who manages to cope with the demands of daily life despite having anxiety. Outwardly, they may seem unflappable. But beneath their calm demeanor, they’re plagued by anxious and negative thoughts. If you have high-functioning anxiety, you might seem proactive, outgoing, organized, and achievement-oriented. You may even come off as a perfectionist or model student or employee. However, your underlying anxiety can still have health consequences, including irritability, insomnia, and muscle tension. Different people experience anxiety symptoms in different ways. It’s important to remember that some people are dealing with struggles that aren’t always apparent.",https://www.helpguide.org/mental-health/anxiety/anxiety-disorders-and-anxiety-attacks,coping_strategies,,,doc_0280,0
HelpGuide,anxiety,Do I have an anxiety disorder?,condition_info,"If you identify with any of the following seven signs and symptoms, and they just won’t go away, you may be suffering from an anxiety disorder: Are you constantly tense, worried, or on edge? Does your anxiety interfere with your work, school, or family responsibilities? Are you plagued by fears that you know are irrational, but can’t shake? Do you believe that something bad will happen if certain things aren’t done a certain way? Do you avoid everyday situations or activities because they cause you anxiety? Do you experience sudden, unexpected attacks of heart-pounding panic? Do you feel like danger and catastrophe are around every corner?",https://www.helpguide.org/mental-health/anxiety/anxiety-disorders-and-anxiety-attacks,coping_strategies,,,doc_0281,0
HelpGuide,anxiety,Around the web,condition_info,"Some practical advice Stanley Rachman ed., Oxford Academic Books, 2009 Treatment of anxiety disorders David S. Baldwin, Oxford Academic Books, 2020 Anxiety Disorders in Adults: A Clinical Guide MD Starcevic, Oxford Academic Books, 2009 Future Directions in Anxiety Disorders Research Martin M. Antony, MIT Press, 2008",https://www.helpguide.org/mental-health/anxiety/anxiety-disorders-and-anxiety-attacks,coping_strategies,,,doc_0282,0
HelpGuide,anxiety,Anxiety and anxiety attack symptoms,condition_info,"In addition to the primary symptom of excessive and irrational fear and worry, other common emotional symptoms include: But anxiety is more than just a feeling. As a product of the body’s fight-or-flight response, it also involves a wide range of physical symptoms, including: Because of these physical symptoms, anxiety sufferers often mistake their disorder for a medical illness. They may visit many doctors and make numerous trips to the hospital before their anxiety disorder is finally recognized.",https://www.helpguide.org/mental-health/anxiety/anxiety-disorders-and-anxiety-attacks,coping_strategies,,,doc_0283,0
HelpGuide,anxiety,The link between anxiety symptoms and depression,condition_info,"Many people with anxiety disorders also suffer from depression at some point. Anxiety and depression are believed to stem from the same biological vulnerability, which may explain why they so often go hand-in-hand. Since depression makes anxiety worse (and vice versa), it’s important to seek treatment for both conditions.",https://www.helpguide.org/mental-health/anxiety/anxiety-disorders-and-anxiety-attacks,coping_strategies,,,doc_0284,0
HelpGuide,anxiety,Generalized anxiety disorder (GAD),condition_info,"If constant worries and fears distract you from your day-to-day activities, or you’re troubled by a persistent feeling that something bad is going to happen, you may be suffering from generalized anxiety disorder (GAD). People with GAD are chronic worrywarts who feel anxious nearly all of the time, though they may not even know why. GAD often manifests in physical symptoms like insomnia, stomach upset, restlessness, and fatigue.",https://www.helpguide.org/mental-health/anxiety/anxiety-disorders-and-anxiety-attacks,coping_strategies,,,doc_0285,0
HelpGuide,anxiety,Panic attacks and panic disorder,condition_info,"Panic disorder is characterized by repeated, unexpected panic attacks, as well as fear of experiencing another episode. Agoraphobia, the fear of being somewhere where escape or help would be difficult in the event of a panic attack, may also accompany a panic disorder. If you have agoraphobia, you are likely to avoid public places such as shopping malls, or confined spaces such as an airplane.",https://www.helpguide.org/mental-health/anxiety/anxiety-disorders-and-anxiety-attacks,coping_strategies,,,doc_0286,0
HelpGuide,anxiety,Obsessive-compulsive disorder (OCD),condition_info,"Obsessive-compulsive disorder (OCD) is characterized by unwanted thoughts or behaviors that seem impossible to stop or control. If you have OCD, you may feel troubled by obsessions, such as a recurring worry that you forgot to turn off the oven or that you might hurt someone. You may also suffer from uncontrollable compulsions, such as washing your hands over and over.",https://www.helpguide.org/mental-health/anxiety/anxiety-disorders-and-anxiety-attacks,coping_strategies,,,doc_0287,0
HelpGuide,anxiety,Hoarding disorder,condition_info,"Hoarding disorder is a chronic difficulty discarding possessions, accompanied by a dysfunctional attachment to even worthless items. It can lead to excessive accumulation of possessions (or animals) and a cluttered living space. You may attribute emotion to inanimate objects, have a strong sentimental attachment to items, or see the use in any object. These beliefs can make discarding items overwhelm you with feelings of anxiety, guilt, or sadness.",https://www.helpguide.org/mental-health/anxiety/anxiety-disorders-and-anxiety-attacks,coping_strategies,,,doc_0288,0
HelpGuide,anxiety,Phobias and irrational fears,condition_info,"A phobia is an unrealistic or exaggerated fear of a specific object, activity, or situation that in reality presents little to no danger. Common phobias include fear of animals (such as snakes and spiders), fear of flying, and fear of needles. In the case of a severe phobia, you might go to extreme lengths to avoid the object of your fear. Unfortunately, avoidance only strengthens the phobia.",https://www.helpguide.org/mental-health/anxiety/anxiety-disorders-and-anxiety-attacks,coping_strategies,,,doc_0289,0
HelpGuide,anxiety,Social anxiety disorder,condition_info,"If you have a debilitating fear of being viewed negatively by others and humiliated in public, you may have social anxiety disorder, also known as social phobia. It can be thought of as extreme shyness and in severe cases, social situations are avoided altogether. Performance anxiety (better known as stage fright) is the most common type of social phobia.",https://www.helpguide.org/mental-health/anxiety/anxiety-disorders-and-anxiety-attacks,coping_strategies,,,doc_0290,0
HelpGuide,anxiety,Post-traumatic stress disorder (PTSD),condition_info,"Post-traumatic stress disorder (PTSD) is an extreme anxiety disorder that can occur in the aftermath of a traumatic or life-threatening event. PTSD can be thought of as a panic attack that rarely, if ever, lets up. Symptoms of PTSD include flashbacks or nightmares about the incident, hypervigilance, startling easily, withdrawing from others, and avoiding situations that remind you of the event.",https://www.helpguide.org/mental-health/anxiety/anxiety-disorders-and-anxiety-attacks,coping_strategies,,,doc_0291,0
HelpGuide,anxiety,Separation anxiety disorder,condition_info,"While separation anxiety is a normal stage of development, if anxieties intensify or are persistent enough to get in the way of school or other activities, your child may have separation anxiety disorder. They may become agitated at just the thought of being away from mom or dad and complain of sickness to avoid playing with friends or going to school.",https://www.helpguide.org/mental-health/anxiety/anxiety-disorders-and-anxiety-attacks,coping_strategies,,,doc_0292,0
HelpGuide,anxiety,Anxiety causes,condition_info,"The specific causes of anxiety can vary depending on the type of anxiety disorder you’re dealing with. However, anxiety may often be the result of multiple factors, including genetics and life experiences. Genetics. Studies of twins and families indicate that, to some degree, anxiety may be hereditary. In other words, some people may simply be more genetically prone to being anxious. Stressful or traumatic past events. Experiencing physical or emotional abuse and neglect can trigger an anxiety disorder. For example, being bullied can increase the risk of high anxiety. Learned behavior. If you grew up with parents who were fearful and focused on worst-case situations, you might have adopted their nervous tendencies. Physical conditions. Conditions that cause chronic pain can contribute to an increase in overall anxiety. Stressful life circumstances can also trigger a short- or long-term uptick in your anxiety levels, such as sleep deprivation, divorce, or bereavement.",https://www.helpguide.org/mental-health/anxiety/anxiety-disorders-and-anxiety-attacks,coping_strategies,,,doc_0293,0
HelpGuide,anxiety,How to deal with anxiety and anxiety attacks,condition_info,"Not everyone who worries a lot has an anxiety disorder. You may feel anxious because of an overly demanding schedule, lack of exercise or sleep, pressure at home or work, or even from too much caffeine. The bottom line is that if your lifestyle is unhealthy and stressful, you’re more likely to feel anxious—whether or not you actually have an anxiety disorder. [Read: I Feel Anxious: Tips for Dealing with Anxiety] The following tips can help to lower anxiety and manage symptoms of a disorder:",https://www.helpguide.org/mental-health/anxiety/anxiety-disorders-and-anxiety-attacks,coping_strategies,,,doc_0294,0
HelpGuide,anxiety,Tip 1: Ease your stress,condition_info,"Everyday stressors, whether they include financial hurdles or interactions with difficult family members, can contribute to your overall anxiety. If your stress levels are through the roof, stress management can help. Lighten your load. Look at your responsibilities and see if there are any you can give up, turn down, or delegate to others. For example, practice politely saying “no” to taking on extra tasks in the workplace, or ask your spouse to help out more around the house when you’re feeling overwhelmed. Practice relaxation techniques. When practiced regularly relaxation techniques such as mindfulness meditation, progressive muscle relaxation, and deep breathing can reduce anxiety symptoms. Put a stop to chronic worrying. Worrying is a mental habit you can learn how to break. Strategies such as creating a worry period, challenging anxious thoughts, and learning to accept uncertainty can significantly reduce worry and calm your anxious thoughts.",https://www.helpguide.org/mental-health/anxiety/anxiety-disorders-and-anxiety-attacks,coping_strategies,,,doc_0295,0
HelpGuide,anxiety,Tip 2: Care for your body,condition_info,"Your daily self-care habits can have a significant impact on your anxiety levels. In short, the better you treat yourself, the less likely you are to feel stressed out, fatigued, and negative throughout the day. Exercise regularly. Exercise is a natural stress buster and anxiety reliever. To achieve the maximum benefit, aim for at least 30 minutes of aerobic exercise on most days (broken up into short periods if that’s easier). Get enough sleep. Research shows that a lack of sleep can exacerbate anxious thoughts and feelings, so try to get seven to nine hours of quality sleep a night. Be smart about caffeine, alcohol, and nicotine. Caffeine and alcohol can make anxiety worse. And while it may seem like cigarettes are calming, nicotine is actually a powerful stimulant that leads to higher, not lower, levels of anxiety.",https://www.helpguide.org/mental-health/anxiety/anxiety-disorders-and-anxiety-attacks,coping_strategies,,,doc_0296,0
HelpGuide,anxiety,Tip 3: Shift your perception of anxiety and anxiety attacks,condition_info,"In some cases, the physical sensations that accompany anxiety—the shaking, the knot in your stomach, the rapid heartbeat—become more things that you fear and try to avoid. Rather than living in fear of anxiety symptoms, though, it may help to view them as temporary and natural—something to accept and learn to work with. In his book, “Dare: The New Way to End Anxiety,” author Barry McDonagh offers a four-step process to shifting your perception of anxiety: DARE. Defuse. You might have noticed that anxiety builds on internal “what if” questions. “What if my anxiety spirals out of control?” “What if everyone notices me trembling?” Respond to those “what if” questions with, “So what?” Remind yourself that you’ve experienced anxiety before, and it’s harmless. Accept. Allow the sensations to exist without trying to fight them off. You don’t need to control that rapid heartbeat. Just let it be. Resist the urge to label anxiety symptoms as “good” or “bad.” Run towards it. Tell yourself that you’re not anxious. You’re actually just excited. Demand that the sensations increase. Think of this as “calling anxiety’s bluff.” The purpose of this is to show yourself that anxiety really is harmless—it’s just a flood of adrenaline. It’s your perception of that energy that is important. Engage. Once anxiety begins to subside, don’t fixate on the fleeting feelings. Instead, move on to a new activity. Focus all of your senses on whatever you’re doing. This helps ground you in the present again. When trying the DARE technique, it might help to visualize anxiety as a little creature that visits you on occasion. You allow it to exist, maybe even embrace it, and then, eventually, it will wander off.",https://www.helpguide.org/mental-health/anxiety/anxiety-disorders-and-anxiety-attacks,coping_strategies,,,doc_0297,0
HelpGuide,anxiety,Tip 4: Connect with others,condition_info,"Loneliness and isolation can trigger or worsen anxiety, while talking about your worries face to face can often make them seem less overwhelming. Make it a point to regularly meet up with friends, join a self-help or support group, or share your worries and concerns with a trusted loved one. Expand your social circle. If you feel like you don’t currently have enough social support, know that it’s never too late to make new friends and acquaintances. From joining clubs that relate to your favorite hobbies to trying out volunteer opportunities, there’s no shortage of ways to branch out. Look to people who understand your condition. If you have a specific anxiety disorder, such as social anxiety disorder, consider looking for a support group that focuses on that condition. This will give you an opportunity to talk to people who truly understand what you’re going through. You might also learn or share coping techniques.",https://www.helpguide.org/mental-health/anxiety/anxiety-disorders-and-anxiety-attacks,coping_strategies,,,doc_0298,0
HelpGuide,anxiety,When to seek professional help for anxiety and anxiety attacks,condition_info,"While self-help coping strategies can be very effective, if your worries, fears, or anxiety attacks have become so great that they’re causing extreme distress or disrupting your daily routine, it’s important to seek professional help. If you’re experiencing a lot of physical symptoms, you should start by getting a medical checkup. Your doctor can check to make sure that your anxiety isn’t caused by a medical condition, such as a thyroid problem, hypoglycemia, or asthma. Since certain drugs and supplements can cause anxiety, your doctor will also want to know about any prescriptions, over-the-counter medications, herbal remedies, and recreational drugs you’re taking. If your physician rules out a medical cause, the next step is to consult with a therapist who has experience treating anxiety disorders. The therapist will work with you to determine the cause and type of your disorder and devise a course of treatment.",https://www.helpguide.org/mental-health/anxiety/anxiety-disorders-and-anxiety-attacks,coping_strategies,,,doc_0299,0
HelpGuide,anxiety,Anxiety treatment,condition_info,"Anxiety disorders respond very well to in-person and online therapy—and often in a relatively short amount of time. The specific treatment approach depends on the type of anxiety disorder and its severity. But in general, most are treated with therapy, medication, or some combination of the two. Cognitive-behavioral therapy and exposure therapy are types of behavioral therapy, meaning they focus on behavior rather than on underlying psychological conflicts or issues from the past. They can help with issues such as panic attacks, generalized anxiety, and phobias. Cognitive-behavior therapy (CBT) helps you identify and challenge the negative thinking patterns and irrational beliefs that fuel your anxiety. As well as in-person CBT therapists, there are also online CBT platforms. Exposure therapy encourages you to confront your fears and anxieties in a safe, controlled environment. Through gradual exposure to the feared object or situation, either in your imagination or in reality, you gain a greater sense of control. As you face your fear without being harmed, your anxiety will diminish.",https://www.helpguide.org/mental-health/anxiety/anxiety-disorders-and-anxiety-attacks,coping_strategies,,,doc_0300,0
HelpGuide,anxiety,Anxiety medication,condition_info,"If you have anxiety that’s severe enough to interfere with your ability to function, medication may help relieve some symptoms. However, anxiety medications can be habit forming and cause unwanted or even dangerous side effects, so be sure to research your options carefully. Many people use anti-anxiety medication when therapy, exercise, or self-help strategies would work just as well or better—minus the side effects and safety concerns. It’s important to weigh the benefits and risks of medication so you can make an informed decision.",https://www.helpguide.org/mental-health/anxiety/anxiety-disorders-and-anxiety-attacks,coping_strategies,,,doc_0301,0
HelpGuide,anxiety,Hotlines and support,condition_info,"NAMI Helpline – Trained volunteers can provide information, referrals, and support for those suffering from anxiety disorders in the U.S. Call 1-800-950-6264. (National Alliance on Mental Illness) Find a Therapist – Search for anxiety disorder treatment providers in the U.S. (Anxiety Disorders Association of America) Support Groups – List of support groups in the U.S., Canada, Australia, and South Africa. (Anxiety and Depression Association of America) Anxiety UK – Information, support, and a dedicated helpline for UK sufferers and their families. Call: 03444 775 774. (Anxiety UK) Anxiety Canada – Provides links to services in different Canadian provinces. (Anxiety Disorders Association of Canada) SANE Help Centre – Provides information about symptoms, treatments, medications, and where to go for support in Australia. Call: 1800 18 7263. (SANE Australia). Helpline (India) – Provides information and support to those with mental health concerns in India. Call: 1860 2662 345 or 1800 2333 330. (Vandrevala Foundation).",https://www.helpguide.org/mental-health/anxiety/anxiety-disorders-and-anxiety-attacks,coping_strategies,,,doc_0302,0
HelpGuide,anxiety,More Information,condition_info,"DeMartini, J., Patel, G., & Fancher, T. L. (2019). Generalized Anxiety Disorder. Annals of Internal Medicine, 170(7), ITC49–ITC64. Link Kandola, A., Vancampfort, D., Herring, M., Rebar, A., Hallgren, M., Firth, J., & Stubbs, B. (2018). Moving to Beat Anxiety: Epidemiology and Therapeutic Issues with Physical Activity for Anxiety. Current Psychiatry Reports, 20(8), 63. Link Craske, M. G., & Stein, M. B. (2016). Anxiety. Lancet (London, England), 388(10063), 3048–3059. Link Borza, L. (2017). Cognitive-behavioral therapy for generalized anxiety. Dialogues in Clinical Neuroscience, 19(2), 203–208. Link Park, S.-C., & Kim, Y.-K. (2020). Anxiety Disorders in the DSM-5: Changes, Controversies, and Future Directions. Advances in Experimental Medicine and Biology, 1191, 187–196. Link Otte, C. (2011). Cognitive behavioral therapy in anxiety disorders: Current state of the evidence. Dialogues in Clinical Neuroscience, 13(4), 413–421. Link Tolin, D. F. (2010). Is cognitive–behavioral therapy more effective than other therapies?: A meta-analytic review. Clinical Psychology Review, 30(6), 710–720. Link Aylett, E., Small, N., & Bower, P. (2018). Exercise in the treatment of clinical anxiety in general practice – a systematic review and meta-analysis. BMC Health Services Research, 18(1), 559. Link Anxiety Disorders. (2013). In Diagnostic and Statistical Manual of Mental Disorders. American Psychiatric Association. Link Mellifont, D. (2019). Neuro magnifico! An exploratory study critically reviewing news text reporting of anxiety-related work performance strengths, challenges and support measures. Work, 63(3), 435–446. Link Signs You Have High-Functioning Anxiety – Cleveland Clinic. (n.d.). Retrieved August 28, 2022, from Link Copeland, W. E., Wolke, D., Angold, A., & Costello, E. J. (2013). Adult Psychiatric Outcomes of Bullying and Being Bullied by Peers in Childhood and Adolescence. JAMA Psychiatry, 70(4), 419. Link Generalized Anxiety Disorder (GAD) | Boston Children’s Hospital. (n.d.). Retrieved May 19, 2023, from Link Gottschalk, M. G., & Domschke, K. (2017). Genetics of generalized anxiety disorder and related traits. Dialogues in Clinical Neuroscience, 19(2), 159–168. Link Hald, G. M., Ciprić, A., Sander, S., & Strizzi, J. M. (2022). Anxiety, depression and associated factors among recently divorced individuals. Journal of Mental Health, 31(4), 462–470. Link Kaloeti, D. V. S., Manalu, R., Kristiana, I. F., & Bidzan, M. (2021). The Role of Social Media Use in Peer Bullying Victimization and Onset of Anxiety Among Indonesian Elementary School Children. Frontiers in Psychology, 12, 635725. Link Kascakova, N., Furstova, J., Hasto, J., Madarasova Geckova, A., & Tavel, P. (2020). The Unholy Trinity: Childhood Trauma, Adulthood Anxiety, and Long-Term Pain. International Journal of Environmental Research",https://www.helpguide.org/mental-health/anxiety/anxiety-disorders-and-anxiety-attacks,coping_strategies,,,doc_0303,0
HelpGuide,anxiety,Anxiety Attack vs Panic Attack,condition_info,"While anxiety attacks and panic attacks can share some symptoms, there are key differences. Learn how to tell them apart and what to do if you’re experiencing anxiety or panic attacks.",https://www.helpguide.org/mental-health/anxiety/anxiety-disorders-and-anxiety-attacks,coping_strategies,,,doc_0304,0
HelpGuide,anxiety,Around the web,condition_info,"Some practical advice Stanley Rachman ed., Oxford Academic Books, 2009 Treatment of anxiety disorders David S. Baldwin, Oxford Academic Books, 2020 Anxiety Disorders in Adults: A Clinical Guide MD Starcevic, Oxford Academic Books, 2009 Future Directions in Anxiety Disorders Research Martin M. Antony, MIT Press, 2008 Anxiety Disorders Ambreen Ghori, Oxford Academic Books, 2017 Anxiety: A Very Short Introduction Daniel Freeman, Oxford Academic Books, 2012 Defining Anxiety Disorders Edna B. Foa, Oxford Academic Books, 2017 Overview and Introduction to Anxiety Disorders Martin M. Antony, MIT Press, 2008",https://www.helpguide.org/mental-health/anxiety/anxiety-disorders-and-anxiety-attacks,coping_strategies,,,doc_0305,0
HelpGuide,anxiety,How to Stop Worrying and End Anxious Thoughts,coping,"Are you plagued by constant worries, fears, and anxious thoughts, especially about things you can’t control? These tips can help calm your worried mind, ease anxiety, and end negative thinking. Tip 3: Ask if it's in your control",https://www.helpguide.org/mental-health/anxiety/how-to-stop-worrying,coping_strategies,,,doc_0306,0
HelpGuide,anxiety,How to stop worrying,coping,"Worries, doubts, and anxieties are a normal part of life. It’s natural to worry about an unpaid bill, an upcoming job interview, or a first date. But “normal” worry becomes excessive when it’s persistent and uncontrollable. You worry every day about “what ifs” and worst-case scenarios, you can’t get anxious thoughts out of your head, and it interferes with your daily life. Constant worrying, negative thinking, and always expecting the worst can take a toll on your emotional and physical health. It can sap your emotional strength, leave you feeling restless and jumpy, cause insomnia, headaches, stomach problems, and muscle tension, and make it difficult to concentrate at work or school. You may take your negative feelings out on the people closest to you, self-medicate with alcohol or drugs, or try to distract yourself by zoning out in front of screens. Chronic worrying can also be a major symptom of generalized anxiety disorder (GAD), a common anxiety disorder that involves tension, nervousness, and a general feeling of unease that colors your whole life. If you’re plagued by exaggerated worry and tension, there are steps you can take to turn off anxious thoughts. Chronic worrying is a mental habit that can be broken. You can train your brain to stay calm and look at life from a more balanced, less fearful perspective.",https://www.helpguide.org/mental-health/anxiety/how-to-stop-worrying,coping_strategies,,,doc_0307,0
HelpGuide,anxiety,Signs you worry too much,coping,"The consequences of chronic worrying can manifest in various ways. Here are some examples of the physical, mental, and behavioral symptoms of constant worrying: Restlessness. You may feel physically jittery, or restless and unfocused at work or school because your attention is so focused on your worries. Fatigue. You can feel exhausted if your body’s stress response is active for too long. You may find yourself sleeping a lot but quickly feeling tired again. Sleeplessness. On the other hand, your worries can keep you awake at night. You might have a hard time quieting your thoughts before bed, kept awake by the various “what-if” situations running through your head. Muscle tension and pain. Many people carry stress in their bodies. You might clench your jaw when you’re worried, for example, which can trigger headaches. Or you may adopt a rigid posture, which causes aches and pains in other parts of the body. Self-medication. You may self-medicate by turning to drugs or alcohol to change how you feel, or try to distract yourself from your worries by gambling or spending too much time online. Changes in social life. The effects of chronic worrying can also spill over into your social life. You might find that you become short-tempered with people around you, or even self-isolate from others because you feel so emotionally exhausted and on edge.",https://www.helpguide.org/mental-health/anxiety/how-to-stop-worrying,coping_strategies,,,doc_0308,0
HelpGuide,anxiety,Why do I worry so much?,coping,"Constant worrying can keep you up at night and make you tense and edgy during the day. And even though you hate feeling like a nervous wreck, it can still be so difficult to stop. For most chronic worriers, the anxious thoughts are fueled by the beliefs—both negative and positive—that you hold about worrying:",https://www.helpguide.org/mental-health/anxiety/how-to-stop-worrying,coping_strategies,,,doc_0309,0
HelpGuide,anxiety,Negative beliefs about worry,coping,"You may believe that your constant worrying is harmful, that it’s going to drive you crazy or affect your physical health. Or you may worry that you’re going to lose all control over your worrying—that it will take over and never stop. While negative beliefs, or worrying about worrying, adds to your anxiety and keeps worry going, positive beliefs about worrying can be just as damaging.",https://www.helpguide.org/mental-health/anxiety/how-to-stop-worrying,coping_strategies,,,doc_0310,0
HelpGuide,anxiety,Positive beliefs about worry,coping,"You may believe that your worrying helps you avoid bad things, prevents problems, prepares you for the worst, or leads to solutions. Maybe you tell yourself that if you keep worrying about a problem long enough, you’ll eventually be able to figure it out? Or perhaps you’re convinced that worrying is a responsible thing to do or the only way to ensure you don’t overlook something? It’s tough to break the worry habit if you believe that your worrying serves a positive purpose. Once you realize that worrying is the problem, not the solution, you can regain control of your worried mind.",https://www.helpguide.org/mental-health/anxiety/how-to-stop-worrying,coping_strategies,,,doc_0311,0
HelpGuide,anxiety,Tips on how to stop worrying,coping,"Although you can’t stop worrying entirely, there are steps you can take to better manage your anxious thoughts and reduce rumination. Some strategies involve setting aside a specific time to worry, challenging negative thought patterns, and identifying what’s beyond your control. You can also use techniques, such as exercise and meditation, to interrupt anxious spirals. Lastly, opening up to others and building mindfulness are additional ways you can improve your overall well-being. Not every strategy will work for every person. Experiment with each tip and stick with whatever works best for you.",https://www.helpguide.org/mental-health/anxiety/how-to-stop-worrying,coping_strategies,,,doc_0312,0
HelpGuide,anxiety,Tip 1: Create a daily “worry” period,coping,"It’s tough to be productive in your daily activities when anxiety and worry are dominating your thoughts and distracting you from work, school, or your home life. This is where the strategy of postponing worrying can help. Telling yourself to stop worrying doesn’t work. In fact, trying to do so often makes your worries stronger and more persistent. This is because trying to “thought stop” forces you to pay extra attention to the very thought you want to avoid. But that doesn’t mean there’s nothing you can do to control worry. You just need a different approach. This is where the strategy of postponing worrying comes in. Rather than trying to stop or get rid of an anxious thought, give yourself permission to have it, but put off dwelling on it until later. Create a “worry period.” Choose a set time and place for worrying. It should be the same every day (e.g. in the living room from 5:00 to 5:20 p.m.) and early enough that it won’t make you anxious right before bedtime. During your worry period, you’re allowed to worry about whatever’s on your mind. The rest of the day, however, is a worry-free zone. Write down your worries. If an anxious thought or worry comes into your head during the day, make a brief note of it and then continue about your day. Remind yourself that you’ll have time to think about it later, so there’s no need to worry about it right now. Also, writing down your thoughts—on a pad or on your phone or computer—is much harder work than simply thinking them, so your worries are more likely to lose their power. Go over your “worry list” during the worry period. If the thoughts you wrote down are still bothering you, allow yourself to worry about them, but only for the amount of time you’ve specified for your worry period. As you examine your worries in this way, you’ll often find it easier to develop a more balanced perspective. And if your worries don’t seem important any more, simply cut your worry period short and enjoy the rest of your day. Postponing worrying is effective because it breaks the habit of dwelling on worries when you’ve got other things to do, yet there’s no struggle to suppress the thought or judge it. You simply save it for later. And as you develop the ability to",https://www.helpguide.org/mental-health/anxiety/how-to-stop-worrying,coping_strategies,,,doc_0313,0
HelpGuide,anxiety,Tip 2: Challenge anxious thoughts,coping,"If you suffer from chronic anxiety and worry, chances are you look at the world in ways that make it seem more threatening than it really is. For example, you may overestimate the possibility that things will turn out badly, jump immediately to worst-case scenarios, or treat every anxious thought as if it were fact. You may also discredit your own ability to handle life’s problems, assuming you’ll fall apart at the first sign of trouble. These irrational, pessimistic attitudes are known as cognitive distortions. Although cognitive distortions aren’t based on reality, they’re not easy to give up. Often, they’re part of a lifelong pattern of thinking that’s become so automatic you’re not even completely aware of it.",https://www.helpguide.org/mental-health/anxiety/how-to-stop-worrying,coping_strategies,,,doc_0314,0
HelpGuide,anxiety,"Cognitive distortions that add to worry, anxiety, and stress include:",coping,"All-or-nothing thinking. Looking at things in black-or-white categories, with no middle ground. “If everything is not perfect, I’m a total failure.” Overgeneralization. Generalizing from a single negative experience, expecting it to hold true forever. “I didn’t get hired for the job. I’ll never get any job.” The mental filter. Focusing on the negatives while filtering out the positives. Noticing the one thing that went wrong, rather than all the things that went right. “I got the last question on the test wrong. I’m an idiot.” Diminishing the positive. Coming up with reasons why positive events don’t count. “I did well on the presentation, but that was just dumb luck.” Jumping to conclusions. Making negative interpretations without actual evidence. You act like a mind reader: “I can tell she secretly hates me.” Or a fortune teller: “I just know something terrible is going to happen.” Catastrophizing. Expecting the worst-case scenario to happen. “The pilot said we’re in for some turbulence. The plane’s going to crash!” Emotional reasoning. Believing that the way you feel reflects reality. “I feel like such a fool. Everyone must be laughing at me.” ‘Shoulds’ and ‘should-nots.’ Holding yourself to a strict list of what you should and shouldn’t do and beating yourself up if you break any of the rules. “I should never have tried starting a conversation with her. I’m such a moron.” Labeling. Criticizing yourself based on mistakes and perceived shortcomings. “I’m a failure; I’m boring; I deserve to be alone.” Personalization. Assuming responsibility for things that are outside your control. “It’s my fault my son got in an accident. I should have warned him to drive carefully in the rain.”",https://www.helpguide.org/mental-health/anxiety/how-to-stop-worrying,coping_strategies,,,doc_0315,0
HelpGuide,anxiety,How to challenge these thoughts,coping,"In order to break these bad thinking habits and stop the worry and anxiety they bring, you need to retrain your brain. Once you identify the negative thoughts, instead of viewing them as facts, treat them as hypotheses you’re testing out. As you examine and challenge your worries and anxious thoughts, you’ll develop a more balanced perspective. During your worry period, challenge your negative thoughts by asking yourself: What’s the evidence that the thought is true? That it’s not true? Is there a more positive, realistic way of looking at the situation? What’s the probability that what I’m scared of will actually happen? If the probability is low, what are some more likely outcomes? Is the thought helpful? How will worrying about it help me and how will it hurt me? What would I say to a friend who had this worry?",https://www.helpguide.org/mental-health/anxiety/how-to-stop-worrying,coping_strategies,,,doc_0316,0
HelpGuide,anxiety,Tip 3: Ask yourself if a worry is something you can control,coping,"Research shows that while you’re worrying, you temporarily feel less anxious. Running over the problem in your head distracts you from your emotions and makes you feel like you’re getting something accomplished. But worrying and problem solving are two very different things. Problem solving involves evaluating a situation, coming up with concrete steps for dealing with it, and then putting the plan into action. Worrying, on the other hand, rarely leads to solutions. No matter how much time you spend dwelling on worst-case scenarios, you’re no more prepared to deal with them should they actually happen.",https://www.helpguide.org/mental-health/anxiety/how-to-stop-worrying,coping_strategies,,,doc_0317,0
HelpGuide,anxiety,Is your worry something you can control?,coping,"If a worry pops into your head, start by asking yourself whether the problem is something you can actually solve or control. Is the problem something you’re currently facing, rather than an imaginary what-if? If the problem is an imaginary what-if, how likely is it to happen? Is your concern realistic? Can you do something about the problem or prepare for it, or is it out of your control? Productive, solvable worries are those you can take action on right away. For example, if you’re worried about your bills, you could call your creditors to see about flexible payment options. Unproductive, uncontrollable worries are those for which there is no corresponding action. “What if I get cancer someday?” or “What if my kid gets into an accident?”",https://www.helpguide.org/mental-health/anxiety/how-to-stop-worrying,coping_strategies,,,doc_0318,0
HelpGuide,anxiety,"If the worry is in your control, start brainstorming",coping,"Make a list of all the possible solutions you can think of. Try not to get too hung up on finding the perfect solution to a worry. Focus on the things you have the power to change, rather than the circumstances or realities beyond your control. After you’ve evaluated your options, make a plan of action. Once you have a plan and start doing something about the problem, you’ll feel much less anxious.",https://www.helpguide.org/mental-health/anxiety/how-to-stop-worrying,coping_strategies,,,doc_0319,0
HelpGuide,anxiety,"If the worry is NOT in your control, accept the uncertainty",coping,"If you’re a chronic worrier, the vast majority of your anxious thoughts probably fall in this camp. Worrying is often a way we try to predict what the future has in store—a way to prevent unpleasant surprises and control the outcome. The problem is, it doesn’t work. Thinking about all the things that could go wrong doesn’t make life any more predictable. You may feel safer when you’re worrying, but it’s just an illusion. Focusing on worst-case scenarios will only keep you from enjoying the good things you have in the present. To stop worrying, you need to learn how to deal with the uncertainty that we all face in life. Tackle your need for immediate answers. Do you tend to predict bad things will happen just because they are uncertain? What is the likelihood they will? Given the likelihood is very low, is it possible to live with the small chance that something negative may happen? Discover how others cope with uncertainty. Ask your friends and family how they cope with uncertainty in specific situations. Could you do the same? For example, if you’re worried about your child taking the bus to school, asking a neighbor how they deal with the uncertainty could help you feel less anxious. Tune into your emotions. Worrying about uncertainty is often a way to avoid unpleasant emotions. But you can’t worry your emotions away. While you’re worrying, your feelings are temporarily suppressed, but as soon as you stop, they bounce back. And then, you start worrying about your feelings: “What’s wrong with me? I shouldn’t feel this way!” By using HelpGuide’s free Emotional Intelligence Toolkit, you can tune into your emotions and start to accept your feelings, even those that are uncomfortable or don’t make sense.",https://www.helpguide.org/mental-health/anxiety/how-to-stop-worrying,coping_strategies,,,doc_0320,0
HelpGuide,anxiety,Tip 4: Interrupt the cycle of worry and anxious thoughts,coping,"If you worry excessively, it can seem like negative thoughts are running through your head on endless repeat. You may feel like you’re spiraling out of control, going crazy, or about to burn out under the weight of all this anxiety. But there are steps you can take right now to interrupt all those anxious thoughts, lower your stress, and give yourself a time out from relentless worrying. Get up and get moving. Exercise is a natural and effective anti-anxiety treatment because it releases endorphins which relieve tension and stress, boost energy, and enhance your sense of well-being. Even more importantly, by really focusing on how your body feels as you move, you can interrupt the constant flow of worries running through your head. Pay attention to the sensation of your feet hitting the ground as you walk, run, or dance, for example, or the rhythm of your breathing, or the feeling of the sun or wind on your skin. Take a yoga or tai chi class. By focusing your mind on your movements and breathing, practicing yoga or tai chi keeps your attention on the present, helping to clear your mind and lead to a relaxed state. Meditate. Meditation works by switching your focus from worrying about the future or dwelling on the past to what’s happening right now. By being fully engaged in the present moment, you can interrupt the endless loop of negative thoughts and worries. You don’t need to sit cross-legged, light candles or incense, or chant. Simply find a quiet, comfortable place and choose one of our free audio meditations that can guide you through the meditation process. Practice progressive muscle relaxation. This can help you break the endless loop of worrying by focusing your mind on your body instead of your thoughts. By alternately tensing and then releasing different muscle groups in your body, you release muscle tension in your body. And as your body relaxes, your mind will follow. Try deep breathing. When you worry, you become anxious and breathe faster, often leading to further anxiety. But by practicing deep breathing exercises, you can calm your mind and quiet negative thoughts.",https://www.helpguide.org/mental-health/anxiety/how-to-stop-worrying,coping_strategies,,,doc_0321,0
HelpGuide,anxiety,Relaxation techniques can change the brain,coping,"While the above relaxation techniques can provide some immediate respite from worry and anxiety, practicing them regularly can also change your brain. Research has shown that regular meditation, for example, can boost activity on the left side of the prefrontal cortex, the area of the brain responsible for feelings of serenity and joy. The more you practice, the greater the anxiety relief you’ll experience and the more control you’ll start to feel over your anxious thoughts and worries.",https://www.helpguide.org/mental-health/anxiety/how-to-stop-worrying,coping_strategies,,,doc_0322,0
HelpGuide,anxiety,Tip 5: Talk about your worrying,coping,"It may seem like a simplistic solution, but talking face to face with a trusted friend, family member, or therapist—someone who will listen to you without judging, criticizing, or continually being distracted—is one of the most effective ways to calm your nervous system and diffuse anxiety. When your worries start spiraling, talking them over can make them seem far less threatening. Explore our in-depth review of the best online therapy platforms to find the one that’s right for you.",https://www.helpguide.org/mental-health/anxiety/how-to-stop-worrying,coping_strategies,,,doc_0323,0
HelpGuide,anxiety,Speak to a Licensed Therapist,coping,"BetterHelp is an online therapy service that matches you to licensed, accredited therapists who can help with depression, anxiety, relationships, and more. Take the assessment and get matched with a therapist in as little as 48 hours. Keeping worries to yourself only causes them to build up until they seem overwhelming. But saying them out loud can often help you to make sense of what you’re feeling and put things in perspective. If your fears are unwarranted, verbalizing them can expose them for what they are—needless worries. And if your fears are justified, sharing them with someone else can produce solutions that you may not have thought of alone. Build a strong support system. Human beings are social creatures. We’re not meant to live in isolation. But a strong support system doesn’t necessarily mean a vast network of friends. Don’t underestimate the benefit of a few people you can trust and count on to be there for you. And if you don’t feel that you have anyone to confide in, it’s never too late to build new friendships. Know who to avoid when you’re feeling anxious. Your anxious take on life may be something you learned when you were growing up. If your mother is a chronic worrier, she is not the best person to call when you’re feeling anxious—no matter how close you are. When considering who to turn to, ask yourself whether you tend to feel better or worse after talking to that person about a problem. Try helping others. The social contact aspect of volunteering can have a profound effect on your overall psychological well-being. While nothing relieves stress better than a meaningful connection to another person, working with pets and other animals has also been shown to reduce stress and anxiety.",https://www.helpguide.org/mental-health/anxiety/how-to-stop-worrying,coping_strategies,,,doc_0324,0
HelpGuide,anxiety,Tip 6: Practice mindfulness,coping,"Worrying is usually focused on the future—on what might happen and what you’ll do about it—or on the past, rehashing the things you’ve said or done. The centuries-old practice of mindfulness can help you break free of your worries by bringing your attention back to the present. This strategy is based on observing your worries and then letting them go, helping you identify where your thinking is causing problems and getting in touch with your emotions. Acknowledge and observe your worries. Don’t try to ignore, fight, or control them like you usually would. Instead, simply observe them as if from an outsider’s perspective, without reacting or judging. Let your worries go. Notice that when you don’t try to control the anxious thoughts that pop up, they soon pass, like clouds moving across the sky. It’s only when you engage your worries that you get stuck. Stay focused on the present. Pay attention to the way your body feels, the rhythm of your breathing, your ever-changing emotions, and the thoughts that drift across your mind. If you find yourself getting stuck on a particular thought, bring your attention back to the present moment. Repeat daily. Using mindfulness to stay focused on the present is a simple concept, but it takes time and regular practice to reap the benefits. At first, you’ll probably find that your mind keeps wandering back to your worries. Try not to get frustrated. Each time you draw your focus back to the present, you’re reinforcing a new mental habit that will help you break free of the negative worry cycle.",https://www.helpguide.org/mental-health/anxiety/how-to-stop-worrying,coping_strategies,,,doc_0325,0
HelpGuide,anxiety,Basic mindfulness meditation,coping,"Sit on a comfortable chair or cushion, with your back straight, and your hands resting on the tops of your upper legs. Close your eyes and breathe in through your nose, allowing the air downward into your lower belly. Let your abdomen expand fully. Focus on an aspect of your breathing, such as the sensations of air flowing into your nostrils and out of your mouth, or your belly rising and falling as you inhale and exhale. If your mind starts to wander, return your focus to your breathing with no judgment. Try to meditate 3 or 4 times per week for 10 minutes per day. Every minute counts.",https://www.helpguide.org/mental-health/anxiety/how-to-stop-worrying,coping_strategies,,,doc_0326,0
HelpGuide,anxiety,Chronic worrying and your health,coping,"From lack of concentration to self-isolation to physical discomfort, chronic worrying can affect your well-being in all sorts of ways. But know that it’s possible to adjust your thought patterns and self-soothe your anxiety. Be patient with yourself as you try out different ways to rein in worrying. Rather than expect big changes overnight, look for small signs of success. You may feel a little less tension in your body, for example, or find that you’re better able to escape long cycles of rumination. In time, you’ll find that you’re becoming more present and less worried.",https://www.helpguide.org/mental-health/anxiety/how-to-stop-worrying,coping_strategies,,,doc_0327,0
HelpGuide,anxiety,Support in the U.S.,coping,"NAMI Helpline – Trained volunteers can provide information, referrals, and support for those suffering from anxiety disorders in the U.S. Call 1-800-950-6264. (National Alliance on Mental Illness) Find a Therapist – Search for anxiety disorder treatment providers in the U.S. (Anxiety Disorders Association of America)",https://www.helpguide.org/mental-health/anxiety/how-to-stop-worrying,coping_strategies,,,doc_0328,0
HelpGuide,anxiety,Support in other countries,coping,"Support Groups – List of support groups in the U.S., Canada, Australia, and South Africa. (Anxiety and Depression Association of America) Anxiety UK – Information, support, and a dedicated helpline for UK sufferers and their families. Call: 03444 775 774. (Anxiety UK) Anxiety Canada – Provides links to services in different Canadian provinces. (Anxiety Disorders Association of Canada) SANE Help Centre – Provides information about symptoms, treatments, medications, and where to go for support in Australia. Call: 1800 18 7263. (SANE Australia). Helpline (India) – Provides information and support to those with mental health concerns in India. Call: 1860 2662 345 or 1800 2333 330. From lack of concentration to self-isolation to physical discomfort, chronic worrying can affect your well-being in all sorts of ways. But know that it’s possible to adjust your thought patterns and self-soothe. Be patient with yourself as you try out different ways to rein in worries. Rather than expect big changes overnight, look for small signs of success. Maybe you feel a little less tension in your body, or you’re better able to escape long cycles of rumination. In time, you’ll find that you’re becoming more present and less stressed.",https://www.helpguide.org/mental-health/anxiety/how-to-stop-worrying,coping_strategies,,,doc_0329,0
HelpGuide,anxiety,More Information,coping,"Grupe, D. W., & Nitschke, J. B. (2013). Uncertainty and Anticipation in Anxiety. Nature Reviews. Neuroscience, 14(7), 488–501. Link Stubbs, B., Vancampfort, D., Rosenbaum, S., Firth, J., Cosco, T., Veronese, N., Salum, G. A., & Schuch, F. B. (2017). An examination of the anxiolytic effects of exercise for people with anxiety and stress-related disorders: A meta-analysis. Psychiatry Research, 249, 102–108. Link Newman, M. G., Llera, S. J., Erickson, T. M., Przeworski, A., & Castonguay, L. G. (2013). Worry and Generalized Anxiety Disorder: A Review and Theoretical Synthesis of Evidence on Nature, Etiology, Mechanisms, and Treatment. Annual Review of Clinical Psychology, 9, 275–297. Link Kircanski, K., Thompson, R. J., Sorenson, J., Sherdell, L., & Gotlib, I. H. (2015). Rumination and Worry in Daily Life: Examining the Naturalistic Validity of Theoretical Constructs. Clinical Psychological Science : A Journal of the Association for Psychological Science, 3(6), 926–939. Link Wells, A. (2005). The Metacognitive Model of GAD: Assessment of Meta-Worry and Relationship With DSM-IV Generalized Anxiety Disorder. Cognitive Therapy and Research, 29(1), 107–121. Link Aylett, E., Small, N., & Bower, P. (2018). Exercise in the treatment of clinical anxiety in general practice – a systematic review and meta-analysis. BMC Health Services Research, 18(1), 559. Link Australia, H. (2024, May 22). Excessive worry [Text/html]. Healthdirect Australia. Link Chu, B., Marwaha, K., Sanvictores, T., Awosika, A. O., & Ayers, D. (2025). Physiology, Stress Reaction. In StatPearls. StatPearls Publishing. Link",https://www.helpguide.org/mental-health/anxiety/how-to-stop-worrying,coping_strategies,,,doc_0330,0
HelpGuide,anxiety,Finding the best relaxation technique for you,coping,"For many of us, relaxation means flopping on the couch and zoning out in front of the TV at the end of a stressful day. But this does little to reduce the damaging effects of stress. Rather, you need to activate your body’s natural relaxation response, a state of deep rest that puts the brakes on stress, slows your breathing and heart rate, lowers your blood pressure, and brings your body and mind back into balance. You can do this by practicing relaxation techniques such as deep breathing, meditation, rhythmic exercise, yoga, or tai chi. While you may choose to pay for a professional massage or acupuncture session, for example, most relaxation techniques can be done on your own or with the aid of a free audio download or inexpensive smartphone app. It’s important to remember, however, that there is no single relaxation technique that works for everyone. We’re all different. The right technique is the one that resonates with you, fits your lifestyle, and is able to focus your mind to elicit the relaxation response. That means it may require some trial and error to find the technique (or techniques) that work best for you. Once you do, regular practice can help reduce everyday stress and anxiety, improve your sleep, boost your energy and mood, and improve your overall health and wellbeing.",https://www.helpguide.org/mental-health/anxiety/relaxation-techniques-for-stress-relief,coping_strategies,,,doc_0331,0
HelpGuide,anxiety,Relaxation technique #1: Deep breathing,coping,"With its focus on full, cleansing breaths, deep breathing is a simple yet powerful relaxation technique. It’s easy to learn, can be practiced almost anywhere, and provides a quick way to get your stress levels in check. Deep breathing is the cornerstone of many other relaxation practices, too, and can be combined with other relaxing elements such as aromatherapy and music. While apps and audio downloads can guide you through the process, all you really need is a few minutes and a place to sit quietly or stretch out.",https://www.helpguide.org/mental-health/anxiety/relaxation-techniques-for-stress-relief,coping_strategies,,,doc_0332,0
HelpGuide,anxiety,How to practice deep breathing,coping,"Sit comfortably with your back straight. Put one hand on your chest and the other on your stomach. Breathe in through your nose. The hand on your stomach should rise. The hand on your chest should move very little. Exhale through your mouth, pushing out as much air as you can while contracting your abdominal muscles. The hand on your stomach should move in as you exhale, but your other hand should move very little. Continue to breathe in through your nose and out through your mouth. Try to inhale enough so that your lower abdomen rises and falls. Count slowly as you exhale. If you find it difficult breathing from your abdomen while sitting up, try lying down. Put a small book on your stomach, and breathe so that the book rises as you inhale and falls as you exhale.",https://www.helpguide.org/mental-health/anxiety/relaxation-techniques-for-stress-relief,coping_strategies,,,doc_0333,0
HelpGuide,anxiety,#2: Progressive muscle relaxation,coping,"Progressive muscle relaxation is a two-step process in which you systematically tense and relax different muscle groups in the body. With regular practice, it gives you an intimate familiarity with what tension—as well as complete relaxation—feels like in different parts of your body. This can help you react to the first signs of the muscular tension that accompanies stress. And as your body relaxes, so will your mind. Progressive muscle relaxation can be combined with deep breathing for additional stress relief.",https://www.helpguide.org/mental-health/anxiety/relaxation-techniques-for-stress-relief,coping_strategies,,,doc_0334,0
HelpGuide,anxiety,Practicing progressive muscle relaxation,coping,"Consult with your doctor first if you have a history of muscle spasms, back problems, or other serious injuries that may be aggravated by tensing muscles. Start at your feet and work your way up to your face, trying to only tense those muscles intended. Loosen clothing, take off your shoes, and get comfortable. Take a few minutes to breathe in and out in slow, deep breaths. When you’re ready, shift your attention to your right foot. Take a moment to focus on the way it feels. Slowly tense the muscles in your right foot, squeezing as tightly as you can. Hold for a count of 10. Relax your foot. Focus on the tension flowing away and how your foot feels as it becomes limp and loose. Stay in this relaxed state for a moment, breathing deeply and slowly. Shift your attention to your left foot. Follow the same sequence of muscle tension and release. Move slowly up through your body, contracting and relaxing the different muscle groups. It may take some practice at first, but try not to tense muscles other than those intended.",https://www.helpguide.org/mental-health/anxiety/relaxation-techniques-for-stress-relief,coping_strategies,,,doc_0335,0
HelpGuide,anxiety,#3: Body scan meditation,coping,"This is a type of meditation that that focuses your attention on various parts of your body. Like progressive muscle relaxation, you start with your feet and work your way up. But instead of tensing and relaxing muscles, you simply focus on the way each part of your body feels, without labeling the sensations as either “good” or “bad”. Lie on your back, legs uncrossed, arms relaxed at your sides, eyes open or closed. Focus on your breathing for about two minutes until you start to feel relaxed. Turn your focus to the toes of your right foot. Notice any sensations you feel while continuing to also focus on your breathing. Imagine each deep breath flowing to your toes. Remain focused on this area for three to five seconds (or more). Move your focus to the sole of your right foot. Tune in to any sensations you feel in that part of your body and imagine each breath flowing from the sole of your foot. After one or two minutes, move your focus to your right ankle and repeat. Move to your calf, knee, thigh, hip, and then repeat the sequence for your left leg. From there, move up the torso, through the lower back and abdomen, the upper back and chest, and the shoulders. Pay close attention to any area of the body that causes you pain or discomfort. After completing the body scan, relax for a while in silence and stillness, noting how your body feels. Then slowly open your eyes and stretch, if necessary.",https://www.helpguide.org/mental-health/anxiety/relaxation-techniques-for-stress-relief,coping_strategies,,,doc_0336,0
HelpGuide,anxiety,#4: Visualization,coping,"Visualization, or guided imagery, is a variation on traditional meditation that involves imagining a scene in which you feel at peace, free to let go of all tension and anxiety. Choose whatever setting is most calming to you, whether it’s a tropical beach, a favorite childhood spot, or a quiet wooded glen. You can practice visualization on your own or with an app or audio download to guide you through the imagery. You can also choose to do your visualization in silence or use listening aids, such as soothing music or a sound machine or a recording that matches your chosen setting: the sound of ocean waves if you’ve chosen a beach, for example.",https://www.helpguide.org/mental-health/anxiety/relaxation-techniques-for-stress-relief,coping_strategies,,,doc_0337,0
HelpGuide,anxiety,Practicing visualization,coping,"Close your eyes and imagine your restful place. Picture it as vividly as you can: everything you see, hear, smell, taste, and feel. Just “looking” at it in your mind’s eye like you would a photograph is not enough. Visualization works best if you incorporate as many sensory details as possible. For example, if you are thinking about a dock on a quiet lake: Feel the cool water on your bare feet Enjoy the feeling of your worries drifting away as you slowly explore your restful place. When you are ready, gently open your eyes and come back to the present. Don’t worry if you sometimes zone out or lose track of where you are during a visualization session. This is normal. You may also experience feelings of heaviness in your limbs, muscle twitches, or yawning. Again, these are normal responses.",https://www.helpguide.org/mental-health/anxiety/relaxation-techniques-for-stress-relief,coping_strategies,,,doc_0338,0
HelpGuide,anxiety,#5: Self-massage,coping,"You’re probably already aware how much a professional massage at a spa or health club can help reduce stress, relieve pain, and ease muscle tension. What you may not be aware of is that you can experience some of the same benefits at home or work by practicing self-massage, trading massages with a loved one, or using an adjustable bed with a built-in massage feature. Try taking a few minutes to massage yourself at your desk between tasks, on the couch at the end of a hectic day, or in bed to help you unwind before sleep. To enhance relaxation, you can use aromatic oil, scented lotion, or combine self-message with mindfulness or deep breathing techniques.",https://www.helpguide.org/mental-health/anxiety/relaxation-techniques-for-stress-relief,coping_strategies,,,doc_0339,0
HelpGuide,anxiety,A five-minute self-massage to relieve stress,coping,"A combination of strokes works well to relieve muscle tension. Try gentle chops with the edge of your hands or tapping with fingers or cupped palms. Put fingertip pressure on muscle knots. Knead across muscles, and try long, light, gliding strokes. You can apply these strokes to any part of the body that falls easily within your reach. For a short session like this, try focusing on your neck and head: Start by kneading the muscles at the back of your neck and shoulders. Make a loose fist and drum swiftly up and down the sides and back of your neck. Next, use your thumbs to work tiny circles around the base of your skull. Slowly massage the rest of your scalp with your fingertips. Then tap your fingers against your scalp, moving from the front to the back and then over the sides. Now massage your face. Make a series of tiny circles with your thumbs or fingertips. Pay particular attention to your temples, forehead, and jaw muscles. Use your middle fingers to massage the bridge of your nose and work outward over your eyebrows to your temples. Finally, close your eyes. Cup your hands loosely over your face and inhale and exhale easily for a short while.",https://www.helpguide.org/mental-health/anxiety/relaxation-techniques-for-stress-relief,coping_strategies,,,doc_0340,0
HelpGuide,anxiety,#6: Mindfulness meditation,coping,"Mindfulness has become extremely popular in recent years, garnering headlines and endorsements from celebrities, business leaders, and psychologists alike. So, what is mindfulness? Rather than worrying about the future or dwelling on the past, mindfulness switches your focus to what’s happening right now, enabling you to be fully engaged in the present moment. Meditations that cultivate mindfulness have long been used to reduce stress, anxiety, depression, and other negative emotions. Some of these practices bring you into the present by focusing your attention on a single repetitive action, such as your breathing or a few repeated words. Other forms of mindfulness meditation encourage you to follow and then release internal thoughts or sensations. Mindfulness can also be applied to activities such as walking, exercising, or eating. Using mindfulness to stay focused on the present might seem straightforward, but it takes practice to reap all the benefits. When you first start practicing, you’ll likely find that your focus keeps wandering back to your worries or regrets. But don’t get disheartened. Each time you draw your focus back to the present, you’re strengthening a new mental habit that can help you break free of fretting about the past or stressing about the future. Using an app or audio download can also help focus your attention, especially when you’re starting out.",https://www.helpguide.org/mental-health/anxiety/relaxation-techniques-for-stress-relief,coping_strategies,,,doc_0341,0
HelpGuide,anxiety,A basic mindfulness meditation:,coping,"Find a quiet place where you won’t be interrupted or distracted. Sit on a comfortable chair with your back straight. Close your eyes and find a point of focus, such as your breathing—the sensation of air flowing into your nostrils and out of your mouth or your belly rising and falling—or a meaningful word that you repeat throughout the meditation. Don’t worry about distracting thoughts that go through your mind or about how well you’re doing. If thoughts intrude your relaxation session, don’t fight them, just gently turn your attention back to your point of focus, without judgment.",https://www.helpguide.org/mental-health/anxiety/relaxation-techniques-for-stress-relief,coping_strategies,,,doc_0342,0
HelpGuide,anxiety,"For maximum stress relief, add mindfulness to your workout",coping,"While simply engaging in rhythmic exercise will help you relieve stress, adding a mindfulness component can benefit you even more. As with meditation, mindful exercise requires being fully engaged in the present moment, paying attention to how your body feels right now, rather than your daily worries or concerns. Instead of zoning out or staring at a TV as you exercise, focus on the sensations in your limbs and how your breathing complements your movement. If you’re walking or running, for example, focus on the sensation of your feet touching the ground, the rhythm of your breath, and the feeling of the wind against your face. If you’re resistance training, focus on coordinating your breathing with your movements and pay attention to how your body feels as you raise and lower the weights. And when your mind wanders to other thoughts, gently return your focus to your breathing and movement.",https://www.helpguide.org/mental-health/anxiety/relaxation-techniques-for-stress-relief,coping_strategies,,,doc_0343,0
HelpGuide,anxiety,#8: Yoga and tai chi,coping,"Yoga involves a series of both moving and stationary poses, combined with deep breathing. As well as reducing anxiety and stress, yoga can also improve flexibility, strength, balance, and stamina. Since injuries can happen when yoga is practiced incorrectly, it’s best to learn by attending group classes, hiring a private teacher, or at least following video instructions. Once you’ve learned the basics, you can practice alone or with others, tailoring your practice as you see fit.",https://www.helpguide.org/mental-health/anxiety/relaxation-techniques-for-stress-relief,coping_strategies,,,doc_0344,0
HelpGuide,anxiety,What type of yoga is best for stress?,coping,"Although almost all yoga classes end in a relaxation pose, classes that emphasize slow, steady movement, deep breathing, and gentle stretching are best for stress relief. Satyananda is a traditional form of yoga. It features gentle poses, deep relaxation, and meditation, making it suitable for beginners as well as anyone aiming primarily for stress reduction. Hatha yoga is also a reasonably gentle way to relieve stress and is suitable for beginners. Alternately, look for labels like gentle, for stress relief, or for beginners when selecting a yoga class. Power yoga, with its intense poses and focus on fitness, is better suited to those looking for stimulation as well as relaxation. If you’re unsure whether a specific yoga class is appropriate for stress relief, call the studio or ask the teacher.",https://www.helpguide.org/mental-health/anxiety/relaxation-techniques-for-stress-relief,coping_strategies,,,doc_0345,0
HelpGuide,anxiety,Tai chi,coping,"If you’ve seen a group of people in the park slowly moving in synch, you’ve likely witnessed tai chi. Tai chi is a self-paced series of slow, flowing body movements. By focusing your mind on the movements and your breathing, you keep your attention on the present, which clears the mind and leads to a relaxed state. Tai chi is a safe, low-impact option for people of all ages and fitness levels, including older adults and those recovering from injuries. As with yoga, it’s best learned in a class or from a private instructor. Once you’ve learned the basics, you can practice alone or with others.",https://www.helpguide.org/mental-health/anxiety/relaxation-techniques-for-stress-relief,coping_strategies,,,doc_0346,0
HelpGuide,anxiety,Tips for starting a relaxation practice,coping,"Learning the basics of these relaxation techniques isn’t difficult, but it takes regular practice to truly harness their stress-relieving power. Try setting aside at least 10 to 20 minutes a day for your relaxation practice. Set aside time in your daily schedule. If possible, schedule a set time once or twice a day for your practice. If your schedule is already packed, try meditating while commuting on the bus or train, taking a yoga or tai chi break at lunchtime, or practicing mindful walking while exercising your dog. Make use of smartphone apps and other aids. Many people find that smartphone apps or audio downloads can be useful in guiding them through different relaxation practices, establishing a regular routine, and keeping track of progress. Expect ups and downs. Sometimes it can take time and practice to start reaping the full rewards of relaxation techniques such as meditation. The more you stick with it, the sooner the results will come. If you skip a few days or even a few weeks, don’t get discouraged. Just get started again and slowly build up to your old momentum.",https://www.helpguide.org/mental-health/anxiety/relaxation-techniques-for-stress-relief,coping_strategies,,,doc_0347,0
HelpGuide,anxiety,More Information,coping,"Trauma- and Stressor-Related Disorders. (2013) In Diagnostic and Statistical Manual of Mental Disorders. American Psychiatric Association. Link Can, Yekta Said, Heather Iles-Smith, Niaz Chalabianloo, Deniz Ekiz, Javier Fernández-Álvarez, Claudia Repetto, Giuseppe Riva, and Cem Ersoy. “How to Relax in Stressful Situations: A Smart Stress Reduction System.” Healthcare 8, no. 2 (April 16, 2020): 100. Link Norelli, Samantha K., Ashley Long, and Jeffrey M. Krepps. “Relaxation Techniques.” In StatPearls. Treasure Island (FL): StatPearls Publishing, 2021. Link Toussaint, Loren, Quang Anh Nguyen, Claire Roettger, Kiara Dixon, Martin Offenbächer, Niko Kohls, Jameson Hirsch, and Fuschia Sirois. “Effectiveness of Progressive Muscle Relaxation, Deep Breathing, and Guided Imagery in Promoting Psychological and Physiological States of Relaxation.” Evidence-Based Complementary and Alternative Medicine 2021 (July 3, 2021): e5924040. Link Unger, Cynthia A, David Busse, and Ilona S Yim. “The Effect of Guided Relaxation on Cortisol and Affect: Stress Reactivity as a Moderator.” Journal of Health Psychology 22, no. 1 (January 1, 2017): 29–38. Link Woodyard, Catherine. “Exploring the Therapeutic Effects of Yoga and Its Ability to Increase Quality of Life.” International Journal of Yoga 4, no. 2 (2011): 49–54. Link Sahni, Pooja Swami, Kamlesh Singh, Nitesh Sharma, and Rahul Garg. “Yoga an Effective Strategy for Self-Management of Stress-Related Problems and Wellbeing during COVID19 Lockdown: A Cross-Sectional Study.” PLOS ONE 16, no. 2 (February 10, 2021): e0245214. Link Keng, Shian-Ling, Moria J. Smoski, and Clive J. Robins. “Effects of Mindfulness on Psychological Health: A Review of Empirical Studies.” Clinical Psychology Review 31, no. 6 (August 2011): 1041–56. Link Behan, C. “The Benefits of Meditation and Mindfulness Practices during Times of Crisis Such as COVID-19.” Irish Journal of Psychological Medicine 37, no. 4 (December 2020): 256–58. Link Abbott, Ryan, and Helen Lavretsky. “Tai Chi and Qigong for the Treatment and Prevention of Mental Disorders.” The Psychiatric Clinics of North America 36, no. 1 (March 2013): 109–19. Link Field, Tiffany. “Massage Therapy Research Review.” Complementary Therapies in Clinical Practice 24 (August 2016): 19–31. Link Loprinzi, Paul D., and Emily Frith. “Protective and Therapeutic Effects of Exercise on Stress-Induced Memory Impairment.” The Journal of Physiological Sciences: JPS 69, no. 1 (January 2019): 1–12. Link Salmon, P. “Effects of Physical Exercise on Anxiety, Depression, and Sensitivity to Stress: A Unifying Theory.” Clinical Psychology Review 21, no. 1 (February 2001): 33–61. Link",https://www.helpguide.org/mental-health/anxiety/relaxation-techniques-for-stress-relief,coping_strategies,,,doc_0348,0
HelpGuide,anxiety,Around the web,coping,"Relaxation David C. Mohr, Oxford Academic Books, 2010 Relaxation Training Douglas W. Woods, Oxford Academic Books, 2008 Muscle Relaxation, Differential Relaxation Breathing Retraining Barbara Olasov Rothbaum, MIT Press, 2004 Learning to Relax Michelle G. Craske, Oxford Academic Books, 2006 Module 4: Relaxation David C. Mohr, Oxford Academic Books, 2010",https://www.helpguide.org/mental-health/anxiety/relaxation-techniques-for-stress-relief,coping_strategies,,,doc_0349,0
HelpGuide,ptsd,"Post-Traumatic Stress Disorder (PTSD)Symptoms, Causes, and Treatment",coping,"After a trauma, PTSD can leave you feeling stuck with a constant sense of danger and painful memories. But with new coping skills, you can feel safe again and move on. PTSD recovery: what you can do to help yourself Tip 3: Reach out to others for support",https://www.helpguide.org/mental-health/ptsd-trauma/ptsd-symptoms-self-help-treatment,coping_strategies,,,doc_0350,0
HelpGuide,ptsd,What is post-traumatic stress disorder (PTSD)?,coping,"Post-traumatic stress disorder (PTSD) is a condition that can develop following a traumatic event that threatens your safety. Many people associate PTSD with battle-scarred soldiers—and military combat is the most common cause in men. But any overwhelming or emotionally-shattering experience can lead to PTSD—especially if the event feels unpredictable and uncontrollable. PTSD doesn’t just affect people who personally experience a traumatic event. It also impacts witnesses and those who pick up the pieces afterwards, such as emergency workers and law enforcement officers. It can even occur in the friends or family members of those who went through the actual trauma. Whatever the cause of your PTSD, there are things you can do to manage your symptoms, reduce painful memories, and move on with your life.",https://www.helpguide.org/mental-health/ptsd-trauma/ptsd-symptoms-self-help-treatment,coping_strategies,,,doc_0351,0
HelpGuide,ptsd,PTSD vs. a normal response to traumatic events,coping,"Following a traumatic event such as a natural disaster, traffic accident, terrorist attack, or assault, almost everyone experiences at least some of the symptoms of PTSD. When your sense of safety and trust are shattered, it’s normal to feel unbalanced, disconnected, or numb. It’s very common to have bad dreams, feel fearful, and find it difficult to stop thinking about what happened. These are normal reactions to abnormal events. For most people, however, these symptoms are short-lived. They may last for several days or even weeks, but they gradually lift. But if you have post-traumatic stress disorder, the symptoms don’t decrease and you don’t feel a little better each day. In fact, you may start to feel worse.",https://www.helpguide.org/mental-health/ptsd-trauma/ptsd-symptoms-self-help-treatment,coping_strategies,,,doc_0352,0
HelpGuide,ptsd,Do I have PTSD?,coping,"If you answer yes to three or more of the questions below, you may have PTSD: Have you witnessed or experienced a traumatic, life-threatening event? Have you witnessed or experienced a traumatic, life-threatening event? Did this experience make you feel intensely afraid, horrified, or helpless? Did this experience make you feel intensely afraid, horrified, or helpless? Do you have trouble getting the event out of your mind? Do you have trouble getting the event out of your mind? Do you startle more easily and feel more irritable or angry than you did before the event? Do you startle more easily and feel more irritable or angry than you did before the event? Do you go out of your way to avoid activities, people, or thoughts that remind you of the event? Do you go out of your way to avoid activities, people, or thoughts that remind you of the event? Do you have more trouble falling asleep or concentrating than you did before the event? Do you have more trouble falling asleep or concentrating than you did before the event? Have your symptoms lasted for more than a month? Have your symptoms lasted for more than a month? Is your distress making it hard for you to work or function normally? Is your distress making it hard for you to work or function normally? Please note: this questionnaire is not intended to replace professional diagnosis. For an accurate diagnosis of PTSD, you’ll need to visit a qualified mental health professional.",https://www.helpguide.org/mental-health/ptsd-trauma/ptsd-symptoms-self-help-treatment,coping_strategies,,,doc_0353,0
HelpGuide,ptsd,Causes of PTSD,coping,"When you experience a stressful event, your nervous system reacts with the fight-or-flight response. Your heart pounds faster, your blood pressure rises, and your muscles tighten, increasing your strength and reaction speed. Once the danger has passed, your nervous system calms your body, lowers your heart rate and blood pressure, and winds back down to its normal state. PTSD occurs when you experience too much stress in a situation. Even though the danger has passed, your nervous system is “stuck,” unable to return to its normal state of balance and you’re unable to move on from the event. Recovering from PTSD involves helping your nervous system become “unstuck” so you can heal and move on from the trauma.",https://www.helpguide.org/mental-health/ptsd-trauma/ptsd-symptoms-self-help-treatment,coping_strategies,,,doc_0354,0
HelpGuide,ptsd,Signs and symptoms of PTSD,coping,"PTSD develops differently from person to person because everyone’s nervous system and tolerance for stress is a little different. While you’re most likely to develop symptoms of PTSD in the hours or days following a traumatic event, it can sometimes take weeks, months, or even years before they appear. Sometimes symptoms appear seemingly out of the blue. At other times, they are triggered by something that reminds you of the original traumatic event, such as a noise, an image, certain words, or a smell. While everyone experiences PTSD differently, there are four main types of symptoms:",https://www.helpguide.org/mental-health/ptsd-trauma/ptsd-symptoms-self-help-treatment,coping_strategies,,,doc_0355,0
HelpGuide,ptsd,1. Re-experiencing the traumatic event,coping,"Flashbacks (acting or feeling like the event is happening again). Nightmares (either of the event or other frightening things). Feelings of intense distress when reminded of the trauma. Intense physical reactions to reminders of the event (e.g. pounding heart, rapid breathing, nausea, muscle tension, sweating).",https://www.helpguide.org/mental-health/ptsd-trauma/ptsd-symptoms-self-help-treatment,coping_strategies,,,doc_0356,0
HelpGuide,ptsd,2. Avoidance and numbing,coping,"Avoiding activities, places, thoughts, or feelings that remind you of the trauma. Inability to remember important aspects of the event. Loss of interest in activities and life in general. Sense of a limited future (you don’t expect to live a normal life span, get married, have a career).",https://www.helpguide.org/mental-health/ptsd-trauma/ptsd-symptoms-self-help-treatment,coping_strategies,,,doc_0357,0
HelpGuide,ptsd,PTSD symptoms in children and adolescents,coping,"In children—especially very young children—the symptoms of PTSD can differ from those of adults and may include: Somber, compulsive play in which themes or aspects of the trauma are repeated. New phobias and anxieties that seem unrelated to the trauma (such as fear of monsters). Acting out the trauma through play, stories, or drawings.",https://www.helpguide.org/mental-health/ptsd-trauma/ptsd-symptoms-self-help-treatment,coping_strategies,,,doc_0358,0
HelpGuide,ptsd,PTSD risk factors,coping,"While it’s impossible to predict who will develop PTSD in response to trauma, there are certain risk factors that increase your vulnerability. Many risk factors revolve around the nature of the traumatic event itself. Traumatic events are more likely to cause PTSD when they involve a severe threat to your life or personal safety: the more extreme and prolonged the threat, the greater the risk of developing PTSD in response. Intentional, human-inflicted harm—such as rape, assault, and torture— also tends to be more traumatic than “acts of God,” or more impersonal accidents and disasters. The extent to which the traumatic event was unexpected, uncontrollable, and inescapable also plays a role. History of depression, anxiety, or another mental illness.",https://www.helpguide.org/mental-health/ptsd-trauma/ptsd-symptoms-self-help-treatment,coping_strategies,,,doc_0359,0
HelpGuide,ptsd,PTSD in military veterans,coping,"For all too many veterans, returning from military service means coping with symptoms of PTSD. You may have a hard time readjusting to life out of the military. Or you may constantly feel on edge, emotionally numb and disconnected, or close to panicking or exploding. But it’s important to know that you’re not alone and there are plenty of ways you can deal with nightmares and flashbacks, cope with feelings of depression, anxiety or guilt, and regain your sense of control.",https://www.helpguide.org/mental-health/ptsd-trauma/ptsd-symptoms-self-help-treatment,coping_strategies,,,doc_0360,0
HelpGuide,ptsd,Emotional and psychological trauma,coping,"If you’ve experienced an extremely stressful event—or series of events—that’s left you feeling helpless and emotionally out of control, you may have been traumatized. Psychological trauma often has its roots in childhood, but any event that shatters your sense of safety can leave you feeling traumatized, whether it’s an accident, injury, the sudden death of a loved one, bullying, domestic abuse, or a deeply humiliating experience. Whether the trauma happened years ago or yesterday, you can get over the pain, feel safe again, and move on with your life.",https://www.helpguide.org/mental-health/ptsd-trauma/ptsd-symptoms-self-help-treatment,coping_strategies,,,doc_0361,0
HelpGuide,ptsd,Rape or sexual trauma,coping,"The trauma of being raped or sexually assaulted can be shattering, leaving you feeling scared, ashamed, and alone, or plagued by nightmares, flashbacks, and other unpleasant memories. But no matter how bad you feel right now, it’s important to remember that you weren’t to blame for what happened. With help, you can regain your sense of safety and self-worth, and even reconnect with sex and intimacy.",https://www.helpguide.org/mental-health/ptsd-trauma/ptsd-symptoms-self-help-treatment,coping_strategies,,,doc_0362,0
HelpGuide,ptsd,Racial trauma,coping,"Race-based traumatic stress stems from exposure to racist abuse, discrimination, or injustice. It can erode your sense of self-worth and lead to anxiety, depression, chronic stress, high blood pressure, disordered eating, substance abuse, and even symptoms of PTSD such as hypervigilance, negative thoughts, and mood changes. But there are ways to strengthen your resilience and protect your mental health.",https://www.helpguide.org/mental-health/ptsd-trauma/ptsd-symptoms-self-help-treatment,coping_strategies,,,doc_0363,0
HelpGuide,ptsd,What is complex PTSD (CPTSD)?,coping,"Complex post-traumatic stress disorder (CPTSD or C-PTSD) is often considered more severe than PTSD. It’s caused by chronic exposure to traumatic events. If you grew up in an abusive household, for example, years of sustained domestic violence could result in CPTSD. People who experience the prolonged trauma of conditions like slavery or torture might also suffer from this disorder. If you have CPTSD, you may experience many of the same symptoms of PTSD, such as hypervigilance, flashbacks, and emotional numbness, as well as: Negative thoughts about yourself. You struggle with consistent thoughts of worthlessness and intense shame. Difficulty controlling emotions. You have intense reactions, feeling overly sensitive, and struggle with anger. You might experience dissociation, a feeling of disconnection with the world around you. Difficulty with relationships. You have a hard time establishing or maintaining friendships and romantic relationships. Feelings of isolation are common. Complex PTSD also has some overlapping symptoms with borderline personality disorder (BPD). For many people, trauma may play a role in the development of BPD.",https://www.helpguide.org/mental-health/ptsd-trauma/ptsd-symptoms-self-help-treatment,coping_strategies,,,doc_0364,0
HelpGuide,ptsd,PTSD recovery: what you can do to help yourself,coping,"Recovering from PTSD involves helping your nervous system return to its pre-trauma state of balance. While this process is easier with the guidance and support of an experienced therapist or doctor, you don’t need to wait for a medical appointment to start feeling better. There are plenty of things you can do now to help yourself cope with symptoms, reduce anxiety and fear, and take back control of your life. Healing from PTSD is a gradual, ongoing process. It doesn’t happen overnight, nor do the memories of the trauma ever disappear completely. This can make life seem difficult at times. But the following tips can offer effective ways to help you start to heal and move on:",https://www.helpguide.org/mental-health/ptsd-trauma/ptsd-symptoms-self-help-treatment,coping_strategies,,,doc_0365,0
HelpGuide,ptsd,Tip 1: Challenge your sense of helplessness,coping,"Overcoming your sense of helplessness is key to overcoming PTSD. Trauma can leave you feeling powerless and vulnerable, so it’s important to remind yourself that you have strengths and coping skills that can get you through these tough times., One of the best ways to reclaim your sense of power is by helping others: volunteer your time, give blood, reach out to a friend in need, or donate to your favorite charity. Taking positive action directly challenges the sense of helplessness that is a common symptom of PTSD.",https://www.helpguide.org/mental-health/ptsd-trauma/ptsd-symptoms-self-help-treatment,coping_strategies,,,doc_0366,0
HelpGuide,ptsd,Tip 2: Get moving,coping,"When you’re suffering from PTSD, exercise can do more than release endorphins and improve your mood and outlook. By really focusing on your body and how it feels as you move, exercise can actually help your nervous system become “unstuck” and begin to move out of the immobilization stress response. Try: Rhythmic exercise that engages both your arms and legs—such as walking, running, swimming, or dancing—can work well. Instead of focusing on your thoughts, though, focus on how your body feels. Notice the sensation of your feet hitting the ground, for example, or the rhythm of your breathing, or the feeling of the wind on your skin. Rock climbing, boxing, weight training, or martial arts. These activities can make it easier to focus on your body movements—after all, if you don’t, you could get hurt. Spending time in nature. Pursuing outdoor activities like hiking, camping, mountain biking, rock climbing, whitewater rafting, and skiing helps veterans cope with PTSD symptoms and transition back into civilian life. But it’s not just veterans who can benefit from spending time outdoors. Anyone with PTSD can benefit from the relaxation, seclusion, and peace that come with being out in nature. Focusing on strenuous outdoor activities can also challenge your sense of helplessness and help your nervous system become “unstuck”. Seek out local organizations that offer outdoor recreation or team-building opportunities.",https://www.helpguide.org/mental-health/ptsd-trauma/ptsd-symptoms-self-help-treatment,coping_strategies,,,doc_0367,0
HelpGuide,ptsd,Tip 3: Reach out to others for support,coping,"PTSD can make you feel disconnected from others. You may be tempted to withdraw from social activities and your loved ones. But it’s important to stay connected to life and the people you’re close to. Social interaction with someone who cares about you is the most effective way to calm your nervous system, so it’s important to find someone you can connect with face to face. You don’t have to talk about the trauma if you don’t want to, but the caring support and companionship of others is vital to your recovery. Reach out to someone you can connect with for an uninterrupted period of time, someone who will listen when you want to talk without judging, criticizing, or continually getting distracted. That person may be your significant other, a family member, a friend, or a professional therapist. Volunteering your time or reaching out to a friend in need. This is not only a great way to connect to others, but can also help you reclaim your sense of control. Joining a PTSD support group. This can help you feel less isolated and alone and also provide invaluable information on how to cope with symptoms and work towards recovery.",https://www.helpguide.org/mental-health/ptsd-trauma/ptsd-symptoms-self-help-treatment,coping_strategies,,,doc_0368,0
HelpGuide,ptsd,Reconnect emotionally,coping,"It’s difficult to connect to others if you’re unable to connect to yourself and what you’re feeling. Helpguide offers a free online program that teaches you how to reconnect to your physical and emotional feelings—even those uncomfortable or disturbing emotions you’ve been trying to avoid—without becoming overwhelmed. It can make a huge difference in your ability to relate to others, manage stress, balance your moods, and take back control of your life.",https://www.helpguide.org/mental-health/ptsd-trauma/ptsd-symptoms-self-help-treatment,coping_strategies,,,doc_0369,0
HelpGuide,ptsd,Tip 4: Adopt a healthy lifestyle,coping,"The symptoms of PTSD can be hard on your body so it’s important to take care of yourself and develop some healthy lifestyle habits. Take time to relax. Relaxation techniques such as meditation, deep breathing, massage, or yoga can activate the body’s relaxation response and ease symptoms of PTSD. Avoid alcohol and drugs. When you’re struggling with difficult emotions and traumatic memories, you may be tempted to self-medicate with alcohol or drugs. But substance use worsens many symptoms of PTSD, including emotional numbing, social isolation, anger, and depression. It can also interfere with treatment, and add to problems in your relationships. Eat a healthy diet. Start your day right with breakfast, and keep your energy up and your mind clear with balanced, nutritious meals throughout the day. Omega-3s play a vital role in emotional health so incorporate foods such as fatty fish, flaxseed, and walnuts into your diet. Limit processed food, fried food, refined starches, and sugars, which can exacerbate mood swings and cause fluctuations in your energy. Get enough sleep. Sleep deprivation can trigger anger, irritability, and moodiness. Aim for somewhere between 7 to 9 hours of sleep each night. Develop a relaxing bedtime ritual (listen to calming music or an audiobook, or read something light) and make your bedroom as quiet, dark, and soothing as possible.",https://www.helpguide.org/mental-health/ptsd-trauma/ptsd-symptoms-self-help-treatment,coping_strategies,,,doc_0370,0
HelpGuide,ptsd,Getting professional treatment for PTSD,coping,"If you suspect that you or a loved one has post-traumatic stress disorder, it’s important to seek help right away. The sooner PTSD is treated, the easier it is to overcome. If you’re reluctant to seek help, keep in mind that PTSD is not a sign of weakness, and the only way to overcome it is to confront what happened to you and learn to accept it as a part of your past. This process is much easier with the guidance and support of an experienced therapist or doctor. It’s only natural to want to avoid painful memories and feelings. But if you try to numb yourself and push your memories away, PTSD will only get worse. You can’t escape your emotions completely—they emerge under stress or whenever you let down your guard—and trying to do so is exhausting. The avoidance will ultimately harm your relationships, your ability to function, and the quality of your life.",https://www.helpguide.org/mental-health/ptsd-trauma/ptsd-symptoms-self-help-treatment,coping_strategies,,,doc_0371,0
HelpGuide,ptsd,Why you should seek help for PTSD,coping,"Early treatment is better. Symptoms of PTSD may get worse. Dealing with them now might help stop them from getting worse in the future. Finding out more about what treatments work, where to look for help, and what kind of questions to ask can make it easier to get help and lead to better outcomes. PTSD symptoms can change family life. PTSD symptoms can get in the way of your family life. You may find that you pull away from loved ones, are not able to get along with people, or that you are angry or even violent. Getting help for your PTSD can help improve your family life. PTSD can be related to other health problems. PTSD symptoms can make physical health problems worse. For example, studies have shown a relationship between PTSD and heart trouble. Getting help for your PTSD could also improve your physical health.",https://www.helpguide.org/mental-health/ptsd-trauma/ptsd-symptoms-self-help-treatment,coping_strategies,,,doc_0372,0
HelpGuide,ptsd,Types of PTSD treatment and therapies,coping,"Treatment for PTSD can relieve symptoms by helping you deal with the trauma you’ve experienced. A doctor or therapist will encourage you to recall and process the emotions you felt during the original event in order to reduce the powerful hold the memory has on your life. During treatment, you’ll also explore your thoughts and feelings about the trauma, work through feelings of guilt and mistrust, learn how to cope with intrusive memories, and address the problems PTSD has caused in your life and relationships. The types of treatment available for PTSD include: Trauma-focused cognitive-behavioral therapy involves gradually “exposing” yourself to feelings and situations that remind you of the trauma, and replacing distorted and irrational thoughts about the experience with a more balanced picture. Family therapy can help your loved ones understand what you’re going through and help you work through relationship problems together as a family. Medication is sometimes prescribed to people with PTSD to relieve secondary symptoms of depression or anxiety, although they do not treat the causes of PTSD. EMDR (Eye Movement Desensitization and Reprocessing) incorporates elements of cognitive-behavioral therapy with eye movements or other forms of rhythmic, left-right stimulation, such as hand taps or sounds. EMDR therapy techniques work by “unfreezing” the brain’s information processing system, which is interrupted in times of extreme stress.",https://www.helpguide.org/mental-health/ptsd-trauma/ptsd-symptoms-self-help-treatment,coping_strategies,,,doc_0373,0
HelpGuide,ptsd,Finding a therapist who specializes in PTSD,coping,"When looking for a therapist, seek out mental health professionals who specialize in the treatment of trauma and PTSD. You can ask your doctor or other trauma survivors for a referral, call a local mental health clinic, psychiatric hospital, or counseling center. Beyond credentials and experience, it’s important to find a PTSD therapist who makes you feel comfortable and safe. Trust your gut; if a therapist doesn’t feel right, look for someone else. For therapy to work, you need to feel comfortable and understood.",https://www.helpguide.org/mental-health/ptsd-trauma/ptsd-symptoms-self-help-treatment,coping_strategies,,,doc_0374,0
HelpGuide,ptsd,How to help someone with PTSD,coping,"If a loved one has post-traumatic stress disorder, it can take a heavy toll on your relationship and family life. It can be hard to understand why your loved one won’t open up to you—why they are less affectionate and more volatile. The symptoms of PTSD can also result in job loss, substance abuse, and other stressful problems. No matter how distant, irritable, or closed off your loved one seems, try not to take the symptoms of PTSD personally. Remember that this likely has nothing to do with you or your relationship. Instead, there are steps you can take to help someone with PTSD move on from the trauma, take back control of their life, and enable your relationship to return to normal.",https://www.helpguide.org/mental-health/ptsd-trauma/ptsd-symptoms-self-help-treatment,coping_strategies,,,doc_0375,0
HelpGuide,ptsd,Helplines and support,coping,In the U.S. Call the NAMI helpline at 1-800-950-NAMI to find a support group near you or search for Trauma Treatment Programs. Call the NAMI helpline at 1-800-950-NAMI to find a support group near you or search for Trauma Treatment Programs. UK PTSD UK offers treatment and support options. Australia Phoenix Australia offers PTSD helplines and resources. Canada Find Your Local CMHA division for support and treatment options. Find Your Local CMHA division for support and treatment options. In the U.S. Call the Veterans Crisis Line at 1-800-273-8255 (Press 1); call the Veteran Center Call Center hotline to talk with another combat veteran at 1-877-927-8387; or use the PTSD Program Locator to find specialized VA PTSD treatment. Call the Veterans Crisis Line at 1-800-273-8255 (Press 1); call the Veteran Center Call Center hotline to talk with another combat veteran at 1-877-927-8387; or use the PTSD Program Locator to find specialized VA PTSD treatment. UK Visit Combat Stress or call the 24-hour helpline 0800 138 1619. Visit Combat Stress or call the 24-hour helpline 0800 138 1619. Canada Visit Operational Stress Injury Social Support (OSISS) for a local number to talk to a peer who has been through similar experiences. Visit Operational Stress Injury Social Support (OSISS) for a local number to talk to a peer who has been through similar experiences. Australia Visit Veterans and Veterans Families Counselling Service (VVCS) or call 1800 011 046. Visit Veterans and Veterans Families Counselling Service (VVCS) or call 1800 011 046.,https://www.helpguide.org/mental-health/ptsd-trauma/ptsd-symptoms-self-help-treatment,coping_strategies,,,doc_0376,0
HelpGuide,ptsd,More Information,coping,"Trauma- and Stressor-Related Disorders. (2013). In Diagnostic and Statistical Manual of Mental Disorders. American Psychiatric Association. Link “NIMH » Post-Traumatic Stress Disorder.” Accessed October 27, 2021. Link Bisson, Jonathan I, Sarah Cosgrove, Catrin Lewis, and Neil P Roberts. “Post-Traumatic Stress Disorder.” The BMJ 351 (November 26, 2015): h6161. Link Pai, Anushka, Alina M. Suris, and Carol S. North. “Posttraumatic Stress Disorder in the DSM-5: Controversy, Change, and Conceptual Considerations.” Behavioral Sciences (Basel, Switzerland) 7, no. 1 (February 13, 2017): E7. Link Lancaster, Cynthia L., Jenni B. Teeters, Daniel F. Gros, and Sudie E. Back. “Posttraumatic Stress Disorder: Overview of Evidence-Based Assessment and Treatment.” Journal of Clinical Medicine 5, no. 11 (November 2016): 105. Link Sareen, Jitender. “Posttraumatic Stress Disorder in Adults: Impact, Comorbidity, Risk Factors, and Treatment.” The Canadian Journal of Psychiatry 59, no. 9 (September 1, 2014): 460–67. Link Landin-Romero, Ramon, Ana Moreno-Alcazar, Marco Pagani, and Benedikt L. Amann. “How Does Eye Movement Desensitization and Reprocessing Therapy Work? A Systematic Review on Suggested Mechanisms of Action.” Frontiers in Psychology 9 (2018): 1395. Link Gaudiano, Brandon A. “Cognitive-Behavioural Therapies: Achievements and Challenges.” Evidence-Based Mental Health 11, no. 1 (February 1, 2008): 5–7. Link Wahbeh, Helané, Angela Senders, Rachel Neuendorf, and Julien Cayton. “Complementary and Alternative Medicine for Posttraumatic Stress Disorder Symptoms: A Systematic Review.” Journal of Evidence-Based Complementary & Alternative Medicine 19, no. 3 (July 1, 2014): 161–75. Link Nijdam, Mirjam J., and Eric Vermetten. “Moving Forward in Treatment of Posttraumatic Stress Disorder: Innovations to Exposure-Based Therapy.” European Journal of Psychotraumatology 9, no. 1 (January 1, 2018): 1458568. Link Bokszczanin, Anna. “PTSD Symptoms in Children and Adolescents 28 Months after a Flood: Age and Gender Differences.” Journal of Traumatic Stress 20, no. 3 (2007): 347–51. Link Carrion, VICTOR G., CARL F. Weems, REBECCA Ray, and ALLAN L. Reiss. “Toward an Empirical Definition of Pediatric PTSD: The Phenomenology of PTSD Symptoms in Youth.” Journal of the American Academy of Child & Adolescent Psychiatry 41, no. 2 (February 1, 2002): 166–73. Link Ley, Clemens, María Rato Barrio, and Andreas Koch. “‘In the Sport I Am Here’: Therapeutic Processes and Health Effects of Sport and Exercise on PTSD.” Qualitative Health Research 28, no. 3 (February 1, 2018): 491–507. Link Hegberg, Nicole J., Jasmeet P. Hayes, and Scott M. Hayes. “Exercise Intervention in PTSD: A Narrative Review and Rationale for Implementation.” Frontiers in Psychiatry 10 (2019): 133. Link Ford, J. D., & Courtois, C.",https://www.helpguide.org/mental-health/ptsd-trauma/ptsd-symptoms-self-help-treatment,coping_strategies,,,doc_0377,0
HelpGuide,ptsd,Around the web,coping,"Post-traumatic Stress Disorder Joel Paris, Oxford Academic Books, 2015 Recognizing post-traumatic stress disorder L. Sher, QJM: An International Journal of Medicine, 2004 Five questions about PTSD Barbara O. Rothbaum, OUPBlog, 2020 Posttraumatic Stress Disorder: An Overview David M Benedek ed., Oxford Academic Books, 2016 Coexisting Physical Conditions Among Inpatients With Post-traumatic Stress Disorder Patricia White, Military Medicine, 1989 Post Traumatic Stress Disorder and Reaction June A Esser, MIT Press, 2002 PTSD Care and “Getting Better” What Does That Mean? David M Benedek, Military Medicine, 2020 Debates on posttraumatic stress disorder in physical illnesses Man Cheung Chung, MIT Press, 2023",https://www.helpguide.org/mental-health/ptsd-trauma/ptsd-symptoms-self-help-treatment,coping_strategies,,,doc_0378,0
HelpGuide,stress,Stress ManagementTechniques and Strategies to Deal with Stress,coping,"While it may seem like there’s nothing you can do about stress in your life, there are healthy steps you can take to destress and regain control. Matching types of stress to stress management techniques",https://www.helpguide.org/mental-health/stress/stress-management,coping_strategies,,,doc_0379,0
HelpGuide,stress,What is stress management?,coping,"Stress management involves using various techniques and coping strategies to manage your overall stress levels, improve how you react to stressful things in your life, and build resilience. It may seem like there’s nothing you can do about stress—no way to avoid it and no way to de-stress completely when it hits. The bills won’t stop coming, there will never be more hours in the day, and your work and family responsibilities will always be demanding. But the truth is, you have a lot more control over stress than you may think. In fact, the simple realization that you’re in control of your life is the foundation of stress management. Managing stress is all about taking charge: of your thoughts, emotions, schedule, environment, and the way you deal with problems. The ultimate goal is a balanced life, with time for work, relationships, relaxation, and fun—plus the ability to hold up under pressure and meet challenges head on. But there’s no one-size-fits-all solution to stress management. That’s why it’s important to experiment and find out what works best for you. Whether you’re looking to reduce your overall stress levels, avoid unnecessary stressors in your life, or deal with stress in the moment, the following stress management techniques and strategies can help.",https://www.helpguide.org/mental-health/stress/stress-management,coping_strategies,,,doc_0380,0
HelpGuide,stress,Why do stress management techniques matter?,coping,"If you’re living with high levels of stress, you’re putting your entire well-being at risk. Stress wreaks havoc on your emotional equilibrium, as well as your overall physical and mental health. It narrows your ability to think clearly, function effectively, and enjoy life.",https://www.helpguide.org/mental-health/stress/stress-management,coping_strategies,,,doc_0381,0
HelpGuide,stress,Matching types of stress to stress management techniques,coping,"Before exploring stress management techniques, it’s important to recognize that stress can show up in different forms. As you’ll discover, the techniques you rely on to calm yourself may vary depending on the type of stress you’re dealing with. Some types of stress include acute, episodic acute and chronic stress. Acute stress. This involves a temporary source of stress. Maybe you’re worried about an upcoming exam, or perhaps you’re stressed about your disorganized family travel plans. Once the event passes, you feel yourself relax. Episodic acute stress. This is when acute stress is a recurring issue for you. For instance, if you struggle with time management or your study strategies are ineffective, you’ll regularly feel stressed by exams. If you have a hard time setting boundaries at work, you’ll find yourself repeatedly taking on too many responsibilities. Chronic stress. This is when a stressor looms over you for a long time. Maybe you’re stuck in a tight financial situations for years. Or perhaps you or someone you love is dealing with a long-term health condition. You might feel a sense of hopelessness, as there doesn’t seem to be a break from the stress in sight.",https://www.helpguide.org/mental-health/stress/stress-management,coping_strategies,,,doc_0382,0
HelpGuide,stress,Identify the causes of stress in your life,coping,"Stress management starts with identifying the sources of stress in your life. This isn’t as straightforward as it sounds. While it’s easy to identify major stressors such as changing jobs, moving, or going through a divorce, pinpointing the sources of chronic stress can be more complicated. It’s all too easy to overlook how your own thoughts, feelings, and behaviors contribute to your everyday stress levels. Sure, you may know that you’re constantly worried about work deadlines, but maybe it’s your procrastination, rather than the actual job demands, that is causing the stress.",https://www.helpguide.org/mental-health/stress/stress-management,coping_strategies,,,doc_0383,0
HelpGuide,stress,"To identify what’s really stressing you out, look closely at your habits, attitude, and excuses:",coping,"Do you explain away stress as temporary (“I just have a million things going on right now”) even though you can’t remember the last time you took a breather? Do you define stress as an integral part of your work or home life (“Things are always crazy around here”) or as a part of your personality (“I have a lot of nervous energy, that’s all”)? Do you blame your stress on other people or outside events, or view it as entirely normal and unexceptional? Until you accept responsibility for the role you play in creating or maintaining it, your stress level will remain outside your control.",https://www.helpguide.org/mental-health/stress/stress-management,coping_strategies,,,doc_0384,0
HelpGuide,stress,Keep a stress journal,coping,"A stress journal can help you identify the regular stressors in your life and the way you deal with them. Each time you feel stressed, make a note of it in your journal or use a stress tracker on your phone. As you keep a daily log, you will begin to see patterns and common themes. Write down: What caused your stress (make a guess if you’re unsure). What you did to make yourself feel better.",https://www.helpguide.org/mental-health/stress/stress-management,coping_strategies,,,doc_0385,0
HelpGuide,stress,How to manage stress: Practice the 4 As of stress management,coping,"There are many healthy ways to reduce stress or cope with its effects, but they all require change. You can either change the situation or change your reaction. When deciding which option to choose, it’s helpful to think of the four As: avoid, alter, accept, or adapt.",https://www.helpguide.org/mental-health/stress/stress-management,coping_strategies,,,doc_0386,0
HelpGuide,stress,1. Avoid unnecessary stress,coping,"Not all stress can be avoided, and it’s not healthy to avoid a situation that needs to be addressed. But you may be surprised by the number of stressors in your life that you can eliminate. Learn how to say “no.” Know your limits and stick to them. Whether in your personal or professional life, taking on more than you can handle is a surefire recipe for stress. Avoid people who stress you out. If someone consistently causes stress in your life, limit the amount of time you spend with that person, or end the relationship. Take control of your environment. If the evening news makes you anxious, turn off the TV. If traffic makes you tense, take a longer but less-traveled route. If going to the market is an unpleasant chore, do your grocery shopping online. Avoid hot-button topics. If you get upset over religion or politics, cross them off your conversation list. If you repeatedly argue about the same subject with the same people, stop bringing it up or excuse yourself when it’s the topic of discussion. Pare down your to-do list. Analyze your schedule, responsibilities, and daily tasks. If you’ve got too much on your plate, distinguish between the “shoulds” and the “musts.” Drop tasks that aren’t truly necessary to the bottom of the list or eliminate them entirely.",https://www.helpguide.org/mental-health/stress/stress-management,coping_strategies,,,doc_0387,0
HelpGuide,stress,2. Alter the situation,coping,"If you can’t avoid a stressful situation, try to alter it. Often, this involves changing the way you communicate and operate in your daily life. Express your feelings instead of bottling them up. If something or someone is bothering you, communicate your concerns in an open and respectful way. If you don’t voice your feelings, resentment will build and the stress will increase. Be willing to compromise. When you ask someone to change their behavior, be willing to do the same. If you both are willing to bend at least a little, you’ll have a good chance of finding a happy middle ground. Be more assertive. Don’t take a backseat in your own life. Deal with problems head on, doing your best to anticipate and prevent them. If you’ve got an exam to study for and your chatty roommate just got home, say up front that you only have five minutes to talk. Find balance. All work and no play is a recipe for burnout. Try to find a balance between work and family life, social activities and solitary pursuits, daily responsibilities and downtime.",https://www.helpguide.org/mental-health/stress/stress-management,coping_strategies,,,doc_0388,0
HelpGuide,stress,3. Adapt to the stressor,coping,"If you can’t change the stressor, change yourself. You can adapt to stressful situations and regain your sense of control by changing your expectations and attitude. Reframe problems. Try to view stressful situations from a more positive perspective. Rather than fuming about a traffic jam, look at it as an opportunity to pause and regroup, listen to your favorite radio station, or enjoy some alone time. Look at the big picture. Take perspective of the stressful situation. Ask yourself how important it will be in the long run. Will it matter in a month? A year? Is it really worth getting upset over? If the answer is no, focus your time and energy elsewhere. Adjust your standards. Perfectionism is a major source of avoidable stress. Stop setting yourself up for failure by demanding perfection. Set reasonable standards for yourself and others, and learn to be okay with “good enough.” Practice gratitude. When stress is getting you down, take a moment to reflect on all the things you appreciate in your life, including your own positive qualities and gifts. This simple strategy can help you keep things in perspective.",https://www.helpguide.org/mental-health/stress/stress-management,coping_strategies,,,doc_0389,0
HelpGuide,stress,4. Accept the things you can’t change,coping,"Some sources of stress are unavoidable. You can’t prevent or change stressors such as the death of a loved one, a serious illness, or a national recession. In such cases, the best way to cope with stress is to accept things as they are. Acceptance may be difficult, but in the long run, it’s easier than railing against a situation you can’t change. Don’t try to control the uncontrollable. Many things in life are beyond our control, particularly the behavior of other people. Rather than stressing out over them, focus on the things you can control such as the way you choose to react to problems. Look for the upside. When facing major challenges, try to look at them as opportunities for personal growth. If your own poor choices contributed to a stressful situation, reflect on them and learn from your mistakes. Learn to forgive. Accept the fact that we live in an imperfect world and that people make mistakes. Let go of anger and resentments. Free yourself from negative energy by forgiving and moving on. Share your feelings. Expressing what you’re going through can be very cathartic, even if there’s nothing you can do to alter the stressful situation. Talk to a trusted friend or make an appointment with a therapist.",https://www.helpguide.org/mental-health/stress/stress-management,coping_strategies,,,doc_0390,0
HelpGuide,stress,Around the web,coping,"Maternal stress coping as related to children‘s emotional and behavioral problems Roma Jusienė, Vaida Platkevičiūtė, Psichologija, 2003 Teacher Stress and Free Time as a Space for Dealing with Stress Renata Jukić, Emanuela Ham, Acta Paedagogica Vilnensia, 2024 Psychological characteristics of educational stress of modern students Halina Dubczak, Social Welfare: Interdisciplinary Approach, 2019 Job Requirements, Resources and Proactive Behavior at Work: The Role of Work Engagement and Stress Marija Miselytė, Dalia Bagdžiūnienė, Violeta Jakutė, Psichologija, 2019",https://www.helpguide.org/mental-health/stress/stress-management,coping_strategies,,,doc_0391,0
HelpGuide,stress,Replace unhealthy coping strategies with healthy ones,coping,Think about the ways you currently manage and cope with stress in your life. Your stress journal can help you identify them. Are your coping strategies healthy or unhealthy? Many of us cope with stress in ways that make us feel better temporarily—but compound the problem in the long run.,https://www.helpguide.org/mental-health/stress/stress-management,coping_strategies,,,doc_0392,0
HelpGuide,stress,Unhealthy ways of dealing with stress,coping,"Zoning out for hours on your phone or TV. Filling up every minute of the day to avoid facing problems. If your methods of coping with stress aren’t contributing to your greater emotional and physical health, it’s time to find healthier ones. No single method works for everyone or in every situation, so experiment with different stress management techniques and strategies. Focus on what makes you feel calm and in control.",https://www.helpguide.org/mental-health/stress/stress-management,coping_strategies,,,doc_0393,0
HelpGuide,stress,Other stress management techniques,coping,"In addition to practicing the 4 As of stress management, there are other techniques and strategies that you can use to better manage stress. We all respond to stress and stress management techniques in different ways, so experiment with the following approaches to find what works best for you.",https://www.helpguide.org/mental-health/stress/stress-management,coping_strategies,,,doc_0394,0
HelpGuide,stress,Technique 1: Move more during your day,coping,"When you’re stressed, the last thing you probably feel like doing is getting up and exercising. But physical activity is a huge stress reliever—and you don’t have to be an athlete or spend hours in a gym to experience the benefits. Exercise releases endorphins that make you feel good, and it can also serve as a valuable distraction from your daily worries. While you’ll get the most benefit from regularly exercising for 30 minutes or more, it’s okay to build up your fitness level gradually. Even very small activities can add up over the course of a day. The first step is to get yourself up and moving. Here are some easy ways to incorporate exercise into your daily schedule: Use the stairs at home or work rather than an elevator. Park your car in the farthest spot in the lot and walk the rest of the way. Pair up with an exercise partner and encourage each other as you work out. Play ping-pong or an activity-based video game with your kids.",https://www.helpguide.org/mental-health/stress/stress-management,coping_strategies,,,doc_0395,0
HelpGuide,stress,Using mindful rhythmic exercise to manage stress,coping,"While just about any form of physical activity can help burn away tension and stress, rhythmic activities are especially effective. Good choices include walking, running, swimming, dancing, cycling, tai chi, and aerobics. But whatever you choose, make sure it’s something you enjoy so you’re more likely to stick with it. While you’re exercising, make a conscious effort to pay attention to your body and the physical (and sometimes emotional) sensations you experience as you’re moving. Focus on coordinating your breathing with your movements, for example, or notice how the air or sunlight feels on your skin. Adding this mindfulness element will help you break out of the cycle of negative thoughts that often accompanies overwhelming stress.",https://www.helpguide.org/mental-health/stress/stress-management,coping_strategies,,,doc_0396,0
HelpGuide,stress,Technique 2: Better manage your time,coping,"Poor time management can cause a lot of stress. When you’re stretched too thin and running behind, it’s hard to stay calm and focused. Plus, you’ll be tempted to avoid or cut back on all the healthy things you should be doing to keep stress in check, like socializing and getting enough sleep. The good news: there are things you can do to achieve a healthier work-life balance. Don’t over-commit yourself. Avoid scheduling things back-to-back or trying to fit too much into one day. All too often, we underestimate how long things will take. Prioritize tasks. Make a list of tasks you have to do, and tackle them in order of importance. Do the high-priority items first. If you have something particularly unpleasant or stressful to do, get it over with early. The rest of your day will be more pleasant as a result. Break projects into small steps. If a large project seems overwhelming, make a step-by-step plan. Focus on one manageable step at a time, rather than taking on everything at once. Delegate responsibility. You don’t have to do it all yourself, whether at home, school, or on the job. If other people can take care of the task, why not let them? Let go of the desire to control or oversee every little step. You’ll be letting go of unnecessary stress in the process.",https://www.helpguide.org/mental-health/stress/stress-management,coping_strategies,,,doc_0397,0
HelpGuide,stress,Technique 3: Reach out and connect to others,coping,"There is nothing more calming than spending quality time with another human being who makes you feel safe and understood. In fact, face-to-face interaction triggers a cascade of hormones that counteracts the body’s defensive “fight-or-flight” response. It’s nature’s natural stress reliever (as an added bonus, it also helps stave off depression and anxiety). So make it a point to connect regularly—and in person—with family and friends. Keep in mind that the people you talk to don’t have to be able to fix your stress. They simply need to be good listeners. And try not to let worries about looking weak or being a burden keep you from opening up. The people who care about you will be flattered by your trust. It will only strengthen your bond. Of course, you may not always have someone close by to lean on when you feel overwhelmed by stress, but by building and maintaining a network of close friends you can improve your resiliency to life’s stressors.",https://www.helpguide.org/mental-health/stress/stress-management,coping_strategies,,,doc_0398,0
HelpGuide,stress,Tips for building relationships,coping,"Ask a loved one to check in with you regularly. Go for a walk with a workout buddy. Meet new people by taking a class or joining a club. Confide in a clergy member, teacher, or sports coach. Join a support group or try group therapy—either in-person or via one of the best online therapy platforms.",https://www.helpguide.org/mental-health/stress/stress-management,coping_strategies,,,doc_0399,0
HelpGuide,stress,Technique 4: Make time for fun and relaxation,coping,"Beyond a take-charge approach and a positive attitude, you can reduce stress in your life by carving out “me” time. Don’t get so caught up in the hustle and bustle of life that you forget to take care of your own needs. Nurturing yourself is a necessity, not a luxury. If you regularly make time for fun and relaxation, you’ll be in a better place to handle life’s stressors. Set aside leisure time. Include rest and relaxation in your daily schedule. Don’t allow other obligations to encroach. This is your time to take a break from all responsibilities and recharge your batteries. Do something you enjoy every day. Make time for leisure activities that bring you joy, whether it be stargazing, playing the piano, or working on your bike. Keep your sense of humor. This includes the ability to laugh at yourself. The act of laughing helps your body fight stress in a number of ways. Take up a relaxation practice. Relaxation techniques such as yoga, meditation, and deep breathing activate the body’s relaxation response, a state of restfulness that is the opposite of the fight or flight or mobilization stress response. As you learn and practice these techniques, your stress levels will decrease and your mind and body will become calm and centered.",https://www.helpguide.org/mental-health/stress/stress-management,coping_strategies,,,doc_0400,0
HelpGuide,stress,Technique 5: Maintain balance with a healthy lifestyle,coping,"In addition to regular exercise, there are other healthy lifestyle choices that can increase your resistance to stress. Eat a healthy diet. Well-nourished bodies are better prepared to cope with stress, so be mindful of what you eat. Start your day right with breakfast, and keep your energy up and your mind clear with balanced, nutritious meals throughout the day. Reduce caffeine and sugar. The temporary “highs” caffeine and sugar provide often end with a crash in mood and energy. By reducing the amount of coffee, soft drinks, chocolate, and sugar snacks in your diet, you’ll feel more relaxed and you’ll sleep better. Avoid alcohol, cigarettes, and drugs. Self-medicating with alcohol or drugs may provide an easy escape from stress, but the relief is only temporary. Don’t avoid or mask the issue at hand; deal with problems head on and with a clear mind. Get enough sleep. Adequate sleep fuels your mind, as well as your body. Feeling tired will increase your stress because it may cause you to think irrationally.",https://www.helpguide.org/mental-health/stress/stress-management,coping_strategies,,,doc_0401,0
HelpGuide,stress,Strategies for stress management in the moment,coping,"When you’re frazzled by your morning commute, stuck in a stressful meeting at work, or fried from another argument with your spouse, you need a way to manage your stress levels right now. That’s where quick stress relief comes in. The fastest way to reduce stress is by taking a deep breath and using your senses—what you see, hear, taste, and touch—or through a soothing movement. By viewing a favorite photo, smelling a specific scent, listening to a favorite piece of music, tasting a piece of gum, or hugging a pet, for example, you can quickly relax and focus yourself. Not everyone responds to each sensory experience in the same way. The key to quick stress relief is to experiment and discover the unique sensory experiences that work best for you.",https://www.helpguide.org/mental-health/stress/stress-management,coping_strategies,,,doc_0402,0
HelpGuide,stress,When to seek professional help,coping,"The stress management techniques listed above might not be effective for everyone. Or perhaps they help a little, but your stress continues to feel out of control. Here a few reasons why you might consider seeking help from a therapist or other mental health professional: You’re increasingly reliant on unhealthy coping mechanisms, such as drinking or smoking Stress is taking a toll on your social life, causing you to be irritable and withdrawn from friends You’re in a constant state of physical tension, leading to symptoms like headaches and insomnia Stress is making it difficult for you to focus at work or in school If you’ve made the decision to find help, know that online therapy platforms make it easy to get started and find a provider who can help you manage your stress. You can learn more in our listing of the best online therapy platforms.",https://www.helpguide.org/mental-health/stress/stress-management,coping_strategies,,,doc_0403,0
HelpGuide,stress,More Information,coping,"Trauma- and Stressor-Related Disorders. (2013). In Diagnostic and Statistical Manual of Mental Disorders. American Psychiatric Association. Link Can, Yekta Said, Heather Iles-Smith, Niaz Chalabianloo, Deniz Ekiz, Javier Fernández-Álvarez, Claudia Repetto, Giuseppe Riva, and Cem Ersoy. “How to Relax in Stressful Situations: A Smart Stress Reduction System.” Healthcare 8, no. 2 (April 16, 2020): 100. Link Norelli, Samantha K., Ashley Long, and Jeffrey M. Krepps. “Relaxation Techniques.” In StatPearls. Treasure Island (FL): StatPearls Publishing, 2021. Link Toussaint, Loren, Quang Anh Nguyen, Claire Roettger, Kiara Dixon, Martin Offenbächer, Niko Kohls, Jameson Hirsch, and Fuschia Sirois. “Effectiveness of Progressive Muscle Relaxation, Deep Breathing, and Guided Imagery in Promoting Psychological and Physiological States of Relaxation.” Evidence-Based Complementary and Alternative Medicine 2021 (July 3, 2021): e5924040. Link Unger, Cynthia A, David Busse, and Ilona S Yim. “The Effect of Guided Relaxation on Cortisol and Affect: Stress Reactivity as a Moderator.” Journal of Health Psychology 22, no. 1 (January 1, 2017): 29–38. Link Singh, Karuna. “Nutrient and Stress Management.” Journal of Nutrition & Food Sciences 6, no. 4 (2016). Link Katsarou, Alexia L., Marios M. Vryonis, Athanassios D. Protogerou, Evangelos C. Alexopoulos, Apostolos Achimastos, Dimitrios Papadogiannis, George P. Chrousos, and Christina Darviri. “Stress Management and Dietary Counseling in Hypertensive Patients: A Pilot Study of Additional Effect.” Primary Health Care Research & Development 15, no. 1 (January 2014): 38–45. Link Errisuriz, Vanessa L., Keryn E. Pasch, and Cheryl L. Perry. “Perceived Stress and Dietary Choices: The Moderating Role of Stress Management.” Eating Behaviors 22 (August 1, 2016): 211–16. Link Choi, Dong-Woo, Sung-Youn Chun, Sang Ah Lee, Kyu-Tae Han, and Eun-Cheol Park. “Association between Sleep Duration and Perceived Stress: Salaried Worker in Circumstances of High Workload.” International Journal of Environmental Research and Public Health 15, no. 4 (April 2018): 796. Link Blaxton, Jessica M., Cindy S. Bergeman, Brenda R. Whitehead, Marcia E. Braun, and Jessic D. Payne. “Relationships Among Nightly Sleep Quality, Daily Stress, and Daily Affect.” The Journals of Gerontology: Series B 72, no. 3 (May 1, 2017): 363–72. Link Saleh, Dalia, Nathalie Camart, Fouad Sbeira, and Lucia Romo. “Can We Learn to Manage Stress? A Randomized Controlled Trial Carried out on University Students.” PLOS ONE 13, no. 9 (September 5, 2018): e0200997. Link Loprinzi, Paul D., and Emily Frith. “Protective and Therapeutic Effects of Exercise on Stress-Induced Memory Impairment.” The Journal of Physiological Sciences: JPS 69, no. 1 (January 2019): 1–12. Link Salmon, P. “Effects of",https://www.helpguide.org/mental-health/stress/stress-management,coping_strategies,,,doc_0404,0
HelpGuide,stress,A Specialized Path to Managing Stress,coping,"When stress becomes overwhelming, self-help tips are only part of the solution. Talkspace offers an evidence-based path to stability with licensed therapists specialized in stress management and burnout recovery. Get the professional, affordable support you need. Apply code HELPGUIDE85 for $85 off your first month",https://www.helpguide.org/mental-health/stress/stress-management,coping_strategies,,,doc_0405,0
HelpGuide,stress,Around the web,coping,"10 Steps to Mastering Stress: A Lifestyle Approach, Updated Edition Oxford Academic Books, 2014 Managing stress Susan L. Fletcher, Oxford Academic Books, 2018 Cognitive-Behavioral Approaches to Stress Management Sarah L. Mann, MIT Press, 2014 ASSOCIATIONS BETWEEN CONTROL AND RESOLUTION OF DAILY STRESS: RESULTS FROM THE NATIONAL STUDY OF DAILY EXPERIENCES Eric Cerino, Innov Aging, 2023 The Wellbeing Workout: How to Manage Stress and Develop Resilience Nerys Williams, Occupational Medicine, 2020 Second International Symposium on the Management of Stress The Journal of Clinical Endocrinology & Metabolism, 1979",https://www.helpguide.org/mental-health/stress/stress-management,coping_strategies,,,doc_0406,0
HelpGuide,burnout,"BurnoutSymptoms, Treatment, and Tips on How to Deal",coping,"If constant stress has you feeling helpless, disillusioned, and completely exhausted, you may be on the road to burnout. Learn what you can do to regain your balance and feel positive and hopeful again. Tip 2: Reframe the way you look at work Tip 5: Support your mood and energy levels with a healthy diet How long does it take to recover from burnout?",https://www.helpguide.org/mental-health/stress/burnout-prevention-and-recovery,coping_strategies,,,doc_0407,0
HelpGuide,burnout,What is burnout?,coping,"Burnout is a state of emotional, physical, and mental exhaustion caused by excessive and prolonged stress. The World Health Organization (WHO) classifies it as a “occupational phenomenon” with three dimensions: exhaustion, feeling mentally distance from or cynical toward your job, and “reduced professional efficacy.” In other words, burnout occurs when you feel overwhelmed, emotionally drained, and unable to meet constant demands. As the stress continues, you begin to lose the interest, motivation, and confidence that led you to take on a certain role in the first place. Burnout reduces productivity and saps your energy, leaving you feeling increasingly helpless, hopeless, cynical, and resentful. Eventually, you may feel like you have nothing more to give. If this all sounds familiar, know you’re not alone. Many workers are experiencing burnout. Although it can occur in any occupation, burnout tends to be higher among certain workers. For instance, a six-year survey found that about 35 percent of US health care workers experienced burnout in 2023. Similarly, a 2024 review of research found that about one-third of the global public health workforce struggled with burnout. The negative effects of burnout spill over into every area of life—including your home, work, and social life. Burnout can also cause long-term changes to your body that make you vulnerable to illnesses like colds and flu. Because of its many consequences, it’s important to deal with burnout right away.",https://www.helpguide.org/mental-health/stress/burnout-prevention-and-recovery,coping_strategies,,,doc_0408,0
HelpGuide,burnout,Are you on the road to burnout?,coping,You may be on the road to burnout if: Caring about your work or home life seems like a total waste of energy. The majority of your day is spent on tasks you find either mind-numbingly dull or overwhelming. You feel like nothing you do makes a difference or is appreciated.,https://www.helpguide.org/mental-health/stress/burnout-prevention-and-recovery,coping_strategies,,,doc_0409,0
HelpGuide,burnout,Signs and symptoms of burnout,coping,"Most of us have days when we feel helpless, overloaded, or unappreciated—when dragging ourselves out of bed requires the determination of Hercules. If you feel like this most of the time, however, you may be burned out. Burnout is a gradual process. It doesn’t happen overnight, but it can creep up on you. The signs and symptoms are subtle at first, but become worse as time goes on. Think of the early symptoms as red flags that something is wrong that needs to be addressed. If you pay attention and actively reduce your stress, you can prevent a major breakdown. If you ignore them, you’ll eventually burn out.",https://www.helpguide.org/mental-health/stress/burnout-prevention-and-recovery,coping_strategies,,,doc_0410,0
HelpGuide,burnout,Types of burnout,coping,"Dr. Christina Maslach is often recognized as a pioneer in burnout research, as she formally defined it and its risk factors. In fact, the WHO’s definition of burnout is based on Maslach’s model. Of course, other experts have contributed to and expanded on the topic over time. For instance, other researchers propose that different types of burnout exist, and they differ by the amount of dedication a person holds toward work. Possible burnout subtypes include frenetic, underchallenged, and worn-out. It’s possible to transition from one to another over time. Frenetic. This is also called overload burnout. It’s the result of an overly dedicated or ambitious approach to work. Maybe fear of being fired or a desire for promotion leads you to spend too much time in the office. Or perhaps you’re taking on so many projects that you overextend yourself and neglect your social life. Underchallenged. This subtype involves under-stimulation or feeling as if your job is monotonous. Perhaps you’re bored and can’t find meaning in a repetitive job task. Or maybe you don’t see room for personal growth in your position, so you become less dedicated. You feel trapped, unmotivated, and disengaged. Worn-out. This type of burnout is also called neglect burnout. It comes with feelings of hopelessness or helplessness. Maybe a lack of acknowledgement or guidance from your boss or coworkers leads you to feel unsupported. Perhaps you feel like, despite all your hard work, the job remains just as stressful and frustrating as it’s always been.",https://www.helpguide.org/mental-health/stress/burnout-prevention-and-recovery,coping_strategies,,,doc_0411,0
HelpGuide,burnout,The difference between stress and burnout,coping,"Burnout may be the result of unrelenting stress, but it isn’t the same as too much stress. Stress, by and large, involves too much: too many pressures that demand too much of you physically and mentally. However, stressed people can still imagine that if they can just get everything under control, they’ll feel better. Burnout, on the other hand, is about not enough. Being burned out means feeling empty and mentally exhausted, devoid of motivation, and beyond caring. People experiencing burnout often don’t see any hope of positive change in their situations. If excessive stress feels like you’re drowning in responsibilities, burnout is a sense of being all dried up. And while you’re usually aware of being under a lot of stress, you don’t always notice burnout when it happens.",https://www.helpguide.org/mental-health/stress/burnout-prevention-and-recovery,coping_strategies,,,doc_0412,0
HelpGuide,burnout,Around the web,coping,"Exploration of Zhang Zhenxian's experience in treating negative emotions of chronic fatigue syndrome based on yin fire sovereign fire and ministerial fire WANG Jinghan, Shanghai Journal of Traditional Chinese Medicine, 2025 Effects of early exercise training following severe burn injury: a randomized controlled trial David R Schieffelers, Burns & Trauma, 2024 The impact of burn injury on the central nervous system Amira Allahham, Burns & Trauma, 2024 The persistence of unhappiness: trapped into despair? Lionel Wilner, Oxford Economic Papers, 2021",https://www.helpguide.org/mental-health/stress/burnout-prevention-and-recovery,coping_strategies,,,doc_0413,0
HelpGuide,burnout,Burnout vs. depression,coping,"Burnout and depression can also be difficult to tell apart, and some of the symptoms can overlap. For example, whether you’re depressed or burned out, you might feel exhausted or have a hard time focusing. Burnout can also be a risk factor for depression. However, the two conditions have important differences.",https://www.helpguide.org/mental-health/stress/burnout-prevention-and-recovery,coping_strategies,,,doc_0414,0
HelpGuide,burnout,Stages of burnout,coping,"Researchers have used several models to chart the development of burnout symptoms. For example, one model follows 12 stages, starting with a desire to prove oneself in a specific task and then advancing to unhealthier behaviors, such as neglecting self-care. Eventually, this leads toward the later stages, including feelings of emptiness and depression. Another model simplifies burnout progression to five stages:",https://www.helpguide.org/mental-health/stress/burnout-prevention-and-recovery,coping_strategies,,,doc_0415,0
HelpGuide,burnout,5 stages of burnout,coping,"Stage 1 (Honeymoon Phase): You feel committed to an endeavor, whether you’ve just gotten a new job, a promotion, enrolled in a class, or started parenting or caregiving. You’re ready to accept new responsibilities and eager to prove yourself. You may feel creative, productive, and energized. Stage 2 (Stress Onset): As the stress of your new responsibilities begins to take its toll, you start to neglect your self-care needs. Your sleep quality diminishes. Anxiety shows up more often, along with irritability, headaches, and fatigue. You become less productive, have a harder time focusing, and try to avoid making decisions. Stage 3 (Chronic Stress): You’re consistently tired and feel cynical or apathetic. Social issues can also crop up. You may withdraw from coworkers or feel resentful toward your loved ones. You might frequently procrastinate or use drugs or alcohol to self-medicate, even as you deny the problem. Stage 4 (Burnout): At this point, you feel pessimistic about the future and obsessed with any problems that crop up. You’re neglecting your personal health, and that comes with physical problems like gastrointestinal issues and chronic headaches. You’re plagued by self-doubt and look to socially isolate yourself. Stage 5 (Habitual Burnout): Your sense of well-being reaches a low. You’re always sad and mentally and physically fatigued. Depression may develop here.",https://www.helpguide.org/mental-health/stress/burnout-prevention-and-recovery,coping_strategies,,,doc_0416,0
HelpGuide,burnout,Causes of burnout,coping,"Burnout often stems from your job. But anyone who feels overworked and undervalued is at risk for burnout, from the hardworking office worker who hasn’t had a vacation in years, to the frazzled stay-at-home mom tending to kids, housework, and an aging parent. But burnout is not caused solely by stressful work or too many responsibilities. Other factors contribute to burnout, including your lifestyle and personality traits. In fact, what you do in your downtime and how you look at the world can play just as big of a role in causing overwhelming stress as work or home demands.",https://www.helpguide.org/mental-health/stress/burnout-prevention-and-recovery,coping_strategies,,,doc_0417,0
HelpGuide,burnout,How to deal with burnout,coping,"Whether you recognize the warning signs of impending burnout or you’re already past the breaking point, trying to push through the exhaustion and continuing as you have been will only cause further emotional and physical damage. Now is the time to pause and change direction by learning how you can help yourself overcome burnout and feel healthy and positive again. Dealing with burnout requires the “Three R” approach: Recognize. Watch for the warning signs of burnout. Reverse. Undo the damage by seeking support and managing stress. Resilience. Build your resilience to stress by taking care of your physical and emotional health. The following tips for preventing or dealing with burnout can help you cope with symptoms and regain your energy, focus, and sense of well-being.",https://www.helpguide.org/mental-health/stress/burnout-prevention-and-recovery,coping_strategies,,,doc_0418,0
HelpGuide,burnout,Tip 1: Turn to other people,coping,"When you’re burned out, problems seem insurmountable, everything looks bleak, and it’s difficult to muster up the energy to care, let alone take action to help yourself. But you have a lot more control over stress than you may think. There are positive steps you can take to deal with overwhelming stress and get your life back into balance. One of the most effective is to reach out to others. Social contact is nature’s antidote to stress and talking face to face with a good listener is one of the fastest ways to calm your nervous system and relieve stress. The person you talk to doesn’t have to be able to “fix” your stressors; they just have to be a good listener, someone who’ll listen attentively without becoming distracted or expressing judgment. Reach out to those closest to you, such as your partner, family, and friends. Opening up won’t make you a burden to others. In fact, most friends and loved ones will be flattered that you trust them enough to confide in them, and it will only strengthen your friendship. Try not to think about what’s burning you out and make the time you spend with loved ones positive and enjoyable. Be more sociable with your coworkers. Developing friendships with people you work with can help buffer you from stress at work. When you take a break, for example, instead of directing your attention to your smartphone, try engaging your colleagues. Or schedule social events together after work. Limit your contact with negative people. Hanging out with negative-minded people who do nothing but complain will only drag down your mood and outlook. If you have to work with a negative person, try to limit the amount of time you spend together. Connect with a cause or a community group that is personally meaningful to you. Joining a religious, social, or support group can give you a place to talk to like-minded people about how to deal with daily stress—and to make new friends. If your line of work has a professional association, you can attend meetings and interact with others coping with the same workplace demands. You can also find virtual support groups through some online therapy platforms. Find new friends. If you don’t feel that you have anyone to turn to, it’s never too late to build new friendships and expand your social network.",https://www.helpguide.org/mental-health/stress/burnout-prevention-and-recovery,coping_strategies,,,doc_0419,0
HelpGuide,burnout,The power of giving,coping,"Being helpful to others delivers immense pleasure and can help to significantly reduce stress as well as broaden your social circle. While it’s important not to take on too much when you’re facing overwhelming stress, helping others doesn’t have to involve a lot of time or effort. Even small things like a kind word or friendly smile can make you feel better and help lower stress both for you and the other person.",https://www.helpguide.org/mental-health/stress/burnout-prevention-and-recovery,coping_strategies,,,doc_0420,0
HelpGuide,burnout,Tip 2: Reframe the way you look at work,coping,"Whether you have a job that leaves you rushed off your feet or one that is monotonous and unfulfilling, the most effective way to combat job burnout is to quit and find a job you love instead. Of course, for many of us changing job or career is far from being a practical solution, we’re grateful just to have work that pays the bills. Whatever your situation, though, there are still steps you can take to improve your state of mind. Try to find some value in your work. Even in some mundane jobs, you can often focus on how your role helps others, for example, or provides a much-needed product or service. Focus on aspects of the job that you do enjoy, even if it’s just chatting with your coworkers at lunch. Changing your attitude towards your job can help you regain a sense of purpose and control. Find balance in your life. If you hate your job, look for meaning and satisfaction elsewhere in your life: in your family, friends, hobbies, or voluntary work. Focus on the parts of your life that bring you joy. Make friends at work. Having strong ties in the workplace can help reduce monotony and counter the effects of burnout. Having friends to chat and joke with during the day can help relieve stress from an unfulfilling or demanding job, improve your job performance, or simply get you through a rough day. Take time off. If burnout seems inevitable, try to take a complete break from work. Go on vacation, use up your sick days, ask for a temporary leave-of-absence, anything to remove yourself from the situation. Use the time away to recharge your batteries and pursue other methods of recovery.",https://www.helpguide.org/mental-health/stress/burnout-prevention-and-recovery,coping_strategies,,,doc_0421,0
HelpGuide,burnout,Tip 3: Reevaluate your priorities,coping,"Burnout is an undeniable sign that something important in your life is not working. Take time to think about your hopes, goals, and dreams. Are you neglecting something that is truly important to you? This can be an opportunity to rediscover what really makes you happy and to slow down and give yourself time to rest, reflect, and heal. Set boundaries. Don’t overextend yourself. Learn how to say “no” to requests on your time. If you find this difficult, remind yourself that saying “no” allows you to say “yes” to the commitments you want to make. Take a daily break from technology. Set a time each day when you completely disconnect. Put away your laptop, turn off your phone, and stop checking email or social media. Nourish your creative side. Creativity is a powerful antidote to burnout. Try something new, start a fun project, or resume a favorite hobby. Choose activities that have nothing to do with work or whatever is causing your stress. Set aside relaxation time. Relaxation techniques such as yoga, meditation, and deep breathing activate the body’s relaxation response, a state of restfulness that is the opposite of the stress response. Get plenty of sleep. Feeling tired can exacerbate burnout by causing you to think irrationally. Keep your cool in stressful situations by getting a good night’s sleep.",https://www.helpguide.org/mental-health/stress/burnout-prevention-and-recovery,coping_strategies,,,doc_0422,0
HelpGuide,burnout,Boost your ability to stay on task,coping,"If you’re having trouble following through with these self-help tips to prevent or overcome burnout, HelpGuide’s free Emotional Intelligence Toolkit can help. Learn how to reduce stress in the moment. Motivate yourself to take the steps that can relieve stress and burnout. Rediscover joy and meaning that make work and life worthwhile.",https://www.helpguide.org/mental-health/stress/burnout-prevention-and-recovery,coping_strategies,,,doc_0423,0
HelpGuide,burnout,Tip 4: Make exercise a priority,coping,"Even though it may be the last thing you feel like doing when you’re burned out, exercise is a powerful antidote to stress and burnout. It’s also something you can do right now to boost your mood. Aim to exercise for 30 minutes or more per day or break that up into short, 10-minute bursts of activity. A 10-minute walk can improve your mood for two hours. Rhythmic exercise, where you move both your arms and legs, is a hugely effective way to lift your mood, increase energy, sharpen focus, and relax both the mind and body. Try walking, running, weight training, swimming, martial arts, or even dancing. To maximize stress relief, instead of continuing to focus on your thoughts, focus on your body and how it feels as you move: the sensation of your feet hitting the ground, for example, or the wind on your skin.",https://www.helpguide.org/mental-health/stress/burnout-prevention-and-recovery,coping_strategies,,,doc_0424,0
HelpGuide,burnout,Tip 5: Support your mood and energy levels with a healthy diet,coping,"What you put in your body can have a huge impact on your mood and energy levels throughout the day. Minimize sugar and refined carbs. You may crave sugary snacks or comfort foods such as pasta or French fries, but these refined carbs can quickly lead to a crash in mood and energy. Reduce your high intake of foods that can adversely affect your mood, such as caffeine, unhealthy fats, and foods with chemical preservatives or hormones. Eat more Omega-3 fatty acids to give your mood a boost. The best Omega-3 sources are fatty fish (salmon, herring, mackerel, anchovies, sardines), seaweed, flaxseed, and walnuts. Avoid nicotine. Smoking when you’re feeling stressed may seem calming, but nicotine is a powerful stimulant, leading to higher, not lower, levels of anxiety. Drink alcohol in moderation. Alcohol temporarily reduces worry, but too much can cause anxiety as it wears off.",https://www.helpguide.org/mental-health/stress/burnout-prevention-and-recovery,coping_strategies,,,doc_0425,0
HelpGuide,burnout,How long does it take to recover from burnout?,coping,"The time it takes to recover from burnout can vary from weeks to months to years. It depends on factors such as: Length and severity of the burnout. The longer you’ve been in a state of burnout, the more patient you’ll need to be with the recovery process. Cause of the burnout and lifestyle changes. To truly recover, you’ll need to acknowledge the root cause of the burnout and make changes, For instance, if you don’t set boundaries or prioritize self-care, you might quickly fall back into burnout, even after taking time off. Available support. If you’re in a supportive work environment with caring supervisors and coworkers, you can recover faster. For example, your coworkers might take on some of your workload or your supervisor might give you more guidance when you’re feeling uncertain.",https://www.helpguide.org/mental-health/stress/burnout-prevention-and-recovery,coping_strategies,,,doc_0426,0
HelpGuide,burnout,Dealing with burnout symptoms,coping,"Since it’s not a diagnosable medical condition, burnout is a term that’s widely misused. But if you recognize the symptoms of burnout, such as feeling mentally, emotionally, and physically exhausted, it’s critical you pause, reevaluate your priorities, and make changes in your life. With the right treatment and support, you can recover from burnout, regain your energy and enthusiasm, and feel more hopeful.",https://www.helpguide.org/mental-health/stress/burnout-prevention-and-recovery,coping_strategies,,,doc_0427,0
HelpGuide,burnout,More Information,coping,"Trauma- and Stressor-Related Disorders. (2013). In Diagnostic and Statistical Manual of Mental Disorders. American Psychiatric Association. Link “ICD-11 for Mortality and Morbidity Statistics.” Accessed November 16, 2021. Link Maslach, Christina, and Michael P. Leiter. “Understanding the Burnout Experience: Recent Research and Its Implications for Psychiatry.” World Psychiatry15, no. 2 (June 2016): 103–11. Link Koutsimani, Panagiota, Anthony Montgomery, and Katerina Georganta. “The Relationship Between Burnout, Depression, and Anxiety: A Systematic Review and Meta-Analysis.” Frontiers in Psychology 10 (March 13, 2019): 284. Link Salvagioni, Denise Albieri Jodas, Francine Nesello Melanda, Arthur Eumann Mesas, Alberto Durán González, Flávia Lopes Gabani, and Selma Maffei de Andrade. “Physical, Psychological and Occupational Consequences of Job Burnout: A Systematic Review of Prospective Studies.” PLOS ONE 12, no. 10 (October 4, 2017): e0185781. Link Information, National Center for Biotechnology, U. S. National Library of Medicine 8600 Rockville Pike, Bethesda MD, and 20894 Usa. Depression: What Is Burnout? InformedHealth.Org [Internet]. Institute for Quality and Efficiency in Health Care (IQWiG), 2020. Link Roskam, Isabelle, Marie-Emilie Raes, and Moïra Mikolajczak. “Exhausted Parents: Development and Preliminary Validation of the Parental Burnout Inventory.” Frontiers in Psychology 8 (2017): 163. Link Heinemann, Linda V., and Torsten Heinemann. “Burnout Research: Emergence and Scientific Investigation of a Contested Diagnosis.” SAGE Open 7, no. 1 (January 1, 2017): 2158244017697154. Link Bianchi, Renzo, Irvin Sam Schonfeld, and Eric Laurent. “Is It Time to Consider the ‘Burnout Syndrome’ A Distinct Illness?” Frontiers in Public Health 3 (June 8, 2015): 158. Link Ahola, Kirsi, Salla Toppinen-Tanner, and Johanna Seppänen. “Interventions to Alleviate Burnout Symptoms and to Support Return to Work among Employees with Burnout: Systematic Review and Meta-Analysis.” Burnout Research 4 (March 1, 2017): 1–11. Link Ruisoto, Pablo, Marina R. Ramírez, Pedro A. García, Belén Paladines-Costa, Silvia L. Vaca, and Vicente J. Clemente-Suárez. “Social Support Mediates the Effect of Burnout on Health in Health Care Professionals.” Frontiers in Psychology 11 (2021): 3867. Link Salmon, P. “Effects of Physical Exercise on Anxiety, Depression, and Sensitivity to Stress: A Unifying Theory.” Clinical Psychology Review 21, no. 1 (February 2001): 33–61. Link Toussaint, Loren, Quang Anh Nguyen, Claire Roettger, Kiara Dixon, Martin Offenbächer, Niko Kohls, Jameson Hirsch, and Fuschia Sirois. “Effectiveness of Progressive Muscle Relaxation, Deep Breathing, and Guided Imagery in Promoting Psychological and Physiological States of Relaxation.” Evidence-Based Complementary and Alternative Medicine 2021 (July 3, 2021): e5924040. Link De Hert, S. (2020). Burnout in Healthcare Workers: Prevalence, Impact and Preventative Strategies. Local",https://www.helpguide.org/mental-health/stress/burnout-prevention-and-recovery,coping_strategies,,,doc_0428,0
HelpGuide,burnout,Around the web,coping,"Burnout of TherapistsInevitable or Preventable? George A Wolfe, Physical Therapy, 1981 A Sampling of Key Signs and Symptoms of Burnout Robert J. Wicks, MIT Press, 2023 A Multidimensional Theory of Burnout Christina Maslach, MIT Press, 1998 Steps for Dealing with Daily Burnout Robert J. Wicks, MIT Press, 2023 Level 1–Daily Burnout: A Sampling of Key Signs and Symptoms Robert J Wicks, MIT Press, 2007 Burnout Among Physical Therapists Neil D. Schuster, Physical Therapy, 1984 Causes of Burnout Robert J. Wicks, MIT Press, 2023",https://www.helpguide.org/mental-health/stress/burnout-prevention-and-recovery,coping_strategies,,,doc_0429,0
HelpGuide,grief,What is grief?,coping,"Grief is a natural response to loss. It’s the emotional suffering you feel when something or someone you love is taken away. Often, the pain of loss can feel overwhelming. You may experience all kinds of difficult and unexpected emotions, from shock or anger to disbelief, guilt, and profound sadness. The pain of grief can also disrupt your physical health, making it difficult to sleep, eat, or even think straight. These are normal reactions to loss—and the more significant the loss, the more intense your grief will be. Coping with the loss of someone or something you love is one of life’s biggest challenges. You may associate grieving with bereavement, the death of a loved one—which is often the cause of the most intense type of grief—but any loss can cause grief.",https://www.helpguide.org/mental-health/grief-loss/coping-with-grief-and-loss,coping_strategies,,,doc_0430,0
HelpGuide,grief,The most common sources of grief are:,coping,"Even subtle losses in life can trigger a sense of grief. For example, you might grieve after moving away from home, graduating from college, or changing jobs. Whatever your loss, it’s personal to you, so don’t feel ashamed about how you feel, or believe that it’s somehow only appropriate to grieve for certain things. If the person, animal, relationship, or situation was significant to you, it’s normal to grieve the loss you’re experiencing. Whatever the cause of your grief, though, there are healthy ways to cope with the pain that, in time, can ease your sadness and help you come to terms with your loss, find new meaning, and eventually move on with your life.",https://www.helpguide.org/mental-health/grief-loss/coping-with-grief-and-loss,coping_strategies,,,doc_0431,0
HelpGuide,grief,Myths and facts about grief and grieving,coping,"The pain will go away faster if you ignore it Trying to ignore your pain or keep it from surfacing will only make it worse in the long run. For real healing, it is necessary to face your grief and actively deal with it. It’s important to “be strong” in the face of loss. Feeling sad, frightened, or lonely is a normal reaction to loss. Crying doesn’t mean you are weak. You don’t need to “protect” your family or friends by putting on a brave front. Showing your true feelings can help them and you. If you don’t cry, it means you aren’t sorry about the loss. Crying is a normal response to sadness, but it’s not the only one. Those who don’t cry may feel the pain just as deeply as others. They may simply have other ways of showing it. There is no specific time frame for grieving. How long it takes differs from person to person. Moving on with your life means forgetting about your loss. Moving on means you’ve accepted your loss—but that’s not the same as forgetting. You can move on with your life and keep the memory of someone or something you lost as an important part of you. In fact, as we move through life, these memories can become more and more integral to defining the people we are.",https://www.helpguide.org/mental-health/grief-loss/coping-with-grief-and-loss,coping_strategies,,,doc_0432,0
HelpGuide,grief,The grieving process,coping,"Grieving is a highly individual experience; there’s no right or wrong way to grieve. How you grieve depends on many factors, including your personality and coping style, your life experience, your faith, and how significant the loss was to you. Inevitably, the grieving process takes time. Healing happens gradually; it can’t be forced or hurried—and there is no “normal” timetable for grieving. Some people start to feel better in weeks or months. For others, the grieving process is measured in years. Whatever your grief experience, it’s important to be patient with yourself and allow the process to naturally unfold.",https://www.helpguide.org/mental-health/grief-loss/coping-with-grief-and-loss,coping_strategies,,,doc_0433,0
HelpGuide,grief,How to deal with the grieving process,coping,"While grieving a loss is an inevitable part of life, there are ways to help cope with the pain, come to terms with your grief, and eventually, find a way to pick up the pieces and move on with your life. Accept that grief can trigger many different and unexpected emotions. Understand that your grieving process will be unique to you. Seek out face-to-face support from people who care about you. Support yourself emotionally by taking care of yourself physically.",https://www.helpguide.org/mental-health/grief-loss/coping-with-grief-and-loss,coping_strategies,,,doc_0434,0
HelpGuide,grief,The 5 stages of grief,coping,"In 1969, psychiatrist Elisabeth Kübler-Ross introduced what became known as the “five stages of grief.” These stages of grief were based on her studies of the feelings of patients facing terminal illness, but many people have generalized them to other types of negative life changes and losses, such as the death of a loved one or a break-up. The five stages are: Anger: “Why is this happening? Who is to blame?” Bargaining: “Make this not happen, and in return I will ____.” If you are experiencing any of these emotions following a loss, it may help to know that your reaction is natural and that you’ll heal in time. However, not everyone who grieves goes through all of these stages—and that’s okay. Contrary to popular belief, you do not have to go through each stage in order to heal. In fact, some people resolve their grief without going through any of these stages. And if you do go through these stages of grief, you probably won’t experience them in a neat, sequential order, so don’t worry about what you “should” be feeling or which stage you’re supposed to be in. Kübler-Ross herself never intended for these stages to be a rigid framework that applies to everyone who mourns. In her last book before her death in 2004, she said of the five stages of grief: “They were never meant to help tuck messy emotions into neat packages. They are responses to loss that many people have, but there is not a typical response to loss, as there is no typical loss. Our grieving is as individual as our lives.”",https://www.helpguide.org/mental-health/grief-loss/coping-with-grief-and-loss,coping_strategies,,,doc_0435,0
HelpGuide,grief,Grief can be a roller coaster,coping,"Instead of a series of stages, we might also think of the grieving process as a roller coaster, full of ups and downs, highs and lows. Like many roller coasters, the ride tends to be rougher in the beginning, the lows may be deeper and longer. The difficult periods should become less intense and shorter as time goes by, but it takes time to work through a loss. Even years after a loss, especially at special events such as a family wedding or the birth of a child, we may still experience a strong sense of grief.",https://www.helpguide.org/mental-health/grief-loss/coping-with-grief-and-loss,coping_strategies,,,doc_0436,0
HelpGuide,grief,Symptoms of grief and grieving,coping,"While loss affects people in different ways, many of us experience the following symptoms when we’re grieving. Just remember that almost anything that you experience in the early stages of grief is normal—including feeling like you’re going crazy, feeling like you’re in a bad dream, or questioning your religious or spiritual beliefs.",https://www.helpguide.org/mental-health/grief-loss/coping-with-grief-and-loss,coping_strategies,,,doc_0437,0
HelpGuide,grief,Emotional symptoms of grief,coping,"Shock and disbelief. Right after a loss, it can be hard to accept what happened. You may feel numb, have trouble believing that the loss really happened, or even deny the truth. If a pet or someone you love has died, for example, you may keep expecting them to show up, even though you know they’re gone. Sadness. Profound sadness is probably the most universally experienced symptom of grief. You may have feelings of emptiness, despair, yearning, or deep loneliness. You may also cry a lot or feel emotionally unstable. Guilt. You may regret or feel guilty about things you did or didn’t say or do. You may also feel guilty about certain feelings (feeling relieved when a person died after a long, difficult illness, for example). You may even feel guilty for not doing more to prevent your loss, even if it was completely out of your hands. Fear. A significant loss can trigger a host of worries and fears. If you’ve lost your partner, your job, or your home, for example, you may feel anxious, helpless, or insecure about the future. You may even have panic attacks. The death of a loved one can trigger uncertainty and fears about your own mortality, of facing life without that person, or the responsibilities you now face alone. Anger. Even if the loss was nobody’s fault, you may feel angry and resentful. If you lost a loved one, you may be angry with yourself, God, the doctors, or even the person who died for abandoning you. You may feel the need to blame someone for the injustice that was done to you.",https://www.helpguide.org/mental-health/grief-loss/coping-with-grief-and-loss,coping_strategies,,,doc_0438,0
HelpGuide,grief,Types of grief and loss,coping,"Since the experience of grieving following the loss of someone or something important to you tends to be unique to you, it’s difficult to label any type of grief as either “normal” or “abnormal.” However, there are types of grief that fall outside the expected symptoms and reactions described above. These include:",https://www.helpguide.org/mental-health/grief-loss/coping-with-grief-and-loss,coping_strategies,,,doc_0439,0
HelpGuide,grief,Anticipatory grief,coping,"As the name suggests, anticipatory grief develops before a significant loss occurs rather than after. If a loved one is terminally ill, for example, you have an aging pet, or you know that your retirement or job loss is imminent, you may start grieving your loss before it has fully unfolded. Like conventional grief, anticipatory grief can involve a mix of confusing emotions, particularly anger. Some people even equate it to giving up hope and refuse to allow themselves to grieve before their loss has occurred. However, anticipatory grief can also give you a chance to prepare for your loss, resolve any unfinished business, or say your goodbyes, for example.",https://www.helpguide.org/mental-health/grief-loss/coping-with-grief-and-loss,coping_strategies,,,doc_0440,0
HelpGuide,grief,Disenfranchised grief,coping,"Disenfranchised grief can occur when your loss is devalued, stigmatized, or cannot be openly mourned. Some people may minimize the loss of a job, a pet, or a friendship, for example, as something that’s not worth grieving over. You may feel stigmatized if you suffered a miscarriage or lost a loved one to suicide. Disenfranchised grief can also occur when your relationship to a deceased is not recognized. Some people may consider it inappropriate to grieve for a work colleague, classmate, or neighbor, for example. As a close friend or same-sex partner, you may be denied the same sympathy and understanding as a blood relative. This can make it even more difficult to come to terms with your loss and navigate the grieving process.",https://www.helpguide.org/mental-health/grief-loss/coping-with-grief-and-loss,coping_strategies,,,doc_0441,0
HelpGuide,grief,"Complicated grief, now known as prolonged grief disorder",coping,"The pain at a significant loss may never completely disappear, but it should ease up over time. When it doesn’t—and it keeps you from resuming your daily life and relationships—it may be a sign of what’s now formally recognized as prolonged grief disorder. Mental health professionals once used the term “complicated grief” to describe this experience. However, starting in 2022, the American Psychiatric Association has recognized prolonged grief disorder as an official diagnosis. Prolonged or complicated grief usually arises from the death of a loved one, where the loss has left you stuck in a state of bereavement. You may be unable to accept your loved one has gone, search for them in familiar places, experience intense longing, or even feel that life isn’t worth living. If you’re experiencing complicated grief and the pain from your loss remains unresolved, it’s important to reach out for support and take the steps that will enable you to heal.",https://www.helpguide.org/mental-health/grief-loss/coping-with-grief-and-loss,coping_strategies,,,doc_0442,0
HelpGuide,grief,Finding support for grief and loss,coping,"The pain of grief can often cause you to want to withdraw from others and retreat into your shell. But having the face-to-face support of other people is vital to healing from loss. Even if you’re not comfortable talking about your feelings under normal circumstances, it’s important to express them when you’re grieving. While sharing your loss can make the burden of grief easier to carry, that doesn’t mean that every time you interact with friends and family, you need to talk about your loss. Comfort can also come from just being around others who care about you. The key is not to isolate yourself.",https://www.helpguide.org/mental-health/grief-loss/coping-with-grief-and-loss,coping_strategies,,,doc_0443,0
HelpGuide,grief,Turn to friends and family members.,coping,"Now is the time to lean on the people who care about you, even if you take pride in being strong and self-sufficient. Rather than avoiding them, draw friends and loved ones close, spend time together face to face, and accept the assistance that’s offered. Often, people want to help but don’t know how, so tell them what you need—whether it’s a shoulder to cry on, a listening ear, or just someone to hang out with. If you don’t feel you have anyone you can regularly connect with in person, it’s never too late to build new friendships.",https://www.helpguide.org/mental-health/grief-loss/coping-with-grief-and-loss,coping_strategies,,,doc_0444,0
HelpGuide,grief,Accept that comforting others can feel awkward.,coping,"Grief can be a confusing, sometimes frightening emotion for many people, especially if they haven’t experienced a similar loss themselves. They may feel unsure about how to comfort you and end up saying or doing the wrong things. But don’t use that as an excuse to retreat into your shell and avoid social contact. If a friend or loved one reaches out to you, it’s because they care.",https://www.helpguide.org/mental-health/grief-loss/coping-with-grief-and-loss,coping_strategies,,,doc_0445,0
HelpGuide,grief,Draw comfort from your faith.,coping,"If you follow a religious tradition, embrace the comfort its mourning rituals can provide. Spiritual activities that are meaningful to you—such as praying, meditating, or going to church—can offer solace. If you’re questioning your faith in the wake of the loss, talk to a clergy member or others in your religious community.",https://www.helpguide.org/mental-health/grief-loss/coping-with-grief-and-loss,coping_strategies,,,doc_0446,0
HelpGuide,grief,Join a support group.,coping,"Grief can feel very lonely, even when you have loved ones around. Sharing your sorrow with others who have experienced similar losses can help. To find a bereavement support group in your area, contact local hospitals, hospices, funeral homes, and counseling centers, or see the links below.",https://www.helpguide.org/mental-health/grief-loss/coping-with-grief-and-loss,coping_strategies,,,doc_0447,0
HelpGuide,grief,Talk to a therapist or grief counselor.,coping,"If your grief feels like too much to bear, find a mental health professional with experience in grief counseling. An experienced therapist can help you work through intense emotions and overcome obstacles to your grieving. If in-person therapy is not accessible to you, consider an online therapy platform, which can be just as effective. For instance, 2025 research published in the Journal of Affective Disorders found that cognitive behavioral therapy—including online formats—could help ease prolonged grief symptoms.",https://www.helpguide.org/mental-health/grief-loss/coping-with-grief-and-loss,coping_strategies,,,doc_0448,0
HelpGuide,grief,Taking care of yourself as you grieve,coping,"When you’re grieving, it’s more important than ever to take care of yourself. The stress of a major loss can quickly deplete your energy and emotional reserves. Looking after your physical and emotional needs will help you get through this difficult time.",https://www.helpguide.org/mental-health/grief-loss/coping-with-grief-and-loss,coping_strategies,,,doc_0449,0
HelpGuide,grief,Face your feelings.,coping,"You can try to suppress your grief, but you can’t avoid it forever. To heal, you have to acknowledge the pain. Trying to avoid feelings of sadness and loss only prolongs the grieving process. Unresolved grief can also lead to complications such as depression, anxiety, substance abuse, and health problems.",https://www.helpguide.org/mental-health/grief-loss/coping-with-grief-and-loss,coping_strategies,,,doc_0450,0
HelpGuide,grief,Express your feelings in a tangible or creative way.,coping,"Even if you’re not able to talk about your loss with others, it can help to write down your thoughts and feelings in a journal, for example. Or you could release your emotions by making a scrapbook or volunteering for a cause related to your loss.",https://www.helpguide.org/mental-health/grief-loss/coping-with-grief-and-loss,coping_strategies,,,doc_0451,0
HelpGuide,grief,Try to maintain your hobbies and interests.,coping,There’s comfort in routine and getting back to the activities that bring you joy and connect you closer to others can help you come to terms with your loss and aid the grieving process.,https://www.helpguide.org/mental-health/grief-loss/coping-with-grief-and-loss,coping_strategies,,,doc_0452,0
HelpGuide,grief,Don’t let others tell you how to feel.,coping,"Your grief is your own, and no one else can tell you when it’s time to “move on” or “get over it.” Let yourself feel whatever you feel without embarrassment or judgment. It’s okay to be angry, to yell at the heavens, to cry or not to cry. It’s also okay to laugh, to find moments of joy, and to let go when you’re ready.",https://www.helpguide.org/mental-health/grief-loss/coping-with-grief-and-loss,coping_strategies,,,doc_0453,0
HelpGuide,grief,Look after your physical health.,coping,"The mind and body are connected. When you feel healthy physically, you’ll be better able to cope emotionally. Combat stress and fatigue by getting enough sleep, eating right, and exercising. Don’t use alcohol or drugs to self-medicate, numb the pain of grief, or lift your mood artificially.",https://www.helpguide.org/mental-health/grief-loss/coping-with-grief-and-loss,coping_strategies,,,doc_0454,0
HelpGuide,grief,Plan ahead for grief “triggers.”,coping,"Anniversaries, holidays, and important milestones can reawaken painful memories and feelings. Be prepared for an emotional wallop, and know that it’s completely normal. You can plan ahead by making sure that you’re not alone, for example, or by marking your loss in a creative way.",https://www.helpguide.org/mental-health/grief-loss/coping-with-grief-and-loss,coping_strategies,,,doc_0455,0
HelpGuide,grief,For more help managing distressing emotions like grief…,coping,HelpGuide’s Emotional Intelligence Toolkit is a free online program that teaches you how to face up to and better manage your emotions—even those uncomfortable or disturbing emotions you’ve been trying to avoid—without becoming overwhelmed.,https://www.helpguide.org/mental-health/grief-loss/coping-with-grief-and-loss,coping_strategies,,,doc_0456,0
HelpGuide,grief,Grief and loss resources,coping,In the U.S.: Crisis Call Center at 775-784-8090 UK: Cruse Bereavement Care at 0808 808 1677 Find a GriefShare group meeting near you – Worldwide directory of support groups for people grieving the death of a family member or friend. (GriefShare) Find Support – Directory of programs and support groups in the U.S. for children experiencing grief and loss. (National Alliance for Grieving Children) Chapter Locator for finding help for grieving the loss of a child in the U.S. and International Support for finding help in other countries. (The Compassionate Friends),https://www.helpguide.org/mental-health/grief-loss/coping-with-grief-and-loss,coping_strategies,,,doc_0457,0
HelpGuide,grief,If you're feeling suicidal…,coping,"Seek help immediately. Please read Suicide Help, talk to someone you trust, or call a suicide helpline: In the UK, call 08457 90 90 90. Or visit IASP to find a helpline in your country.",https://www.helpguide.org/mental-health/grief-loss/coping-with-grief-and-loss,coping_strategies,,,doc_0458,0
HelpGuide,grief,More Information,coping,"Depressive Disorders. (2013). In Diagnostic and Statistical Manual of Mental Disorders. American Psychiatric Association. Link Zisook, S., & Shear, K. (2009). Grief and bereavement: What psychiatrists need to know. World Psychiatry, 8(2), 67–74. Link Stroebe, M., Schut, H., & Stroebe, W. (2007). Health outcomes of bereavement. The Lancet, 370(9603), 1960–1973. Link Simon, N. M., Wall, M. M., Keshaviah, A., Dryman, M. T., LeBlanc, N. J., & Shear, M. K. (2011). Informing the symptom profile of complicated grief. Depression and Anxiety, 28(2), 118–126. Link Corr, C. A. (1999). Enhancing the Concept of Disenfranchised Grief. OMEGA – Journal of Death and Dying, 38(1), 1–20. Link Johansson, A. K., & Grimby, A. (2012). Anticipatory grief among close relatives of patients in hospice and palliative wards. The American Journal of Hospice & Palliative Care, 29(2), 134–138. Link Eisma, M. C. (2023). Prolonged grief disorder in ICD-11 and DSM -5-TR: Challenges and controversies. Australian & New Zealand Journal of Psychiatry, 57(7), 944–951. Link Srivastava, T., Lee, K., Ehrenkranz, R., Cozzolino, P. J., Wise, F. A., Burns, M., McCormick, T., Yaden, D., Agrawal, M., & Penberthy, J. K. (2025). The efficacy of psychotherapeutic interventions for prolonged grief disorder: A systematic review. Journal of Affective Disorders, 380, 561–575. Link",https://www.helpguide.org/mental-health/grief-loss/coping-with-grief-and-loss,coping_strategies,,,doc_0459,0
HelpGuide,grief,Around the web,coping,"Grieving Is Active: We Need Not Be Helpless Thomas Attig, Oxford Academic Books, 1996 Beyond the Myths of Coping with Loss: Prevailing Assumptions Versus Scientific Evidence Camille B. Wortman, MIT Press, 2011 Grief and bereavement Alexandra Farag, Oxford Academic Books, 2021 The Spectrum of Grief in Palliative Care Laurence Katz, Oxford Academic Books, 1998 How to plan for the end and beyond Andrew E. Budson, Oxford Academic Books, 2021 A Caregiver Becomes a Griever Amy Ziettlow, Oxford Academic Books, 2017 Cognitive Grief Therapy: Coping with the Inevitability of Loss and Grief in Later Life Ruth Malkinson, MIT Press, 2014 Grief, Complicated Grief, and Bereavement-Related Depression Alana Iglewicz, Oxford Academic Books, 2015",https://www.helpguide.org/mental-health/grief-loss/coping-with-grief-and-loss,coping_strategies,,,doc_0460,0
findahelpline.com,crisis,Helpline: Tele MANAS,helpline,Tele MANAS is a mental health helpline. Located in India. Phone: 14416. Tele MANAS is a mental health helpline in India. Phone: 14416. Website: https://telemanas.mohfw.gov.in/home. Topics covered: mental health.,https://telemanas.mohfw.gov.in/home,helplines_crisis,India,14416,doc_0461,0
findahelpline.com,crisis,Helpline: Aasra / आसरा,helpline,Aasra / आसरा is a mental health helpline. Located in India. Phone: 91-9820466726. Aasra / आसरा is a mental health helpline in India. Phone: 91-9820466726. Website: http://www.aasra.info/. Topics covered: mental health.,http://www.aasra.info/,helplines_crisis,India,91-9820466726,doc_0462,0
findahelpline.com,crisis,Helpline: NCW 24x7 Helpline | एनसीडब्ल्यू 24x7 हेल्पलाइन,helpline,NCW 24x7 Helpline | एनसीडब्ल्यू 24x7 हेल्पलाइन is a mental health helpline. Located in India. Phone: 7827-170-170. NCW 24x7 Helpline | एनसीडब्ल्यू 24x7 हेल्पलाइन is a mental health helpline in India. Phone: 7827-170-170. Topics covered: mental health.,https://findahelpline.com/countries/in,helplines_crisis,India,7827-170-170,doc_0463,0
findahelpline.com,crisis,Helpline: Vandrevala Foundation crisis intervention helpline,helpline,Vandrevala Foundation crisis intervention helpline is a mental health helpline. Located in India. Phone: +91 9999 666 555. Vandrevala Foundation crisis intervention helpline is a mental health helpline in India. Phone: +91 9999 666 555. Website: https://www.vandrevalafoundation.com/free-counseling. Topics covered: mental health.,https://www.vandrevalafoundation.com/free-counseling,helplines_crisis,India,+91 9999 666 555,doc_0464,0
findahelpline.com,crisis,"Helpline: Snehi Helpline, Crisis Intervention Tele Counselling Support",helpline,"Snehi Helpline, Crisis Intervention Tele Counselling Support is a mental health helpline. Located in India. Phone: +919582208181. Snehi Helpline, Crisis Intervention Tele Counselling Support is a mental health helpline in India. Phone: +919582208181. Website: https://www.snehi.org.in/. Topics covered: mental health.",https://www.snehi.org.in/,helplines_crisis,India,+919582208181,doc_0465,0
findahelpline.com,crisis,Helpline: Jeevan Aastha Helpline,helpline,Jeevan Aastha Helpline is a mental health helpline. Located in India. Phone: 1800 233 3330. Jeevan Aastha Helpline is a mental health helpline in India. Phone: 1800 233 3330. Website: https://www.jeevanaastha.com/. Topics covered: mental health.,https://www.jeevanaastha.com/,helplines_crisis,India,1800 233 3330,doc_0466,0
findahelpline.com,crisis,"Helpline: 1 Life, Crisis Support, Suicide Prevention",helpline,"1 Life, Crisis Support, Suicide Prevention is a mental health helpline. Located in India. Phone: 78930-78930. 1 Life, Crisis Support, Suicide Prevention is a mental health helpline in India. Phone: 78930-78930. Website: https://1life.org.in/. Topics covered: mental health.",https://1life.org.in/,helplines_crisis,India,78930-78930,doc_0467,0
findahelpline.com,crisis,Helpline: 24x7 Helpline for SGBV Survivors,helpline,24x7 Helpline for SGBV Survivors is a mental health helpline. Located in India. Phone: +917838957810. 24x7 Helpline for SGBV Survivors is a mental health helpline in India. Phone: +917838957810. Website: https://shaktishalini.org/. Topics covered: mental health.,https://shaktishalini.org/,helplines_crisis,India,+917838957810,doc_0468,0
findahelpline.com,crisis,Helpline: Aks Foundation,helpline,Aks Foundation is a mental health helpline. Located in India. Phone: +91 8793 088 814. Aks Foundation is a mental health helpline in India. Phone: +91 8793 088 814. Website: https://aksfoundation.org/. Topics covered: mental health.,https://aksfoundation.org/,helplines_crisis,India,+91 8793 088 814,doc_0469,0
findahelpline.com,crisis,"Helpline: Dhwani- National domestic violence helpline, International Foundation for Crime Prevention and Victim Care (PCVC)",helpline,"Dhwani- National domestic violence helpline, International Foundation for Crime Prevention and Victim Care (PCVC) is a mental health helpline. Located in India. Phone: 9840888882. Dhwani- National domestic violence helpline, International Foundation for Crime Prevention and Victim Care (PCVC) is a mental health helpline in India. Phone: 9840888882. Website: https://www.pcvconline.org/. Topics covered: mental health.",https://www.pcvconline.org/,helplines_crisis,India,9840888882,doc_0470,0
findahelpline.com,crisis,Helpline: The Humsafar Helpline,helpline,The Humsafar Helpline is a mental health helpline. Located in India. Phone: 9892940966. The Humsafar Helpline is a mental health helpline in India. Phone: 9892940966. Website: https://humsafar.org/. Topics covered: mental health.,https://humsafar.org/,helplines_crisis,India,9892940966,doc_0471,0
findahelpline.com,crisis,Helpline: Snehadhar Women's Helpline,helpline,Snehadhar Women's Helpline is a mental health helpline. Located in India. Phone: +91 0241 234 0444. Snehadhar Women's Helpline is a mental health helpline in India. Phone: +91 0241 234 0444. Website: https://www.snehalaya.org/snehadhar. Topics covered: mental health.,https://www.snehalaya.org/snehadhar,helplines_crisis,India,+91 0241 234 0444,doc_0472,0
findahelpline.com,crisis,Helpline: CHILDLINE 1098,helpline,CHILDLINE 1098 is a mental health helpline. Located in India. Phone: 1098. CHILDLINE 1098 is a mental health helpline in India. Phone: 1098. Website: https://www.facebook.com/ChildlineIndiaFoundation. Topics covered: mental health.,https://www.facebook.com/ChildlineIndiaFoundation,helplines_crisis,India,1098,doc_0473,0
findahelpline.com,crisis,Helpline: Alzheimer's Related Disorders Society of India (ARDSI) Helpline,helpline,Alzheimer's Related Disorders Society of India (ARDSI) Helpline is a mental health helpline. Located in India. Phone: +91 9846198473. Alzheimer's Related Disorders Society of India (ARDSI) Helpline is a mental health helpline in India. Phone: +91 9846198473. Website: https://ardsi.org/. Topics covered: mental health.,https://ardsi.org/,helplines_crisis,India,+91 9846198473,doc_0474,0
findahelpline.com,crisis,Helpline: Muktaa Mental Health Helpline,helpline,Muktaa Mental Health Helpline is a mental health helpline. Located in India. Phone: 788-788-9882. Muktaa Mental Health Helpline is a mental health helpline in India. Phone: 788-788-9882. Website: https://mcf.org.in/. Topics covered: mental health.,https://mcf.org.in/,helplines_crisis,India,788-788-9882,doc_0475,0
findahelpline.com,crisis,Helpline: Pukar Helpline,helpline,Pukar Helpline is a mental health helpline. Located in India. Phone: 9663896669. Pukar Helpline is a mental health helpline in India. Phone: 9663896669. Website: https://www.facebook.com/pukarhelpline/. Topics covered: mental health.,https://www.facebook.com/pukarhelpline/,helplines_crisis,India,9663896669,doc_0476,0
findahelpline.com,crisis,"Helpline: Roshni Helpline, Telangana",helpline,"Roshni Helpline, Telangana is a mental health helpline. Located in India. Phone: +918142020033. Roshni Helpline, Telangana is a mental health helpline in India. Phone: +918142020033. Website: https://www.facebook.com/Roshningohyd/. Topics covered: mental health.",https://www.facebook.com/Roshningohyd/,helplines_crisis,India,+918142020033,doc_0477,0
findahelpline.com,crisis,Helpline: iCALL Psychosocial Helpline,helpline,iCALL Psychosocial Helpline is a mental health helpline. Located in India. Phone: 915 298 7821. iCALL Psychosocial Helpline is a mental health helpline in India. Phone: 915 298 7821. Website: https://icallhelpline.org/. Topics covered: mental health.,https://icallhelpline.org/,helplines_crisis,India,915 298 7821,doc_0478,0
findahelpline.com,crisis,Helpline: Connecting Trust - Every Life Counts,helpline,Connecting Trust - Every Life Counts is a mental health helpline. Located in India. Phone: 9922004305. Connecting Trust - Every Life Counts is a mental health helpline in India. Phone: 9922004305. Website: https://www.facebook.com/connectingngo/. Topics covered: mental health.,https://www.facebook.com/connectingngo/,helplines_crisis,India,9922004305,doc_0479,0
findahelpline.com,crisis,"Helpline: Kashmir Lifeline, Emotional and Mental Crisis support",helpline,"Kashmir Lifeline, Emotional and Mental Crisis support is a mental health helpline. Located in India. Phone: 1800 180 7020. Kashmir Lifeline, Emotional and Mental Crisis support is a mental health helpline in India. Phone: 1800 180 7020. Website: https://www.kashmirlifeline.org/. Topics covered: mental health.",https://www.kashmirlifeline.org/,helplines_crisis,India,1800 180 7020,doc_0480,0
findahelpline.com,crisis,Helpline: Ankahee Helpline,helpline,Ankahee Helpline is a mental health helpline. Located in India. Phone: +91 86-554 86-966. Ankahee Helpline is a mental health helpline in India. Phone: +91 86-554 86-966. Website: https://www.ankaheehelpline.org/. Topics covered: mental health.,https://www.ankaheehelpline.org/,helplines_crisis,India,+91 86-554 86-966,doc_0481,0
findahelpline.com,crisis,Helpline: COOJ Distress Helpline,helpline,COOJ Distress Helpline is a mental health helpline. Located in India. Phone: 63 6161 2525. COOJ Distress Helpline is a mental health helpline in India. Phone: 63 6161 2525. Website: https://cooj.co.in/our-programs/suicide-prevention/. Topics covered: mental health.,https://cooj.co.in/our-programs/suicide-prevention/,helplines_crisis,India,63 6161 2525,doc_0482,0
findahelpline.com,crisis,Helpline: Sneha Suicide Prevention Helpline,helpline,Sneha Suicide Prevention Helpline is a mental health helpline. Located in India. Phone: 44 2464 0050. Sneha Suicide Prevention Helpline is a mental health helpline in India. Phone: 44 2464 0050. Website: https://snehaindia.org/new/. Topics covered: mental health.,https://snehaindia.org/new/,helplines_crisis,India,44 2464 0050,doc_0483,0
findahelpline.com,crisis,Helpline: iCALLs ReYou Chat-line,helpline,iCALLs ReYou Chat-line is a mental health helpline. Located in India. Phone: . iCALLs ReYou Chat-line is a mental health helpline in India. Website: https://icallhelpline.org/about-the-reyou-chat-line/. Topics covered: mental health.,https://icallhelpline.org/about-the-reyou-chat-line/,helplines_crisis,India,,doc_0484,0
findahelpline.com,crisis,Helpline: Mann Talks,helpline,Mann Talks is a mental health helpline. Located in India. Phone: 86861 39139. Mann Talks is a mental health helpline in India. Phone: 86861 39139. Website: https://www.manntalks.org/. Topics covered: mental health.,https://www.manntalks.org/,helplines_crisis,India,86861 39139,doc_0485,0
findahelpline.com,crisis,Helpline: ND Prana Lifeline,helpline,ND Prana Lifeline is a mental health helpline. Located in India. Phone: 1800 121 203040. ND Prana Lifeline is a mental health helpline in India. Phone: 1800 121 203040. Website: https://ngchandrancharities.org/. Topics covered: mental health.,https://ngchandrancharities.org/,helplines_crisis,India,1800 121 203040,doc_0486,0
findahelpline.com,crisis,Helpline: Lifeline Foundation,helpline,Lifeline Foundation is a mental health helpline. Located in India. Phone: + 91 90880 30303. Lifeline Foundation is a mental health helpline in India. Phone: + 91 90880 30303. Website: https://www.facebook.com/LifelineFoundationIndia?locale=mk_MK. Topics covered: mental health.,https://www.facebook.com/LifelineFoundationIndia?locale=mk_MK,helplines_crisis,India,+ 91 90880 30303,doc_0487,0
findahelpline.com,crisis,Helpline: Parivarthan Counselling Helpline,helpline,Parivarthan Counselling Helpline is a mental health helpline. Located in India. Phone: +91 7676602602. Parivarthan Counselling Helpline is a mental health helpline in India. Phone: +91 7676602602. Website: https://parivarthan.org/counselling-helpline/. Topics covered: mental health.,https://parivarthan.org/counselling-helpline/,helplines_crisis,India,+91 7676602602,doc_0488,0
findahelpline.com,crisis,Helpline: Arpita Foundation,helpline,Arpita Foundation is a mental health helpline. Located in India. Phone: 9180 23655557. Arpita Foundation is a mental health helpline in India. Phone: 9180 23655557. Website: http://www.arpitafoundation.org/. Topics covered: mental health.,http://www.arpitafoundation.org/,helplines_crisis,India,9180 23655557,doc_0489,0
findahelpline.com,crisis,Helpline: Voice That Cares,helpline,Voice That Cares is a mental health helpline. Located in India. Phone: 8448-8448-45. Voice That Cares is a mental health helpline in India. Phone: 8448-8448-45. Website: https://www.rocf.org/voice-that-cares/. Topics covered: mental health.,https://www.rocf.org/voice-that-cares/,helplines_crisis,India,8448-8448-45,doc_0490,0
findahelpline.com,crisis,Helpline: Outlive Chat Platform,helpline,Outlive Chat Platform is a mental health helpline. Located in India. Phone: . Outlive Chat Platform is a mental health helpline in India. Website: https://chat.outlive.in/landing-page. Topics covered: mental health.,https://chat.outlive.in/landing-page,helplines_crisis,India,,doc_0491,0
findahelpline.com,crisis,Helpline: The Naz Helpline,helpline,The Naz Helpline is a mental health helpline. Located in India. Phone: +91 8800329176. The Naz Helpline is a mental health helpline in India. Phone: +91 8800329176. Website: https://www.nazindia.org/lgbtqia/. Topics covered: mental health.,https://www.nazindia.org/lgbtqia/,helplines_crisis,India,+91 8800329176,doc_0492,0
findahelpline.com,crisis,Helpline: MahilaBol Helpline,helpline,MahilaBol Helpline is a mental health helpline. Located in India. Phone: 0124-4007444. MahilaBol Helpline is a mental health helpline in India. Phone: 0124-4007444. Website: https://mahilabol.org/. Topics covered: mental health.,https://mahilabol.org/,helplines_crisis,India,0124-4007444,doc_0493,0
findahelpline.com,crisis,Helpline: iCALL's CHAMPS Helpline,helpline,iCALL's CHAMPS Helpline is a mental health helpline. Located in India. Phone: 1800-2222-11. iCALL's CHAMPS Helpline is a mental health helpline in India. Phone: 1800-2222-11. Website: https://icallhelpline.org/. Topics covered: mental health.,https://icallhelpline.org/,helplines_crisis,India,1800-2222-11,doc_0494,0
findahelpline.com,crisis,Helpline: Positive Parenting & Child Helpline,helpline,Positive Parenting & Child Helpline is a mental health helpline. Located in India. Phone: 1 800-532-2244. Positive Parenting & Child Helpline is a mental health helpline in India. Phone: 1 800-532-2244. Website: https://www.parisarasha.com/. Topics covered: mental health.,https://www.parisarasha.com/,helplines_crisis,India,1 800-532-2244,doc_0495,0
findahelpline.com,crisis,Helpline: 988 Suicide & Crisis Lifeline,helpline,988 Suicide & Crisis Lifeline is a mental health helpline. Located in United States. Phone: 988. 988 Suicide & Crisis Lifeline is a mental health helpline in United States. Phone: 988. Website: https://988lifeline.org. Topics covered: mental health.,https://988lifeline.org,helplines_crisis,United States,988,doc_0496,0
findahelpline.com,crisis,Helpline: Crisis Text Line,helpline,Crisis Text Line is a mental health helpline. Located in United States. Phone: . Crisis Text Line is a mental health helpline in United States. Website: https://www.crisistextline.org/. Topics covered: mental health.,https://www.crisistextline.org/,helplines_crisis,United States,,doc_0497,0
findahelpline.com,crisis,Helpline: SAMHSA's National Helpline,helpline,SAMHSA's National Helpline is a mental health helpline. Located in United States. Phone: 1-800-662-4357. SAMHSA's National Helpline is a mental health helpline in United States. Phone: 1-800-662-4357. Website: https://www.samhsa.gov/find-help/national-helpline. Topics covered: mental health.,https://www.samhsa.gov/find-help/national-helpline,helplines_crisis,United States,1-800-662-4357,doc_0498,0
findahelpline.com,crisis,Helpline: NAMI HelpLine,helpline,NAMI HelpLine is a mental health helpline. Located in United States. Phone: (800) 950-6264. NAMI HelpLine is a mental health helpline in United States. Phone: (800) 950-6264. Website: https://nami.org/help. Topics covered: mental health.,https://nami.org/help,helplines_crisis,United States,(800) 950-6264,doc_0499,0
findahelpline.com,crisis,Helpline: National Teen Dating Abuse Helpline,helpline,National Teen Dating Abuse Helpline is a mental health helpline. Located in United States. Phone: (866) 331-9474. National Teen Dating Abuse Helpline is a mental health helpline in United States. Phone: (866) 331-9474. Website: https://www.loveisrespect.org/. Topics covered: mental health.,https://www.loveisrespect.org/,helplines_crisis,United States,(866) 331-9474,doc_0500,0
findahelpline.com,crisis,Helpline: TrevorLifeline,helpline,TrevorLifeline is a mental health helpline. Located in United States. Phone: (866) 488-7386. TrevorLifeline is a mental health helpline in United States. Phone: (866) 488-7386. Website: https://www.thetrevorproject.org/get-help/. Topics covered: mental health.,https://www.thetrevorproject.org/get-help/,helplines_crisis,United States,(866) 488-7386,doc_0501,0
findahelpline.com,crisis,Helpline: National Domestic Violence Hotline,helpline,National Domestic Violence Hotline is a mental health helpline. Located in United States. Phone: (800) 799-7233. National Domestic Violence Hotline is a mental health helpline in United States. Phone: (800) 799-7233. Website: https://www.thehotline.org/. Topics covered: mental health.,https://www.thehotline.org/,helplines_crisis,United States,(800) 799-7233,doc_0502,0
findahelpline.com,crisis,Helpline: RAINN National Sexual Assault Hotline,helpline,RAINN National Sexual Assault Hotline is a mental health helpline. Located in United States. Phone: (800) 656-4673. RAINN National Sexual Assault Hotline is a mental health helpline in United States. Phone: (800) 656-4673. Website: https://www.rainn.org/. Topics covered: mental health.,https://www.rainn.org/,helplines_crisis,United States,(800) 656-4673,doc_0503,0
findahelpline.com,crisis,Helpline: National Human Trafficking Hotline,helpline,National Human Trafficking Hotline is a mental health helpline. Located in United States. Phone: (888) 373-7888. National Human Trafficking Hotline is a mental health helpline in United States. Phone: (888) 373-7888. Website: https://humantraffickinghotline.org/. Topics covered: mental health.,https://humantraffickinghotline.org/,helplines_crisis,United States,(888) 373-7888,doc_0504,0
findahelpline.com,crisis,Helpline: Trans Lifeline,helpline,Trans Lifeline is a mental health helpline. Located in United States. Phone: (877) 565-8860. Trans Lifeline is a mental health helpline in United States. Phone: (877) 565-8860. Website: https://www.translifeline.org/hotline. Topics covered: mental health.,https://www.translifeline.org/hotline,helplines_crisis,United States,(877) 565-8860,doc_0505,0
findahelpline.com,crisis,Helpline: National Abortion Hotline,helpline,National Abortion Hotline is a mental health helpline. Located in United States. Phone: (800) 772-9100. National Abortion Hotline is a mental health helpline in United States. Phone: (800) 772-9100. Website: https://prochoice.org/patients/naf-hotline/. Topics covered: mental health.,https://prochoice.org/patients/naf-hotline/,helplines_crisis,United States,(800) 772-9100,doc_0506,0
findahelpline.com,crisis,Helpline: Veterans Crisis Line,helpline,Veterans Crisis Line is a mental health helpline. Located in United States. Phone: . Veterans Crisis Line is a mental health helpline in United States. Website: https://www.veteranscrisisline.net/. Topics covered: mental health.,https://www.veteranscrisisline.net/,helplines_crisis,United States,,doc_0507,0
findahelpline.com,crisis,Helpline: National Maternal Mental Health Hotline,helpline,National Maternal Mental Health Hotline is a mental health helpline. Located in United States. Phone: 1-833-852-6262. National Maternal Mental Health Hotline is a mental health helpline in United States. Phone: 1-833-852-6262. Website: https://mchb.hrsa.gov/national-maternal-mental-health-hotline. Topics covered: mental health.,https://mchb.hrsa.gov/national-maternal-mental-health-hotline,helplines_crisis,United States,1-833-852-6262,doc_0508,0
findahelpline.com,crisis,Helpline: National Problem Gambling Helpline,helpline,National Problem Gambling Helpline is a mental health helpline. Located in United States. Phone: 1-800-522-4700. National Problem Gambling Helpline is a mental health helpline in United States. Phone: 1-800-522-4700. Website: https://www.ncpgambling.org/help-treatment/. Topics covered: mental health.,https://www.ncpgambling.org/help-treatment/,helplines_crisis,United States,1-800-522-4700,doc_0509,0
findahelpline.com,crisis,Helpline: StrongHearts Native Helpline,helpline,StrongHearts Native Helpline is a mental health helpline. Located in United States. Phone: (844) 762 8483. StrongHearts Native Helpline is a mental health helpline in United States. Phone: (844) 762 8483. Website: https://strongheartshelpline.org/. Topics covered: mental health.,https://strongheartshelpline.org/,helplines_crisis,United States,(844) 762 8483,doc_0510,0
findahelpline.com,crisis,Helpline: National Center for Missing & Exploited Children 24-Hour Hotline,helpline,National Center for Missing & Exploited Children 24-Hour Hotline is a mental health helpline. Located in United States. Phone: (800) 843-5678. National Center for Missing & Exploited Children 24-Hour Hotline is a mental health helpline in United States. Phone: (800) 843-5678. Website: https://www.missingkids.org. Topics covered: mental health.,https://www.missingkids.org,helplines_crisis,United States,(800) 843-5678,doc_0511,0
findahelpline.com,crisis,Helpline: National Parent and Youth Helpline,helpline,National Parent and Youth Helpline is a mental health helpline. Located in United States. Phone: (855) 427-2736. National Parent and Youth Helpline is a mental health helpline in United States. Phone: (855) 427-2736. Website: http://www.nationalparentyouthhelpline.org/. Topics covered: mental health.,http://www.nationalparentyouthhelpline.org/,helplines_crisis,United States,(855) 427-2736,doc_0512,0
findahelpline.com,crisis,Helpline: National Grad Crisis Line,helpline,National Grad Crisis Line is a mental health helpline. Located in United States. Phone: (877) 472-3457. National Grad Crisis Line is a mental health helpline in United States. Phone: (877) 472-3457. Website: https://gradresources.org/. Topics covered: mental health.,https://gradresources.org/,helplines_crisis,United States,(877) 472-3457,doc_0513,0
findahelpline.com,crisis,Helpline: Call BlackLine,helpline,Call BlackLine is a mental health helpline. Located in United States. Phone: (800) 604-5841. Call BlackLine is a mental health helpline in United States. Phone: (800) 604-5841. Website: https://www.callblackline.com/. Topics covered: mental health.,https://www.callblackline.com/,helplines_crisis,United States,(800) 604-5841,doc_0514,0
findahelpline.com,crisis,Helpline: Disaster Distress Helpline,helpline,Disaster Distress Helpline is a mental health helpline. Located in United States. Phone: 800-985-5990. Disaster Distress Helpline is a mental health helpline in United States. Phone: 800-985-5990. Website: https://www.samhsa.gov/find-help/disaster-distress-helpline. Topics covered: mental health.,https://www.samhsa.gov/find-help/disaster-distress-helpline,helplines_crisis,United States,800-985-5990,doc_0515,0
findahelpline.com,crisis,Helpline: B-LINE,helpline,B-LINE is a mental health helpline. Located in United States. Phone: 8552546399. B-LINE is a mental health helpline in United States. Phone: 8552546399. Website: https://backline.care/b-line/. Topics covered: mental health.,https://backline.care/b-line/,helplines_crisis,United States,8552546399,doc_0516,0
findahelpline.com,crisis,Helpline: YouthLine,helpline,YouthLine is a mental health helpline. Located in United States. Phone: (877) 968-8491. YouthLine is a mental health helpline in United States. Phone: (877) 968-8491. Website: https://www.theyouthline.org/. Topics covered: mental health.,https://www.theyouthline.org/,helplines_crisis,United States,(877) 968-8491,doc_0517,0
findahelpline.com,crisis,Helpline: VictimConnect Resource Center (VCRC) Hotline,helpline,VictimConnect Resource Center (VCRC) Hotline is a mental health helpline. Located in United States. Phone: 1-855-484-2846. VictimConnect Resource Center (VCRC) Hotline is a mental health helpline in United States. Phone: 1-855-484-2846. Website: https://victimconnect.org/get-help/. Topics covered: mental health.,https://victimconnect.org/get-help/,helplines_crisis,United States,1-855-484-2846,doc_0518,0
findahelpline.com,crisis,Helpline: Safe Place® TXT 4 HELP,helpline,Safe Place® TXT 4 HELP is a mental health helpline. Located in United States. Phone: . Safe Place® TXT 4 HELP is a mental health helpline in United States. Website: https://www.nationalsafeplace.org/txt-4-help. Topics covered: mental health.,https://www.nationalsafeplace.org/txt-4-help,helplines_crisis,United States,,doc_0519,0
findahelpline.com,crisis,Helpline: Postpartum Support International Helpline,helpline,Postpartum Support International Helpline is a mental health helpline. Located in United States. Phone: (800) 944-4773. Postpartum Support International Helpline is a mental health helpline in United States. Phone: (800) 944-4773. Website: https://www.postpartum.net/. Topics covered: mental health.,https://www.postpartum.net/,helplines_crisis,United States,(800) 944-4773,doc_0520,0
findahelpline.com,crisis,Helpline: Alzheimer's Association Helpline,helpline,Alzheimer's Association Helpline is a mental health helpline. Located in United States. Phone: (800) 272-3900. Alzheimer's Association Helpline is a mental health helpline in United States. Phone: (800) 272-3900. Website: https://www.alz.org/help-support/resources/helpline. Topics covered: mental health.,https://www.alz.org/help-support/resources/helpline,helplines_crisis,United States,(800) 272-3900,doc_0521,0
findahelpline.com,crisis,Helpline: Childhelp National Child Abuse Hotline,helpline,Childhelp National Child Abuse Hotline is a mental health helpline. Located in United States. Phone: 800 422 4453. Childhelp National Child Abuse Hotline is a mental health helpline in United States. Phone: 800 422 4453. Website: https://childhelphotline.org/. Topics covered: mental health.,https://childhelphotline.org/,helplines_crisis,United States,800 422 4453,doc_0522,0
findahelpline.com,crisis,Helpline: Consumer Sentinel Network,helpline,Consumer Sentinel Network is a mental health helpline. Located in United States. Phone: 877-382-4357. Consumer Sentinel Network is a mental health helpline in United States. Phone: 877-382-4357. Website: https://reportfraud.ftc.gov/. Topics covered: mental health.,https://reportfraud.ftc.gov/,helplines_crisis,United States,877-382-4357,doc_0523,0
findahelpline.com,crisis,Helpline: Internet Crime Complaint Center (IC3),helpline,Internet Crime Complaint Center (IC3) is a mental health helpline. Located in United States. Phone: . Internet Crime Complaint Center (IC3) is a mental health helpline in United States. Website: https://www.ic3.gov/. Topics covered: mental health.,https://www.ic3.gov/,helplines_crisis,United States,,doc_0524,0
findahelpline.com,crisis,Helpline: The Deaf Hotline,helpline,The Deaf Hotline is a mental health helpline. Located in United States. Phone: 855-812-1001. The Deaf Hotline is a mental health helpline in United States. Phone: 855-812-1001. Website: https://thedeafhotline.org/. Topics covered: mental health.,https://thedeafhotline.org/,helplines_crisis,United States,855-812-1001,doc_0525,0
findahelpline.com,crisis,Helpline: Centerstone's Military Services,helpline,Centerstone's Military Services is a mental health helpline. Located in United States. Phone: (866) 781-8010. Centerstone's Military Services is a mental health helpline in United States. Phone: (866) 781-8010. Website: https://centerstone.org/military-services/. Topics covered: mental health.,https://centerstone.org/military-services/,helplines_crisis,United States,(866) 781-8010,doc_0526,0
findahelpline.com,crisis,Helpline: PTSD Veteran Crisis Line,helpline,PTSD Veteran Crisis Line is a mental health helpline. Located in United States. Phone: (877) 717-7873. PTSD Veteran Crisis Line is a mental health helpline in United States. Phone: (877) 717-7873. Website: https://ptsdusa.org/. Topics covered: mental health.,https://ptsdusa.org/,helplines_crisis,United States,(877) 717-7873,doc_0527,0
findahelpline.com,crisis,Helpline: Scarleteen,helpline,Scarleteen is a mental health helpline. Located in United States. Phone: (206) 866-2279. Scarleteen is a mental health helpline in United States. Phone: (206) 866-2279. Website: https://www.scarleteen.com/ask. Topics covered: mental health.,https://www.scarleteen.com/ask,helplines_crisis,United States,(206) 866-2279,doc_0528,0
findahelpline.com,crisis,Helpline: Boys Town National Hotline,helpline,Boys Town National Hotline is a mental health helpline. Located in United States. Phone: (800) 448-3000. Boys Town National Hotline is a mental health helpline in United States. Phone: (800) 448-3000. Website: https://www.yourlifeyourvoice.org. Topics covered: mental health.,https://www.yourlifeyourvoice.org,helplines_crisis,United States,(800) 448-3000,doc_0529,0
findahelpline.com,crisis,Helpline: Physician Support Line,helpline,Physician Support Line is a mental health helpline. Located in United States. Phone: (888) 409-0141. Physician Support Line is a mental health helpline in United States. Phone: (888) 409-0141. Website: https://www.physiciansupportline.com/. Topics covered: mental health.,https://www.physiciansupportline.com/,helplines_crisis,United States,(888) 409-0141,doc_0530,0
findahelpline.com,crisis,Helpline: Su Familia,helpline,Su Familia is a mental health helpline. Located in United States. Phone: 1-866-783-2645. Su Familia is a mental health helpline in United States. Phone: 1-866-783-2645. Website: https://www.healthyamericas.org/help-line. Topics covered: mental health.,https://www.healthyamericas.org/help-line,helplines_crisis,United States,1-866-783-2645,doc_0531,0
findahelpline.com,crisis,Helpline: Childhelp's Courage First Athlete Helpline,helpline,Childhelp's Courage First Athlete Helpline is a mental health helpline. Located in United States. Phone: 888-279-1026. Childhelp's Courage First Athlete Helpline is a mental health helpline in United States. Phone: 888-279-1026. Website: https://www.athletehelpline.org/. Topics covered: mental health.,https://www.athletehelpline.org/,helplines_crisis,United States,888-279-1026,doc_0532,0
findahelpline.com,crisis,"Helpline: Teen Line, a Program of Didi Hirsch",helpline,"Teen Line, a Program of Didi Hirsch is a mental health helpline. Located in United States. Phone: (800) 852-8336. Teen Line, a Program of Didi Hirsch is a mental health helpline in United States. Phone: (800) 852-8336. Website: https://teenlineonline.org/. Topics covered: mental health.",https://teenlineonline.org/,helplines_crisis,United States,(800) 852-8336,doc_0533,0
findahelpline.com,crisis,Helpline: LGBT National Hotline,helpline,LGBT National Hotline is a mental health helpline. Located in United States. Phone: 888 843 4564. LGBT National Hotline is a mental health helpline in United States. Phone: 888 843 4564. Website: https://www.lgbthotline.org/. Topics covered: mental health.,https://www.lgbthotline.org/,helplines_crisis,United States,888 843 4564,doc_0534,0
findahelpline.com,crisis,Helpline: Hey Sam,helpline,Hey Sam is a mental health helpline. Located in United States. Phone: 439-726. Hey Sam is a mental health helpline in United States. Phone: 439-726. Website: https://samaritanshope.org/hey-sam/. Topics covered: mental health.,https://samaritanshope.org/hey-sam/,helplines_crisis,United States,439-726,doc_0535,0
findahelpline.com,crisis,Helpline: LGBT National Youth Talkline,helpline,LGBT National Youth Talkline is a mental health helpline. Located in United States. Phone: 800 246 7743. LGBT National Youth Talkline is a mental health helpline in United States. Phone: 800 246 7743. Website: https://www.lgbthotline.org/youth-talkline. Topics covered: mental health.,https://www.lgbthotline.org/youth-talkline,helplines_crisis,United States,800 246 7743,doc_0536,0
findahelpline.com,crisis,Helpline: Exhale Pro-Voice,helpline,Exhale Pro-Voice is a mental health helpline. Located in United States. Phone: 617-7492948. Exhale Pro-Voice is a mental health helpline in United States. Phone: 617-7492948. Website: https://exhaleprovoice.org/. Topics covered: mental health.,https://exhaleprovoice.org/,helplines_crisis,United States,617-7492948,doc_0537,0
findahelpline.com,crisis,Helpline: Fireside Project - Psychedelic Support Line,helpline,Fireside Project - Psychedelic Support Line is a mental health helpline. Located in United States. Phone: (623) 473-7433. Fireside Project - Psychedelic Support Line is a mental health helpline in United States. Phone: (623) 473-7433. Website: https://firesideproject.org/. Topics covered: mental health.,https://firesideproject.org/,helplines_crisis,United States,(623) 473-7433,doc_0538,0
findahelpline.com,crisis,Helpline: Stop It Now!,helpline,Stop It Now! is a mental health helpline. Located in United States. Phone: (888) 773-8368. Stop It Now! is a mental health helpline in United States. Phone: (888) 773-8368. Website: https://www.stopitnow.org/. Topics covered: mental health.,https://www.stopitnow.org/,helplines_crisis,United States,(888) 773-8368,doc_0539,0
findahelpline.com,crisis,"Helpline: Love, A Stranger - Eating Disorder Helpline",helpline,"Love, A Stranger - Eating Disorder Helpline is a mental health helpline. Located in United States. Phone: 6013485683. Love, A Stranger - Eating Disorder Helpline is a mental health helpline in United States. Phone: 6013485683. Website: https://www.loveastranger.org/. Topics covered: mental health.",https://www.loveastranger.org/,helplines_crisis,United States,6013485683,doc_0540,0
findahelpline.com,crisis,Helpline: National Caregiver Help Desk,helpline,National Caregiver Help Desk is a mental health helpline. Located in United States. Phone: (855) 227-3640. National Caregiver Help Desk is a mental health helpline in United States. Phone: (855) 227-3640. Website: https://caregiveraction.org/helpdesk. Topics covered: mental health.,https://caregiveraction.org/helpdesk,helplines_crisis,United States,(855) 227-3640,doc_0541,0
findahelpline.com,crisis,Helpline: LGBT National Coming Out Support Hotline,helpline,LGBT National Coming Out Support Hotline is a mental health helpline. Located in United States. Phone: 888 688 5428. LGBT National Coming Out Support Hotline is a mental health helpline in United States. Phone: 888 688 5428. Website: https://lgbthotline.org/coming-out-hotline/. Topics covered: mental health.,https://lgbthotline.org/coming-out-hotline/,helplines_crisis,United States,888 688 5428,doc_0542,0
findahelpline.com,crisis,Helpline: National Alliance for Eating Disorders,helpline,National Alliance for Eating Disorders is a mental health helpline. Located in United States. Phone: 866-662-1235. National Alliance for Eating Disorders is a mental health helpline in United States. Phone: 866-662-1235. Website: https://www.allianceforeatingdisorders.com/. Topics covered: mental health.,https://www.allianceforeatingdisorders.com/,helplines_crisis,United States,866-662-1235,doc_0543,0
findahelpline.com,crisis,Helpline: Project Sleep's Sleep Helpline,helpline,Project Sleep's Sleep Helpline is a mental health helpline. Located in United States. Phone: 1-800-819-2043. Project Sleep's Sleep Helpline is a mental health helpline in United States. Phone: 1-800-819-2043. Website: https://project-sleep.com/helpline/. Topics covered: mental health.,https://project-sleep.com/helpline/,helplines_crisis,United States,1-800-819-2043,doc_0544,0
findahelpline.com,crisis,Helpline: Work Helpline (Text),helpline,Work Helpline (Text) is a mental health helpline. Located in United States. Phone: 510-674-1414. Work Helpline (Text) is a mental health helpline in United States. Phone: 510-674-1414. Website: https://www.empowerwork.org/. Topics covered: mental health.,https://www.empowerwork.org/,helplines_crisis,United States,510-674-1414,doc_0545,0
findahelpline.com,crisis,Helpline: All-Options Talkline,helpline,All-Options Talkline is a mental health helpline. Located in United States. Phone: (888) 493-0092. All-Options Talkline is a mental health helpline in United States. Phone: (888) 493-0092. Website: https://www.all-options.org/. Topics covered: mental health.,https://www.all-options.org/,helplines_crisis,United States,(888) 493-0092,doc_0546,0
findahelpline.com,crisis,Helpline: WhatsOK,helpline,WhatsOK is a mental health helpline. Located in United States. Phone: 844.942.8765. WhatsOK is a mental health helpline in United States. Phone: 844.942.8765. Website: https://www.whatsok.org/ask. Topics covered: mental health.,https://www.whatsok.org/ask,helplines_crisis,United States,844.942.8765,doc_0547,0
findahelpline.com,crisis,Helpline: All-Options Hoosier Abortion Fund,helpline,All-Options Hoosier Abortion Fund is a mental health helpline. Located in United States. Phone: 812-727-4423. All-Options Hoosier Abortion Fund is a mental health helpline in United States. Phone: 812-727-4423. Website: https://alloptionsprc.org/hoosier-abortion-fund/. Topics covered: mental health.,https://alloptionsprc.org/hoosier-abortion-fund/,helplines_crisis,United States,812-727-4423,doc_0548,0
findahelpline.com,crisis,Helpline: STOMP Out Bullying,helpline,STOMP Out Bullying is a mental health helpline. Located in United States. Phone: . STOMP Out Bullying is a mental health helpline in United States. Website: https://www.stompoutbullying.org/. Topics covered: mental health.,https://www.stompoutbullying.org/,helplines_crisis,United States,,doc_0549,0
findahelpline.com,crisis,Helpline: Desi LGBTQ Helpline,helpline,Desi LGBTQ Helpline is a mental health helpline. Located in United States. Phone: 908-367-3374. Desi LGBTQ Helpline is a mental health helpline in United States. Phone: 908-367-3374. Website: https://www.deqh.org/. Topics covered: mental health.,https://www.deqh.org/,helplines_crisis,United States,908-367-3374,doc_0550,0
findahelpline.com,crisis,Helpline: LGBT National Senior Helpline,helpline,LGBT National Senior Helpline is a mental health helpline. Located in United States. Phone: 888 234 7243. LGBT National Senior Helpline is a mental health helpline in United States. Phone: 888 234 7243. Website: https://www.lgbthotline.org/senior-hotline. Topics covered: mental health.,https://www.lgbthotline.org/senior-hotline,helplines_crisis,United States,888 234 7243,doc_0551,0
findahelpline.com,crisis,Helpline: Friends for Survival - Suicide Loss Helpline,helpline,Friends for Survival - Suicide Loss Helpline is a mental health helpline. Located in United States. Phone: (800) 646-7322. Friends for Survival - Suicide Loss Helpline is a mental health helpline in United States. Phone: (800) 646-7322. Website: https://friendsforsurvival.org/. Topics covered: mental health.,https://friendsforsurvival.org/,helplines_crisis,United States,(800) 646-7322,doc_0552,0
findahelpline.com,crisis,Helpline: Partnership to End Addiction,helpline,Partnership to End Addiction is a mental health helpline. Located in United States. Phone: 855-378-4373. Partnership to End Addiction is a mental health helpline in United States. Phone: 855-378-4373. Website: https://drugfree.org/article/helpline-get-one-on-one-help/. Topics covered: mental health.,https://drugfree.org/article/helpline-get-one-on-one-help/,helplines_crisis,United States,855-378-4373,doc_0553,0
findahelpline.com,crisis,Helpline: Amala Youth Hopeline,helpline,Amala Youth Hopeline is a mental health helpline. Located in United States. Phone: 855-952-6252. Amala Youth Hopeline is a mental health helpline in United States. Phone: 855-952-6252. Website: https://mas-ssf.org/amala/. Topics covered: mental health.,https://mas-ssf.org/amala/,helplines_crisis,United States,855-952-6252,doc_0554,0
findahelpline.com,crisis,Helpline: National Drug Helpline,helpline,National Drug Helpline is a mental health helpline. Located in United States. Phone: 844-289-0879. National Drug Helpline is a mental health helpline in United States. Phone: 844-289-0879. Website: https://drughelpline.org/. Topics covered: mental health.,https://drughelpline.org/,helplines_crisis,United States,844-289-0879,doc_0555,0
findahelpline.com,crisis,Helpline: CCRI Crisis Helpline,helpline,CCRI Crisis Helpline is a mental health helpline. Located in United States. Phone: 844 878 2274. CCRI Crisis Helpline is a mental health helpline in United States. Phone: 844 878 2274. Website: https://cybercivilrights.org/ccri-crisis-helpline/. Topics covered: mental health.,https://cybercivilrights.org/ccri-crisis-helpline/,helplines_crisis,United States,844 878 2274,doc_0556,0
findahelpline.com,crisis,Helpline: A Call for Change Helpline,helpline,A Call for Change Helpline is a mental health helpline. Located in United States. Phone: 877-898-3411. A Call for Change Helpline is a mental health helpline in United States. Phone: 877-898-3411. Website: https://acallforchangehelpline.org/. Topics covered: mental health.,https://acallforchangehelpline.org/,helplines_crisis,United States,877-898-3411,doc_0557,0
findahelpline.com,crisis,Helpline: Samaritans Helpline,helpline,Samaritans Helpline is a mental health helpline. Located in United Kingdom. Phone: 116 123. Samaritans Helpline is a mental health helpline in United Kingdom. Phone: 116 123. Website: https://www.samaritans.org/how-we-can-help/contact-samaritan/. Topics covered: mental health.,https://www.samaritans.org/how-we-can-help/contact-samaritan/,helplines_crisis,United Kingdom,116 123,doc_0558,0
findahelpline.com,crisis,Helpline: Childline,helpline,Childline is a mental health helpline. Located in United Kingdom. Phone: 0800 1111. Childline is a mental health helpline in United Kingdom. Phone: 0800 1111. Website: https://www.childline.org.uk. Topics covered: mental health.,https://www.childline.org.uk,helplines_crisis,United Kingdom,0800 1111,doc_0559,0
findahelpline.com,crisis,Helpline: HOPELINE247,helpline,HOPELINE247 is a mental health helpline. Located in United Kingdom. Phone: 0300 102 2470. HOPELINE247 is a mental health helpline in United Kingdom. Phone: 0300 102 2470. Website: https://papyrus-uk.org. Topics covered: mental health.,https://papyrus-uk.org,helplines_crisis,United Kingdom,0300 102 2470,doc_0560,0
findahelpline.com,crisis,Helpline: National Suicide Prevention Helpline,helpline,National Suicide Prevention Helpline is a mental health helpline. Located in United Kingdom. Phone: 0800 587 0800. National Suicide Prevention Helpline is a mental health helpline in United Kingdom. Phone: 0800 587 0800. Website: https://spuk.org.uk/national-suicide-prevention-helpline/. Topics covered: mental health.,https://spuk.org.uk/national-suicide-prevention-helpline/,helplines_crisis,United Kingdom,0800 587 0800,doc_0561,0
findahelpline.com,crisis,Helpline: SOS Silence of Suicide,helpline,SOS Silence of Suicide is a mental health helpline. Located in United Kingdom. Phone: 08081151505. SOS Silence of Suicide is a mental health helpline in United Kingdom. Phone: 08081151505. Website: https://silenceofsuicidesos.org.uk/. Topics covered: mental health.,https://silenceofsuicidesos.org.uk/,helplines_crisis,United Kingdom,08081151505,doc_0562,0
findahelpline.com,crisis,Helpline: The Haven Wolverhampton,helpline,The Haven Wolverhampton is a mental health helpline. Located in United Kingdom. Phone: 08000 194 400. The Haven Wolverhampton is a mental health helpline in United Kingdom. Phone: 08000 194 400. Website: https://www.havenrefuge.org.uk/. Topics covered: mental health.,https://www.havenrefuge.org.uk/,helplines_crisis,United Kingdom,08000 194 400,doc_0563,0
findahelpline.com,crisis,Helpline: Rett UK Helpline,helpline,Rett UK Helpline is a mental health helpline. Located in United Kingdom. Phone: 01582 798911. Rett UK Helpline is a mental health helpline in United Kingdom. Phone: 01582 798911. Website: http://www.rettuk.org. Topics covered: mental health.,http://www.rettuk.org,helplines_crisis,United Kingdom,01582 798911,doc_0564,0
findahelpline.com,crisis,Helpline: Alcoholics Anonymous Helpline,helpline,Alcoholics Anonymous Helpline is a mental health helpline. Located in United Kingdom. Phone: 0800 9177 650. Alcoholics Anonymous Helpline is a mental health helpline in United Kingdom. Phone: 0800 9177 650. Website: https://www.alcoholics-anonymous.org.uk. Topics covered: mental health.,https://www.alcoholics-anonymous.org.uk,helplines_crisis,United Kingdom,0800 9177 650,doc_0565,0
findahelpline.com,crisis,Helpline: National Gambling Helpline,helpline,National Gambling Helpline is a mental health helpline. Located in United Kingdom. Phone: 0808 8020 133. National Gambling Helpline is a mental health helpline in United Kingdom. Phone: 0808 8020 133. Website: https://www.gambleaware.org/. Topics covered: mental health.,https://www.gambleaware.org/,helplines_crisis,United Kingdom,0808 8020 133,doc_0566,0
findahelpline.com,crisis,Helpline: Combat Stress Helpline,helpline,Combat Stress Helpline is a mental health helpline. Located in United Kingdom. Phone: 0800 138 1619. Combat Stress Helpline is a mental health helpline in United Kingdom. Phone: 0800 138 1619. Website: https://www.combatstress.org.uk. Topics covered: mental health.,https://www.combatstress.org.uk,helplines_crisis,United Kingdom,0800 138 1619,doc_0567,0
findahelpline.com,crisis,Helpline: Hourglass (Safer Ageing). 24/7 Helpline,helpline,Hourglass (Safer Ageing). 24/7 Helpline is a mental health helpline. Located in United Kingdom. Phone: 0808 808 8141. Hourglass (Safer Ageing). 24/7 Helpline is a mental health helpline in United Kingdom. Phone: 0808 808 8141. Website: http://www.wearehourglass.org. Topics covered: mental health.,http://www.wearehourglass.org,helplines_crisis,United Kingdom,0808 808 8141,doc_0568,0
findahelpline.com,crisis,Helpline: The Silver Line Helpline,helpline,The Silver Line Helpline is a mental health helpline. Located in United Kingdom. Phone: 0800 470 8090. The Silver Line Helpline is a mental health helpline in United Kingdom. Phone: 0800 470 8090. Website: https://www.ageuk.org.uk/services/silverline/. Topics covered: mental health.,https://www.ageuk.org.uk/services/silverline/,helplines_crisis,United Kingdom,0800 470 8090,doc_0569,0
findahelpline.com,crisis,Helpline: Runaway Helpline,helpline,Runaway Helpline is a mental health helpline. Located in United Kingdom. Phone: 116 000. Runaway Helpline is a mental health helpline in United Kingdom. Phone: 116 000. Website: https://www.runawayhelpline.org.uk. Topics covered: mental health.,https://www.runawayhelpline.org.uk,helplines_crisis,United Kingdom,116 000,doc_0570,0
findahelpline.com,crisis,Helpline: SIFT UK,helpline,SIFT UK is a mental health helpline. Located in United Kingdom. Phone: 0808 800 8088. SIFT UK is a mental health helpline in United Kingdom. Phone: 0808 800 8088. Website: https://www.sift.org.uk. Topics covered: mental health.,https://www.sift.org.uk,helplines_crisis,United Kingdom,0808 800 8088,doc_0571,0
findahelpline.com,crisis,Helpline: SANEline,helpline,SANEline is a mental health helpline. Located in United Kingdom. Phone: 0300 304 7000. SANEline is a mental health helpline in United Kingdom. Phone: 0300 304 7000. Website: https://www.sane.org.uk/how-we-help/emotional-support. Topics covered: mental health.,https://www.sane.org.uk/how-we-help/emotional-support,helplines_crisis,United Kingdom,0300 304 7000,doc_0572,0
findahelpline.com,crisis,Helpline: The National Bullying Helpline,helpline,The National Bullying Helpline is a mental health helpline. Located in United Kingdom. Phone: 0300 323 0169. The National Bullying Helpline is a mental health helpline in United Kingdom. Phone: 0300 323 0169. Website: https://www.nationalbullyinghelpline.co.uk. Topics covered: mental health.,https://www.nationalbullyinghelpline.co.uk,helplines_crisis,United Kingdom,0300 323 0169,doc_0573,0
findahelpline.com,crisis,Helpline: NSPCC Helpline,helpline,NSPCC Helpline is a mental health helpline. Located in United Kingdom. Phone: 0808 800 5000. NSPCC Helpline is a mental health helpline in United Kingdom. Phone: 0808 800 5000. Website: https://www.nspcc.org.uk. Topics covered: mental health.,https://www.nspcc.org.uk,helplines_crisis,United Kingdom,0808 800 5000,doc_0574,0
findahelpline.com,crisis,"Helpline: Information, Advice and Support Line",helpline,"Information, Advice and Support Line is a mental health helpline. Located in United Kingdom. Phone: 0808 801 0818. Information, Advice and Support Line is a mental health helpline in United Kingdom. Phone: 0808 801 0818. Website: https://www.thesurvivorstrust.org. Topics covered: mental health.",https://www.thesurvivorstrust.org,helplines_crisis,United Kingdom,0808 801 0818,doc_0575,0
findahelpline.com,crisis,Helpline: Sarcoma UK Support Line,helpline,Sarcoma UK Support Line is a mental health helpline. Located in United Kingdom. Phone: 0808 801 0401. Sarcoma UK Support Line is a mental health helpline in United Kingdom. Phone: 0808 801 0401. Website: http://sarcoma.org.uk. Topics covered: mental health.,http://sarcoma.org.uk,helplines_crisis,United Kingdom,0808 801 0401,doc_0576,0
findahelpline.com,crisis,Helpline: Nacoa (National Association for Children of Alcoholics),helpline,Nacoa (National Association for Children of Alcoholics) is a mental health helpline. Located in United Kingdom. Phone: 0800 358 3456. Nacoa (National Association for Children of Alcoholics) is a mental health helpline in United Kingdom. Phone: 0800 358 3456. Website: http://www.nacoa.org.uk. Topics covered: mental health.,http://www.nacoa.org.uk,helplines_crisis,United Kingdom,0800 358 3456,doc_0577,0
findahelpline.com,crisis,Helpline: Family Lives Helpline,helpline,Family Lives Helpline is a mental health helpline. Located in United Kingdom. Phone: 0808 800 2222. Family Lives Helpline is a mental health helpline in United Kingdom. Phone: 0808 800 2222. Website: https://www.familylives.org.uk. Topics covered: mental health.,https://www.familylives.org.uk,helplines_crisis,United Kingdom,0808 800 2222,doc_0578,0
findahelpline.com,crisis,Helpline: Mind Out LGBTQ+ Helpline,helpline,Mind Out LGBTQ+ Helpline is a mental health helpline. Located in United Kingdom. Phone: . Mind Out LGBTQ+ Helpline is a mental health helpline in United Kingdom. Website: https://mindout.org.uk/get-support/mindout-online/. Topics covered: mental health.,https://mindout.org.uk/get-support/mindout-online/,helplines_crisis,United Kingdom,,doc_0579,0
findahelpline.com,crisis,Helpline: GriefChat,helpline,GriefChat is a mental health helpline. Located in United Kingdom. Phone: . GriefChat is a mental health helpline in United Kingdom. Website: https://www.griefchat.co.uk. Topics covered: mental health.,https://www.griefchat.co.uk,helplines_crisis,United Kingdom,,doc_0580,0
findahelpline.com,crisis,Helpline: Macmillan Support Line,helpline,Macmillan Support Line is a mental health helpline. Located in United Kingdom. Phone: 0808 808 00 00. Macmillan Support Line is a mental health helpline in United Kingdom. Phone: 0808 808 00 00. Website: https://www.macmillan.org.uk/. Topics covered: mental health.,https://www.macmillan.org.uk/,helplines_crisis,United Kingdom,0808 808 00 00,doc_0581,0
findahelpline.com,crisis,Helpline: Blue Cross Pet Loss Support,helpline,Blue Cross Pet Loss Support is a mental health helpline. Located in United Kingdom. Phone: 0800 096 6606. Blue Cross Pet Loss Support is a mental health helpline in United Kingdom. Phone: 0800 096 6606. Website: http://www.bluecross.org.uk. Topics covered: mental health.,http://www.bluecross.org.uk,helplines_crisis,United Kingdom,0800 096 6606,doc_0582,0
findahelpline.com,crisis,Helpline: Sands Bereavement Support Helpline,helpline,Sands Bereavement Support Helpline is a mental health helpline. Located in United Kingdom. Phone: 0808 164 3332. Sands Bereavement Support Helpline is a mental health helpline in United Kingdom. Phone: 0808 164 3332. Website: https://www.sands.org.uk. Topics covered: mental health.,https://www.sands.org.uk,helplines_crisis,United Kingdom,0808 164 3332,doc_0583,0
findahelpline.com,crisis,Helpline: MS Helpline,helpline,MS Helpline is a mental health helpline. Located in United Kingdom. Phone: 0808 800 8000. MS Helpline is a mental health helpline in United Kingdom. Phone: 0808 800 8000. Website: https://www.mssociety.org.uk. Topics covered: mental health.,https://www.mssociety.org.uk,helplines_crisis,United Kingdom,0808 800 8000,doc_0584,0
findahelpline.com,crisis,Helpline: Miscarriage UK - Pregnancy Loss Helpline,helpline,Miscarriage UK - Pregnancy Loss Helpline is a mental health helpline. Located in United Kingdom. Phone: 0303 003 6464. Miscarriage UK - Pregnancy Loss Helpline is a mental health helpline in United Kingdom. Phone: 0303 003 6464. Website: https://www.miscarriageuk.org. Topics covered: mental health.,https://www.miscarriageuk.org,helplines_crisis,United Kingdom,0303 003 6464,doc_0585,0
findahelpline.com,crisis,Helpline: Stop It Now,helpline,Stop It Now is a mental health helpline. Located in United Kingdom. Phone: 0808 1000 900. Stop It Now is a mental health helpline in United Kingdom. Phone: 0808 1000 900. Website: https://www.stopitnow.org.uk/. Topics covered: mental health.,https://www.stopitnow.org.uk/,helplines_crisis,United Kingdom,0808 1000 900,doc_0586,0
findahelpline.com,crisis,Helpline: Marie Curie Support Line,helpline,Marie Curie Support Line is a mental health helpline. Located in United Kingdom. Phone: 0800 090 2309. Marie Curie Support Line is a mental health helpline in United Kingdom. Phone: 0800 090 2309. Website: https://www.mariecurie.org.uk. Topics covered: mental health.,https://www.mariecurie.org.uk,helplines_crisis,United Kingdom,0800 090 2309,doc_0587,0
findahelpline.com,crisis,Helpline: Modern Slavery & Exploitation Helpline (Unseen UK),helpline,Modern Slavery & Exploitation Helpline (Unseen UK) is a mental health helpline. Located in United Kingdom. Phone: 08000 121 700. Modern Slavery & Exploitation Helpline (Unseen UK) is a mental health helpline in United Kingdom. Phone: 08000 121 700. Website: https://www.modernslaveryhelpline.org/. Topics covered: mental health.,https://www.modernslaveryhelpline.org/,helplines_crisis,United Kingdom,08000 121 700,doc_0588,0
findahelpline.com,crisis,Helpline: SurvivorsUK National Male & Non-binary Survivors Helpline,helpline,SurvivorsUK National Male & Non-binary Survivors Helpline is a mental health helpline. Located in United Kingdom. Phone: 0808 801 0332. SurvivorsUK National Male & Non-binary Survivors Helpline is a mental health helpline in United Kingdom. Phone: 0808 801 0332. Website: https://www.survivorsuk.org/male-nonbinary-survivor-helpline/#section-1. Topics covered: mental health.,https://www.survivorsuk.org/male-nonbinary-survivor-helpline/#section-1,helplines_crisis,United Kingdom,0808 801 0332,doc_0589,0
findahelpline.com,crisis,Helpline: Forced Marriage Unit,helpline,Forced Marriage Unit is a mental health helpline. Located in United Kingdom. Phone: 020 7008 0151. Forced Marriage Unit is a mental health helpline in United Kingdom. Phone: 020 7008 0151. Website: https://www.gov.uk/stop-forced-marriage. Topics covered: mental health.,https://www.gov.uk/stop-forced-marriage,helplines_crisis,United Kingdom,020 7008 0151,doc_0590,0
findahelpline.com,crisis,Helpline: NSPCC FGM Helpline,helpline,NSPCC FGM Helpline is a mental health helpline. Located in United Kingdom. Phone: 0800 028 3550. NSPCC FGM Helpline is a mental health helpline in United Kingdom. Phone: 0800 028 3550. Website: https://www.nspcc.org.uk/keeping-children-safe/types-of-abuse/female-genital-mutilation-fgm/#support. Topics covered: mental health.,https://www.nspcc.org.uk/keeping-children-safe/types-of-abuse/female-genital-mutilation-fgm/#support,helplines_crisis,United Kingdom,0800 028 3550,doc_0591,0
findahelpline.com,crisis,Helpline: No Panic Youth Helpline,helpline,No Panic Youth Helpline is a mental health helpline. Located in United Kingdom. Phone: 0300 772 9844. No Panic Youth Helpline is a mental health helpline in United Kingdom. Phone: 0300 772 9844. Website: https://www.nopanic.org.uk. Topics covered: mental health.,https://www.nopanic.org.uk,helplines_crisis,United Kingdom,0300 772 9844,doc_0592,0
findahelpline.com,crisis,Helpline: OCD Action Helpline,helpline,OCD Action Helpline is a mental health helpline. Located in United Kingdom. Phone: 0300 636 5478. OCD Action Helpline is a mental health helpline in United Kingdom. Phone: 0300 636 5478. Website: https://www.ocdaction.org.uk. Topics covered: mental health.,https://www.ocdaction.org.uk,helplines_crisis,United Kingdom,0300 636 5478,doc_0593,0
findahelpline.com,crisis,Helpline: LGBT Foundation Helpline,helpline,LGBT Foundation Helpline is a mental health helpline. Located in United Kingdom. Phone: 0345 330 3030. LGBT Foundation Helpline is a mental health helpline in United Kingdom. Phone: 0345 330 3030. Website: https://lgbt.foundation/contact-support/. Topics covered: mental health.,https://lgbt.foundation/contact-support/,helplines_crisis,United Kingdom,0345 330 3030,doc_0594,0
findahelpline.com,crisis,Helpline: MS-UK Helpline,helpline,MS-UK Helpline is a mental health helpline. Located in United Kingdom. Phone: 0800 783 0518. MS-UK Helpline is a mental health helpline in United Kingdom. Phone: 0800 783 0518. Website: https://www.ms-uk.org. Topics covered: mental health.,https://www.ms-uk.org,helplines_crisis,United Kingdom,0800 783 0518,doc_0595,0
findahelpline.com,crisis,Helpline: Eating Disorders Support Helpline,helpline,Eating Disorders Support Helpline is a mental health helpline. Located in United Kingdom. Phone: 01494 793223. Eating Disorders Support Helpline is a mental health helpline in United Kingdom. Phone: 01494 793223. Website: http://www.eatingdisorderssupport.co.uk/. Topics covered: mental health.,http://www.eatingdisorderssupport.co.uk/,helplines_crisis,United Kingdom,01494 793223,doc_0596,0
findahelpline.com,crisis,Helpline: RNIB Helpline,helpline,RNIB Helpline is a mental health helpline. Located in United Kingdom. Phone: 0303 123 9999. RNIB Helpline is a mental health helpline in United Kingdom. Phone: 0303 123 9999. Website: http://www.rnib.org.uk. Topics covered: mental health.,http://www.rnib.org.uk,helplines_crisis,United Kingdom,0303 123 9999,doc_0597,0
findahelpline.com,crisis,Helpline: Child Death Helpline,helpline,Child Death Helpline is a mental health helpline. Located in United Kingdom. Phone: 0800 282 986. Child Death Helpline is a mental health helpline in United Kingdom. Phone: 0800 282 986. Website: https://www.childdeathhelpline.org.uk/. Topics covered: mental health.,https://www.childdeathhelpline.org.uk/,helplines_crisis,United Kingdom,0800 282 986,doc_0598,0
findahelpline.com,crisis,Helpline: Fertility Network UK Support Line,helpline,Fertility Network UK Support Line is a mental health helpline. Located in United Kingdom. Phone: 01424732361. Fertility Network UK Support Line is a mental health helpline in United Kingdom. Phone: 01424732361. Website: https://fertilitynetworkuk.org/access-support/support-line/. Topics covered: mental health.,https://fertilitynetworkuk.org/access-support/support-line/,helplines_crisis,United Kingdom,01424732361,doc_0599,0
findahelpline.com,crisis,Helpline: Pandas Foundation Helpline - Perinatal Support,helpline,Pandas Foundation Helpline - Perinatal Support is a mental health helpline. Located in United Kingdom. Phone: . Pandas Foundation Helpline - Perinatal Support is a mental health helpline in United Kingdom. Website: https://pandasfoundation.org.uk/. Topics covered: mental health.,https://pandasfoundation.org.uk/,helplines_crisis,United Kingdom,,doc_0600,0
findahelpline.com,crisis,Helpline: Al-Anon Family Groups Helpline UK,helpline,Al-Anon Family Groups Helpline UK is a mental health helpline. Located in United Kingdom. Phone: 0800 0086 811. Al-Anon Family Groups Helpline UK is a mental health helpline in United Kingdom. Phone: 0800 0086 811. Website: https://www.al-anonuk.org.uk. Topics covered: mental health.,https://www.al-anonuk.org.uk,helplines_crisis,United Kingdom,0800 0086 811,doc_0601,0
findahelpline.com,crisis,Helpline: Carers UK Helpline,helpline,Carers UK Helpline is a mental health helpline. Located in United Kingdom. Phone: 0808 808 7777. Carers UK Helpline is a mental health helpline in United Kingdom. Phone: 0808 808 7777. Website: https://www.carersuk.org. Topics covered: mental health.,https://www.carersuk.org,helplines_crisis,United Kingdom,0808 808 7777,doc_0602,0
findahelpline.com,crisis,Helpline: Blood Cancer UK Support Line,helpline,Blood Cancer UK Support Line is a mental health helpline. Located in United Kingdom. Phone: 0808 208 0888. Blood Cancer UK Support Line is a mental health helpline in United Kingdom. Phone: 0808 208 0888. Website: https://bloodcancer.org.uk. Topics covered: mental health.,https://bloodcancer.org.uk,helplines_crisis,United Kingdom,0808 208 0888,doc_0603,0
findahelpline.com,crisis,Helpline: Abortion Recovery Care & Helpline,helpline,Abortion Recovery Care & Helpline is a mental health helpline. Located in United Kingdom. Phone: 0345 603 8501. Abortion Recovery Care & Helpline is a mental health helpline in United Kingdom. Phone: 0345 603 8501. Website: https://www.archtrust.org.uk. Topics covered: mental health.,https://www.archtrust.org.uk,helplines_crisis,United Kingdom,0345 603 8501,doc_0604,0
findahelpline.com,crisis,Helpline: Addiction Family Support Helpline,helpline,Addiction Family Support Helpline is a mental health helpline. Located in United Kingdom. Phone: 0300 888 3853. Addiction Family Support Helpline is a mental health helpline in United Kingdom. Phone: 0300 888 3853. Website: https://addictionfamilysupport.org.uk/. Topics covered: mental health.,https://addictionfamilysupport.org.uk/,helplines_crisis,United Kingdom,0300 888 3853,doc_0605,0
findahelpline.com,crisis,Helpline: National Sexual Health Helpline,helpline,National Sexual Health Helpline is a mental health helpline. Located in United Kingdom. Phone: 0300 123 7123. National Sexual Health Helpline is a mental health helpline in United Kingdom. Phone: 0300 123 7123. Website: https://www.nhs.uk/live-well/sexual-health/where-can-i-get-sexual-health-advice-now/. Topics covered: mental health.,https://www.nhs.uk/live-well/sexual-health/where-can-i-get-sexual-health-advice-now/,helplines_crisis,United Kingdom,0300 123 7123,doc_0606,0
findahelpline.com,crisis,Helpline: Respect Men's Advice Line,helpline,Respect Men's Advice Line is a mental health helpline. Located in United Kingdom. Phone: 0808 8010327. Respect Men's Advice Line is a mental health helpline in United Kingdom. Phone: 0808 8010327. Website: https://mensadviceline.org.uk/. Topics covered: mental health.,https://mensadviceline.org.uk/,helplines_crisis,United Kingdom,0808 8010327,doc_0607,0
findahelpline.com,crisis,Helpline: Respect Phoneline,helpline,Respect Phoneline is a mental health helpline. Located in United Kingdom. Phone: 0808 802 4040. Respect Phoneline is a mental health helpline in United Kingdom. Phone: 0808 802 4040. Website: https://respectphoneline.org.uk. Topics covered: mental health.,https://respectphoneline.org.uk,helplines_crisis,United Kingdom,0808 802 4040,doc_0608,0
findahelpline.com,crisis,Helpline: Jewish Women's Aid Domestic Abuse and Sexual Violence Helpline,helpline,Jewish Women's Aid Domestic Abuse and Sexual Violence Helpline is a mental health helpline. Located in United Kingdom. Phone: 0808 801 0500. Jewish Women's Aid Domestic Abuse and Sexual Violence Helpline is a mental health helpline in United Kingdom. Phone: 0808 801 0500. Website: https://www.jwa.org.uk. Topics covered: mental health.,https://www.jwa.org.uk,helplines_crisis,United Kingdom,0808 801 0500,doc_0609,0
findahelpline.com,crisis,Helpline: National Helpline for LGBT+ Victims and Survivors of Abuse and Violence,helpline,National Helpline for LGBT+ Victims and Survivors of Abuse and Violence is a mental health helpline. Located in United Kingdom. Phone: 0800 999 5428. National Helpline for LGBT+ Victims and Survivors of Abuse and Violence is a mental health helpline in United Kingdom. Phone: 0800 999 5428. Website: https://www.galop.org.uk. Topics covered: mental health.,https://www.galop.org.uk,helplines_crisis,United Kingdom,0800 999 5428,doc_0610,0
findahelpline.com,crisis,Helpline: Switchboard LGBT Helpline,helpline,Switchboard LGBT Helpline is a mental health helpline. Located in United Kingdom. Phone: 0800 0119 100. Switchboard LGBT Helpline is a mental health helpline in United Kingdom. Phone: 0800 0119 100. Website: https://switchboard.lgbt. Topics covered: mental health.,https://switchboard.lgbt,helplines_crisis,United Kingdom,0800 0119 100,doc_0611,0
findahelpline.com,crisis,Helpline: THT Direct Helpline,helpline,THT Direct Helpline is a mental health helpline. Located in United Kingdom. Phone: 0808 802 1221. THT Direct Helpline is a mental health helpline in United Kingdom. Phone: 0808 802 1221. Website: https://www.tht.org.uk. Topics covered: mental health.,https://www.tht.org.uk,helplines_crisis,United Kingdom,0808 802 1221,doc_0612,0
findahelpline.com,crisis,Helpline: Shore Live Chat,helpline,Shore Live Chat is a mental health helpline. Located in United Kingdom. Phone: . Shore Live Chat is a mental health helpline in United Kingdom. Website: https://shorespace.org.uk/. Topics covered: mental health.,https://shorespace.org.uk/,helplines_crisis,United Kingdom,,doc_0613,0
findahelpline.com,crisis,Helpline: Revenge Porn Helpline,helpline,Revenge Porn Helpline is a mental health helpline. Located in United Kingdom. Phone: 0345 6000 459. Revenge Porn Helpline is a mental health helpline in United Kingdom. Phone: 0345 6000 459. Website: https://revengepornhelpline.org.uk. Topics covered: mental health.,https://revengepornhelpline.org.uk,helplines_crisis,United Kingdom,0345 6000 459,doc_0614,0
findahelpline.com,crisis,Helpline: Mankind Initiative,helpline,Mankind Initiative is a mental health helpline. Located in United Kingdom. Phone: 01823 334244. Mankind Initiative is a mental health helpline in United Kingdom. Phone: 01823 334244. Website: https://www.mankind.org.uk. Topics covered: mental health.,https://www.mankind.org.uk,helplines_crisis,United Kingdom,01823 334244,doc_0615,0
findahelpline.com,crisis,Helpline: OPOKA Helpline,helpline,OPOKA Helpline is a mental health helpline. Located in United Kingdom. Phone: 0300 3651700. OPOKA Helpline is a mental health helpline in United Kingdom. Phone: 0300 3651700. Website: https://www.opoka.org.uk/. Topics covered: mental health.,https://www.opoka.org.uk/,helplines_crisis,United Kingdom,0300 3651700,doc_0616,0
findahelpline.com,crisis,Helpline: NAPAC Support Service,helpline,NAPAC Support Service is a mental health helpline. Located in United Kingdom. Phone: 0808 801 0331. NAPAC Support Service is a mental health helpline in United Kingdom. Phone: 0808 801 0331. Website: http://napac.org.uk. Topics covered: mental health.,http://napac.org.uk,helplines_crisis,United Kingdom,0808 801 0331,doc_0617,0
findahelpline.com,crisis,Helpline: The Men Standing Up Helpline,helpline,The Men Standing Up Helpline is a mental health helpline. Located in United Kingdom. Phone: 0300 303 0167. The Men Standing Up Helpline is a mental health helpline in United Kingdom. Phone: 0300 303 0167. Website: http://www.bradfordcyrenians.org.uk. Topics covered: mental health.,http://www.bradfordcyrenians.org.uk,helplines_crisis,United Kingdom,0300 303 0167,doc_0618,0
findahelpline.com,crisis,Helpline: The Compassionate Friends,helpline,The Compassionate Friends is a mental health helpline. Located in United Kingdom. Phone: 0345 123 2304. The Compassionate Friends is a mental health helpline in United Kingdom. Phone: 0345 123 2304. Website: https://www.tcf.org.uk. Topics covered: mental health.,https://www.tcf.org.uk,helplines_crisis,United Kingdom,0345 123 2304,doc_0619,0
findahelpline.com,crisis,Helpline: NCT Support Line,helpline,NCT Support Line is a mental health helpline. Located in United Kingdom. Phone: 0300 330 0700. NCT Support Line is a mental health helpline in United Kingdom. Phone: 0300 330 0700. Website: https://www.nct.org.uk/about-us/contact-us#no-back. Topics covered: mental health.,https://www.nct.org.uk/about-us/contact-us#no-back,helplines_crisis,United Kingdom,0300 330 0700,doc_0620,0
findahelpline.com,crisis,Helpline: Survivors of Bereavement by Suicide Support Line,helpline,Survivors of Bereavement by Suicide Support Line is a mental health helpline. Located in United Kingdom. Phone: 0300 111 5065. Survivors of Bereavement by Suicide Support Line is a mental health helpline in United Kingdom. Phone: 0300 111 5065. Website: https://uksobs.com. Topics covered: mental health.,https://uksobs.com,helplines_crisis,United Kingdom,0300 111 5065,doc_0621,0
findahelpline.com,crisis,Helpline: Brain and Spine Helpline,helpline,Brain and Spine Helpline is a mental health helpline. Located in United Kingdom. Phone: 0808 808 1000. Brain and Spine Helpline is a mental health helpline in United Kingdom. Phone: 0808 808 1000. Website: https://www.brainandspine.org.uk. Topics covered: mental health.,https://www.brainandspine.org.uk,helplines_crisis,United Kingdom,0808 808 1000,doc_0622,0
findahelpline.com,crisis,Helpline: Grief Encounter Support line,helpline,Grief Encounter Support line is a mental health helpline. Located in United Kingdom. Phone: 0808 802 0111. Grief Encounter Support line is a mental health helpline in United Kingdom. Phone: 0808 802 0111. Website: https://www.griefencounter.org.uk. Topics covered: mental health.,https://www.griefencounter.org.uk,helplines_crisis,United Kingdom,0808 802 0111,doc_0623,0
findahelpline.com,crisis,Helpline: Narcotics Anonymous,helpline,Narcotics Anonymous is a mental health helpline. Located in United Kingdom. Phone: 0300 999 1212. Narcotics Anonymous is a mental health helpline in United Kingdom. Phone: 0300 999 1212. Website: https://ukna.org. Topics covered: mental health.,https://ukna.org,helplines_crisis,United Kingdom,0300 999 1212,doc_0624,0
findahelpline.com,crisis,Helpline: Dementia Support Line,helpline,Dementia Support Line is a mental health helpline. Located in United Kingdom. Phone: 0333 150 3456. Dementia Support Line is a mental health helpline in United Kingdom. Phone: 0333 150 3456. Website: https://www.alzheimers.org.uk. Topics covered: mental health.,https://www.alzheimers.org.uk,helplines_crisis,United Kingdom,0333 150 3456,doc_0625,0
findahelpline.com,crisis,Helpline: Child Bereavement UK Helpline,helpline,Child Bereavement UK Helpline is a mental health helpline. Located in United Kingdom. Phone: 0800 028 8840. Child Bereavement UK Helpline is a mental health helpline in United Kingdom. Phone: 0800 028 8840. Website: https://www.childbereavementuk.org/about-our-helpline. Topics covered: mental health.,https://www.childbereavementuk.org/about-our-helpline,helplines_crisis,United Kingdom,0800 028 8840,doc_0626,0
findahelpline.com,crisis,Helpline: FamilyLine,helpline,FamilyLine is a mental health helpline. Located in United Kingdom. Phone: 0808 802 6666. FamilyLine is a mental health helpline in United Kingdom. Phone: 0808 802 6666. Website: https://www.family-action.org.uk/what-we-do/children-families/familyline/. Topics covered: mental health.,https://www.family-action.org.uk/what-we-do/children-families/familyline/,helplines_crisis,United Kingdom,0808 802 6666,doc_0627,0
findahelpline.com,crisis,Helpline: Mermaids Support Line,helpline,Mermaids Support Line is a mental health helpline. Located in United Kingdom. Phone: 0808 801 0400. Mermaids Support Line is a mental health helpline in United Kingdom. Phone: 0808 801 0400. Website: https://mermaidsuk.org.uk. Topics covered: mental health.,https://mermaidsuk.org.uk,helplines_crisis,United Kingdom,0808 801 0400,doc_0628,0
findahelpline.com,crisis,Helpline: Steps Helpline,helpline,Steps Helpline is a mental health helpline. Located in United Kingdom. Phone: 01925 750271. Steps Helpline is a mental health helpline in United Kingdom. Phone: 01925 750271. Website: https://www.stepsworldwide.org. Topics covered: mental health.,https://www.stepsworldwide.org,helplines_crisis,United Kingdom,01925 750271,doc_0629,0
findahelpline.com,crisis,Helpline: Premier Lifeline,helpline,Premier Lifeline is a mental health helpline. Located in United Kingdom. Phone: 0300 111 0101. Premier Lifeline is a mental health helpline in United Kingdom. Phone: 0300 111 0101. Website: http://www.premierlifeline.org.uk. Topics covered: mental health.,http://www.premierlifeline.org.uk,helplines_crisis,United Kingdom,0300 111 0101,doc_0630,0
findahelpline.com,crisis,Helpline: Towards Healing (United Kingdom),helpline,Towards Healing (United Kingdom) is a mental health helpline. Located in United Kingdom. Phone: 0800 1026172. Towards Healing (United Kingdom) is a mental health helpline in United Kingdom. Phone: 0800 1026172. Website: https://towardshealing.ie/. Topics covered: mental health.,https://towardshealing.ie/,helplines_crisis,United Kingdom,0800 1026172,doc_0631,0
findahelpline.com,crisis,Helpline: Muslim Youth Helpline,helpline,Muslim Youth Helpline is a mental health helpline. Located in United Kingdom. Phone: 0808 808 2008. Muslim Youth Helpline is a mental health helpline in United Kingdom. Phone: 0808 808 2008. Website: https://www.myh.org.uk. Topics covered: mental health.,https://www.myh.org.uk,helplines_crisis,United Kingdom,0808 808 2008,doc_0632,0
findahelpline.com,crisis,Helpline: Lifeline,helpline,Lifeline is a mental health helpline. Located in Australia. Phone: 13 11 14. Lifeline is a mental health helpline in Australia. Phone: 13 11 14. Website: https://www.lifeline.org.au. Topics covered: mental health.,https://www.lifeline.org.au,helplines_crisis,Australia,13 11 14,doc_0633,0
findahelpline.com,crisis,Helpline: Beyond Blue,helpline,Beyond Blue is a mental health helpline. Located in Australia. Phone: 1300 22 4636. Beyond Blue is a mental health helpline in Australia. Phone: 1300 22 4636. Website: https://www.beyondblue.org.au/. Topics covered: mental health.,https://www.beyondblue.org.au/,helplines_crisis,Australia,1300 22 4636,doc_0634,0
findahelpline.com,crisis,Helpline: 1800RESPECT,helpline,1800RESPECT is a mental health helpline. Located in Australia. Phone: 1800 737 732. 1800RESPECT is a mental health helpline in Australia. Phone: 1800 737 732. Website: https://1800respect.org.au/. Topics covered: mental health.,https://1800respect.org.au/,helplines_crisis,Australia,1800 737 732,doc_0635,0
findahelpline.com,crisis,Helpline: Butterfly National Helpline,helpline,Butterfly National Helpline is a mental health helpline. Located in Australia. Phone: 1800 33 4673. Butterfly National Helpline is a mental health helpline in Australia. Phone: 1800 33 4673. Website: https://butterfly.org.au/get-support/helpline/. Topics covered: mental health.,https://butterfly.org.au/get-support/helpline/,helplines_crisis,Australia,1800 33 4673,doc_0636,0
findahelpline.com,crisis,Helpline: QLife,helpline,QLife is a mental health helpline. Located in Australia. Phone: 1800 184 527. QLife is a mental health helpline in Australia. Phone: 1800 184 527. Website: https://qlife.org.au/. Topics covered: mental health.,https://qlife.org.au/,helplines_crisis,Australia,1800 184 527,doc_0637,0
findahelpline.com,crisis,Helpline: MensLine Australia,helpline,MensLine Australia is a mental health helpline. Located in Australia. Phone: 1300 78 99 78. MensLine Australia is a mental health helpline in Australia. Phone: 1300 78 99 78. Website: https://mensline.org.au/phone-and-online-counselling/. Topics covered: mental health.,https://mensline.org.au/phone-and-online-counselling/,helplines_crisis,Australia,1300 78 99 78,doc_0638,0
findahelpline.com,crisis,Helpline: 13YARN,helpline,13YARN is a mental health helpline. Located in Australia. Phone: 13 92 76. 13YARN is a mental health helpline in Australia. Phone: 13 92 76. Website: https://www.13yarn.org.au/about-us. Topics covered: mental health.,https://www.13yarn.org.au/about-us,helplines_crisis,Australia,13 92 76,doc_0639,0
findahelpline.com,crisis,Helpline: Kids Helpline,helpline,Kids Helpline is a mental health helpline. Located in Australia. Phone: 1800 55 1800. Kids Helpline is a mental health helpline in Australia. Phone: 1800 55 1800. Website: https://kidshelpline.com.au/get-help/phone-counselling/. Topics covered: mental health.,https://kidshelpline.com.au/get-help/phone-counselling/,helplines_crisis,Australia,1800 55 1800,doc_0640,0
findahelpline.com,crisis,Helpline: Suicide Call Back Service,helpline,Suicide Call Back Service is a mental health helpline. Located in Australia. Phone: 1300 659 467. Suicide Call Back Service is a mental health helpline in Australia. Phone: 1300 659 467. Website: https://www.suicidecallbackservice.org.au/phone-and-online-counselling/. Topics covered: mental health.,https://www.suicidecallbackservice.org.au/phone-and-online-counselling/,helplines_crisis,Australia,1300 659 467,doc_0641,0
findahelpline.com,crisis,Helpline: Gambling Help Online,helpline,Gambling Help Online is a mental health helpline. Located in Australia. Phone: 1800 858 858. Gambling Help Online is a mental health helpline in Australia. Phone: 1800 858 858. Website: https://www.gamblinghelponline.org.au/. Topics covered: mental health.,https://www.gamblinghelponline.org.au/,helplines_crisis,Australia,1800 858 858,doc_0642,0
findahelpline.com,crisis,Helpline: Counselling Online (Alcohol & Drug Counselling),helpline,Counselling Online (Alcohol & Drug Counselling) is a mental health helpline. Located in Australia. Phone: . Counselling Online (Alcohol & Drug Counselling) is a mental health helpline in Australia. Website: https://www.counsellingonline.org.au. Topics covered: mental health.,https://www.counsellingonline.org.au,helplines_crisis,Australia,,doc_0643,0
findahelpline.com,crisis,Helpline: National Dementia Helpline,helpline,National Dementia Helpline is a mental health helpline. Located in Australia. Phone: 1800 100 500. National Dementia Helpline is a mental health helpline in Australia. Phone: 1800 100 500. Website: https://www.dementia.org.au/. Topics covered: mental health.,https://www.dementia.org.au/,helplines_crisis,Australia,1800 100 500,doc_0644,0
findahelpline.com,crisis,Helpline: 1800 FULL STOP,helpline,1800 FULL STOP is a mental health helpline. Located in Australia. Phone: 1800 385 578. 1800 FULL STOP is a mental health helpline in Australia. Phone: 1800 385 578. Website: https://fullstop.org.au/. Topics covered: mental health.,https://fullstop.org.au/,helplines_crisis,Australia,1800 385 578,doc_0645,0
findahelpline.com,crisis,Helpline: Thirrili - National Indigenous Postvention Service,helpline,Thirrili - National Indigenous Postvention Service is a mental health helpline. Located in Australia. Phone: 1800 805 801. Thirrili - National Indigenous Postvention Service is a mental health helpline in Australia. Phone: 1800 805 801. Website: http://thirrili.com.au. Topics covered: mental health.,http://thirrili.com.au,helplines_crisis,Australia,1800 805 801,doc_0646,0
findahelpline.com,crisis,Helpline: Scamwatch,helpline,Scamwatch is a mental health helpline. Located in Australia. Phone: . Scamwatch is a mental health helpline in Australia. Website: https://www.scamwatch.gov.au/. Topics covered: mental health.,https://www.scamwatch.gov.au/,helplines_crisis,Australia,,doc_0647,0
findahelpline.com,crisis,Helpline: National Alcohol and Other Drug Hotline,helpline,National Alcohol and Other Drug Hotline is a mental health helpline. Located in Australia. Phone: 1800 250 015. National Alcohol and Other Drug Hotline is a mental health helpline in Australia. Phone: 1800 250 015. Website: https://www.health.gov.au/our-work/drug-help/how-to-find-help. Topics covered: mental health.,https://www.health.gov.au/our-work/drug-help/how-to-find-help,helplines_crisis,Australia,1800 250 015,doc_0648,0
findahelpline.com,crisis,"Helpline: Rainbow Sexual, Domestic and Family Violence Helpline",helpline,"Rainbow Sexual, Domestic and Family Violence Helpline is a mental health helpline. Located in Australia. Phone: 1800 497 212. Rainbow Sexual, Domestic and Family Violence Helpline is a mental health helpline in Australia. Phone: 1800 497 212. Website: https://fullstop.org.au/get-help/our-services/rainbowviolenceandabusesupport. Topics covered: mental health.",https://fullstop.org.au/get-help/our-services/rainbowviolenceandabusesupport,helplines_crisis,Australia,1800 497 212,doc_0649,0
findahelpline.com,crisis,Helpline: Nurse & Midwife Support,helpline,Nurse & Midwife Support is a mental health helpline. Located in Australia. Phone: 1800667877. Nurse & Midwife Support is a mental health helpline in Australia. Phone: 1800667877. Website: https://www.nmsupport.org.au/. Topics covered: mental health.,https://www.nmsupport.org.au/,helplines_crisis,Australia,1800667877,doc_0650,0
findahelpline.com,crisis,Helpline: Open Arms - Veterans & Families Counselling,helpline,Open Arms - Veterans & Families Counselling is a mental health helpline. Located in Australia. Phone: 1800 011 046. Open Arms - Veterans & Families Counselling is a mental health helpline in Australia. Phone: 1800 011 046. Website: https://www.openarms.gov.au/. Topics covered: mental health.,https://www.openarms.gov.au/,helplines_crisis,Australia,1800 011 046,doc_0651,0
findahelpline.com,crisis,Helpline: Family Drug Support Helpline,helpline,Family Drug Support Helpline is a mental health helpline. Located in Australia. Phone: 1300 368 186. Family Drug Support Helpline is a mental health helpline in Australia. Phone: 1300 368 186. Website: https://www.fds.org.au/. Topics covered: mental health.,https://www.fds.org.au/,helplines_crisis,Australia,1300 368 186,doc_0652,0
findahelpline.com,crisis,Helpline: Listening Ear,helpline,Listening Ear is a mental health helpline. Located in Australia. Phone: 02 9477 6777. Listening Ear is a mental health helpline in Australia. Phone: 02 9477 6777. Website: https://listeningear.org.au/. Topics covered: mental health.,https://listeningear.org.au/,helplines_crisis,Australia,02 9477 6777,doc_0653,0
findahelpline.com,crisis,Helpline: PANDA (Perinatal Anxiety and Depression Australia),helpline,PANDA (Perinatal Anxiety and Depression Australia) is a mental health helpline. Located in Australia. Phone: 1300 726 306. PANDA (Perinatal Anxiety and Depression Australia) is a mental health helpline in Australia. Phone: 1300 726 306. Website: https://www.panda.org.au/. Topics covered: mental health.,https://www.panda.org.au/,helplines_crisis,Australia,1300 726 306,doc_0654,0
findahelpline.com,crisis,Helpline: SANE,helpline,SANE is a mental health helpline. Located in Australia. Phone: 1800 187 263. SANE is a mental health helpline in Australia. Phone: 1800 187 263. Website: https://www.sane.org/. Topics covered: mental health.,https://www.sane.org/,helplines_crisis,Australia,1800 187 263,doc_0655,0
findahelpline.com,crisis,Helpline: StandBy Support After Suicide,helpline,StandBy Support After Suicide is a mental health helpline. Located in Australia. Phone: 1 300 727 247. StandBy Support After Suicide is a mental health helpline in Australia. Phone: 1 300 727 247. Website: https://standbysupport.com.au/. Topics covered: mental health.,https://standbysupport.com.au/,helplines_crisis,Australia,1 300 727 247,doc_0656,0
findahelpline.com,crisis,Helpline: ListenWell,helpline,ListenWell is a mental health helpline. Located in Australia. Phone: 1300 111 500. ListenWell is a mental health helpline in Australia. Phone: 1300 111 500. Website: https://www.wellways.org/our-services/listenwell-warmline/. Topics covered: mental health.,https://www.wellways.org/our-services/listenwell-warmline/,helplines_crisis,Australia,1300 111 500,doc_0657,0
findahelpline.com,crisis,Helpline: Blue Knot Helpline and Redress Support Service,helpline,Blue Knot Helpline and Redress Support Service is a mental health helpline. Located in Australia. Phone: 1300 657 380. Blue Knot Helpline and Redress Support Service is a mental health helpline in Australia. Phone: 1300 657 380. Website: https://www.blueknot.org.au/. Topics covered: mental health.,https://www.blueknot.org.au/,helplines_crisis,Australia,1300 657 380,doc_0658,0
findahelpline.com,crisis,Helpline: Griefline,helpline,Griefline is a mental health helpline. Located in Australia. Phone: 1300 845 745. Griefline is a mental health helpline in Australia. Phone: 1300 845 745. Website: https://griefline.org.au/. Topics covered: mental health.,https://griefline.org.au/,helplines_crisis,Australia,1300 845 745,doc_0659,0
findahelpline.com,crisis,Helpline: eheadspace,helpline,eheadspace is a mental health helpline. Located in Australia. Phone: 1800 650 890. eheadspace is a mental health helpline in Australia. Phone: 1800 650 890. Website: https://headspace.org.au/. Topics covered: mental health.,https://headspace.org.au/,helplines_crisis,Australia,1800 650 890,doc_0660,0
findahelpline.com,crisis,Helpline: Cancer Hub,helpline,Cancer Hub is a mental health helpline. Located in Australia. Phone: 1800 945 215. Cancer Hub is a mental health helpline in Australia. Phone: 1800 945 215. Website: https://cancerhub.org.au/. Topics covered: mental health.,https://cancerhub.org.au/,helplines_crisis,Australia,1800 945 215,doc_0661,0
findahelpline.com,crisis,Helpline: 9-8-8: Suicide Crisis Helpline,helpline,9-8-8: Suicide Crisis Helpline is a mental health helpline. Located in Canada. Phone: 988. 9-8-8: Suicide Crisis Helpline is a mental health helpline in Canada. Phone: 988. Website: https://988.ca/. Topics covered: mental health.,https://988.ca/,helplines_crisis,Canada,988,doc_0662,0
findahelpline.com,crisis,Helpline: Canadian Resource Centre for Victims of Crime,helpline,Canadian Resource Centre for Victims of Crime is a mental health helpline. Located in Canada. Phone: 1-877-232-2610. Canadian Resource Centre for Victims of Crime is a mental health helpline in Canada. Phone: 1-877-232-2610. Website: https://crcvc.ca/. Topics covered: mental health.,https://crcvc.ca/,helplines_crisis,Canada,1-877-232-2610,doc_0663,0
findahelpline.com,crisis,Helpline: Kids Help Phone,helpline,Kids Help Phone is a mental health helpline. Located in Canada. Phone: 1-800-668-6868. Kids Help Phone is a mental health helpline in Canada. Phone: 1-800-668-6868. Website: https://kidshelpphone.ca/. Topics covered: mental health.,https://kidshelpphone.ca/,helplines_crisis,Canada,1-800-668-6868,doc_0664,0
findahelpline.com,crisis,Helpline: First Nations and Inuit Hope for Wellness Helpline,helpline,First Nations and Inuit Hope for Wellness Helpline is a mental health helpline. Located in Canada. Phone: (855) 242-3310. First Nations and Inuit Hope for Wellness Helpline is a mental health helpline in Canada. Phone: (855) 242-3310. Website: https://www.hopeforwellness.ca/. Topics covered: mental health.,https://www.hopeforwellness.ca/,helplines_crisis,Canada,(855) 242-3310,doc_0665,0
findahelpline.com,crisis,Helpline: National Eating Disorder Information Centre,helpline,National Eating Disorder Information Centre is a mental health helpline. Located in Canada. Phone: 416-340-4156. National Eating Disorder Information Centre is a mental health helpline in Canada. Phone: 416-340-4156. Website: https://nedic.ca. Topics covered: mental health.,https://nedic.ca,helplines_crisis,Canada,416-340-4156,doc_0666,0
findahelpline.com,crisis,Helpline: LGBT National Hotline,helpline,LGBT National Hotline is a mental health helpline. Located in Canada. Phone: 888 843 4564. LGBT National Hotline is a mental health helpline in Canada. Phone: 888 843 4564. Website: https://www.lgbthotline.org/. Topics covered: mental health.,https://www.lgbthotline.org/,helplines_crisis,Canada,888 843 4564,doc_0667,0
findahelpline.com,crisis,Helpline: Canadian Human Trafficking Hotline,helpline,Canadian Human Trafficking Hotline is a mental health helpline. Located in Canada. Phone: (833) 900-1010. Canadian Human Trafficking Hotline is a mental health helpline in Canada. Phone: (833) 900-1010. Website: https://www.canadianhumantraffickinghotline.ca/. Topics covered: mental health.,https://www.canadianhumantraffickinghotline.ca/,helplines_crisis,Canada,(833) 900-1010,doc_0668,0
findahelpline.com,crisis,Helpline: Childhelp Canada: Child Abuse Hotline,helpline,Childhelp Canada: Child Abuse Hotline is a mental health helpline. Located in Canada. Phone: 800 422 4453. Childhelp Canada: Child Abuse Hotline is a mental health helpline in Canada. Phone: 800 422 4453. Website: https://childhelphotline.org/. Topics covered: mental health.,https://childhelphotline.org/,helplines_crisis,Canada,800 422 4453,doc_0669,0
findahelpline.com,crisis,Helpline: Canadian Anti-Fraud Centre,helpline,Canadian Anti-Fraud Centre is a mental health helpline. Located in Canada. Phone: 1-888-495-8501. Canadian Anti-Fraud Centre is a mental health helpline in Canada. Phone: 1-888-495-8501. Website: https://antifraudcentre-centreantifraude.ca/index-eng.htm. Topics covered: mental health.,https://antifraudcentre-centreantifraude.ca/index-eng.htm,helplines_crisis,Canada,1-888-495-8501,doc_0670,0
findahelpline.com,crisis,Helpline: Naseeha Mental Helpline,helpline,Naseeha Mental Helpline is a mental health helpline. Located in Canada. Phone: 1-866-627-3342. Naseeha Mental Helpline is a mental health helpline in Canada. Phone: 1-866-627-3342. Website: https://naseeha.org/. Topics covered: mental health.,https://naseeha.org/,helplines_crisis,Canada,1-866-627-3342,doc_0671,0
findahelpline.com,crisis,Helpline: ANEB Québec (Anorexie et boulimie Québec),helpline,ANEB Québec (Anorexie et boulimie Québec) is a mental health helpline. Located in Canada. Phone: 1 800 630-0907. ANEB Québec (Anorexie et boulimie Québec) is a mental health helpline in Canada. Phone: 1 800 630-0907. Website: https://anebquebec.com/. Topics covered: mental health.,https://anebquebec.com/,helplines_crisis,Canada,1 800 630-0907,doc_0672,0
findahelpline.com,crisis,Helpline: LGBT National Youth Talkline (Canada),helpline,LGBT National Youth Talkline (Canada) is a mental health helpline. Located in Canada. Phone: 800 246 7743. LGBT National Youth Talkline (Canada) is a mental health helpline in Canada. Phone: 800 246 7743. Website: https://www.lgbthotline.org/youth-talkline. Topics covered: mental health.,https://www.lgbthotline.org/youth-talkline,helplines_crisis,Canada,800 246 7743,doc_0673,0
findahelpline.com,crisis,Helpline: Exhale Pro-Voice,helpline,Exhale Pro-Voice is a mental health helpline. Located in Canada. Phone: (617) 749-2948. Exhale Pro-Voice is a mental health helpline in Canada. Phone: (617) 749-2948. Website: https://exhaleprovoice.org/. Topics covered: mental health.,https://exhaleprovoice.org/,helplines_crisis,Canada,(617) 749-2948,doc_0674,0
findahelpline.com,crisis,Helpline: Talking For Change,helpline,Talking For Change is a mental health helpline. Located in Canada. Phone: 1-833-703-3303. Talking For Change is a mental health helpline in Canada. Phone: 1-833-703-3303. Website: https://talkingforchange.ca/. Topics covered: mental health.,https://talkingforchange.ca/,helplines_crisis,Canada,1-833-703-3303,doc_0675,0
findahelpline.com,crisis,Helpline: Trans Lifeline,helpline,Trans Lifeline is a mental health helpline. Located in Canada. Phone: (877) 330-6366. Trans Lifeline is a mental health helpline in Canada. Phone: (877) 330-6366. Website: https://translifeline.org/hotline/. Topics covered: mental health.,https://translifeline.org/hotline/,helplines_crisis,Canada,(877) 330-6366,doc_0676,0
findahelpline.com,crisis,Helpline: Lula Women's Helpline,helpline,Lula Women's Helpline is a mental health helpline. Located in Canada. Phone: . Lula Women's Helpline is a mental health helpline in Canada. Website: https://www.lulahelpline.ca/. Topics covered: mental health.,https://www.lulahelpline.ca/,helplines_crisis,Canada,,doc_0677,0
findahelpline.com,crisis,Helpline: NISA Helpline,helpline,NISA Helpline is a mental health helpline. Located in Canada. Phone: 888 711 6472. NISA Helpline is a mental health helpline in Canada. Phone: 888 711 6472. Website: https://www.nisafoundation.ca/programs/nisa-helpline. Topics covered: mental health.,https://www.nisafoundation.ca/programs/nisa-helpline,helplines_crisis,Canada,888 711 6472,doc_0678,0
findahelpline.com,crisis,Helpline: 1737 Need to talk?,helpline,1737 Need to talk? is a mental health helpline. Located in New Zealand. Phone: 1737. 1737 Need to talk? is a mental health helpline in New Zealand. Phone: 1737. Website: https://www.1737.org.nz. Topics covered: mental health.,https://www.1737.org.nz,helplines_crisis,New Zealand,1737,doc_0679,0
findahelpline.com,crisis,Helpline: Lifeline Aotearoa,helpline,Lifeline Aotearoa is a mental health helpline. Located in New Zealand. Phone: 0800 543 354. Lifeline Aotearoa is a mental health helpline in New Zealand. Phone: 0800 543 354. Website: https://www.lifeline.org.nz/. Topics covered: mental health.,https://www.lifeline.org.nz/,helplines_crisis,New Zealand,0800 543 354,doc_0680,0
findahelpline.com,crisis,Helpline: Samaritans Aotearoa,helpline,Samaritans Aotearoa is a mental health helpline. Located in New Zealand. Phone: 0800 726 666. Samaritans Aotearoa is a mental health helpline in New Zealand. Phone: 0800 726 666. Website: http://samaritans.org.nz/. Topics covered: mental health.,http://samaritans.org.nz/,helplines_crisis,New Zealand,0800 726 666,doc_0681,0
findahelpline.com,crisis,Helpline: Suicide Crisis Helpline - Tautoko,helpline,Suicide Crisis Helpline - Tautoko is a mental health helpline. Located in New Zealand. Phone: 0508 828 865. Suicide Crisis Helpline - Tautoko is a mental health helpline in New Zealand. Phone: 0508 828 865. Website: https://www.lifeline.org.nz/services/suicide-crisis-helpline. Topics covered: mental health.,https://www.lifeline.org.nz/services/suicide-crisis-helpline,helplines_crisis,New Zealand,0508 828 865,doc_0682,0
findahelpline.com,crisis,Helpline: Youthline,helpline,Youthline is a mental health helpline. Located in New Zealand. Phone: 0800 376 633. Youthline is a mental health helpline in New Zealand. Phone: 0800 376 633. Website: https://www.youthline.co.nz/. Topics covered: mental health.,https://www.youthline.co.nz/,helplines_crisis,New Zealand,0800 376 633,doc_0683,0
findahelpline.com,crisis,Helpline: Depression Helpline,helpline,Depression Helpline is a mental health helpline. Located in New Zealand. Phone: 0800 111 757. Depression Helpline is a mental health helpline in New Zealand. Phone: 0800 111 757. Website: https://www.depression.org.nz/. Topics covered: mental health.,https://www.depression.org.nz/,helplines_crisis,New Zealand,0800 111 757,doc_0684,0
findahelpline.com,crisis,Helpline: Gambling Helpline,helpline,Gambling Helpline is a mental health helpline. Located in New Zealand. Phone: 0800 654 655. Gambling Helpline is a mental health helpline in New Zealand. Phone: 0800 654 655. Website: https://gamblinghelpline.co.nz/. Topics covered: mental health.,https://gamblinghelpline.co.nz/,helplines_crisis,New Zealand,0800 654 655,doc_0685,0
findahelpline.com,crisis,Helpline: Vai Lelei Pasifika Gambling Helpline,helpline,Vai Lelei Pasifika Gambling Helpline is a mental health helpline. Located in New Zealand. Phone: 0800 654 657. Vai Lelei Pasifika Gambling Helpline is a mental health helpline in New Zealand. Phone: 0800 654 657. Website: https://gamblinghelpline.co.nz/contact. Topics covered: mental health.,https://gamblinghelpline.co.nz/contact,helplines_crisis,New Zealand,0800 654 657,doc_0686,0
findahelpline.com,crisis,Helpline: Quitline,helpline,Quitline is a mental health helpline. Located in New Zealand. Phone: 0800 778 778. Quitline is a mental health helpline in New Zealand. Phone: 0800 778 778. Website: https://quit.org.nz/. Topics covered: mental health.,https://quit.org.nz/,helplines_crisis,New Zealand,0800 778 778,doc_0687,0
findahelpline.com,crisis,Helpline: Safe to talk - Sexual harm helpline,helpline,Safe to talk - Sexual harm helpline is a mental health helpline. Located in New Zealand. Phone: 0800 044 334. Safe to talk - Sexual harm helpline is a mental health helpline in New Zealand. Phone: 0800 044 334. Website: https://safetotalk.nz/. Topics covered: mental health.,https://safetotalk.nz/,helplines_crisis,New Zealand,0800 044 334,doc_0688,0
findahelpline.com,crisis,Helpline: Alcohol & Drug Helpline,helpline,Alcohol & Drug Helpline is a mental health helpline. Located in New Zealand. Phone: 0800 787 797. Alcohol & Drug Helpline is a mental health helpline in New Zealand. Phone: 0800 787 797. Website: https://alcoholdrughelp.org.nz/. Topics covered: mental health.,https://alcoholdrughelp.org.nz/,helplines_crisis,New Zealand,0800 787 797,doc_0689,0
findahelpline.com,crisis,Helpline: Shine,helpline,Shine is a mental health helpline. Located in New Zealand. Phone: 0508 744 633. Shine is a mental health helpline in New Zealand. Phone: 0508 744 633. Website: https://www.2shine.org.nz/. Topics covered: mental health.,https://www.2shine.org.nz/,helplines_crisis,New Zealand,0508 744 633,doc_0690,0
findahelpline.com,crisis,Helpline: Netsafe,helpline,Netsafe is a mental health helpline. Located in New Zealand. Phone: 0508 638 723. Netsafe is a mental health helpline in New Zealand. Phone: 0508 638 723. Website: https://netsafe.org.nz/. Topics covered: mental health.,https://netsafe.org.nz/,helplines_crisis,New Zealand,0508 638 723,doc_0691,0
findahelpline.com,crisis,Helpline: Are You OK Helpline (Family Violence Information Line),helpline,Are You OK Helpline (Family Violence Information Line) is a mental health helpline. Located in New Zealand. Phone: 0800 456 450. Are You OK Helpline (Family Violence Information Line) is a mental health helpline in New Zealand. Phone: 0800 456 450. Website: http://www.areyouok.org.nz/. Topics covered: mental health.,http://www.areyouok.org.nz/,helplines_crisis,New Zealand,0800 456 450,doc_0692,0
findahelpline.com,crisis,Helpline: Women's Refuge,helpline,Women's Refuge is a mental health helpline. Located in New Zealand. Phone: 0800 733 843. Women's Refuge is a mental health helpline in New Zealand. Phone: 0800 733 843. Website: https://womensrefuge.org.nz/. Topics covered: mental health.,https://womensrefuge.org.nz/,helplines_crisis,New Zealand,0800 733 843,doc_0693,0
findahelpline.com,crisis,Helpline: Oranga Tamariki (Ministry for Children) Helpline,helpline,Oranga Tamariki (Ministry for Children) Helpline is a mental health helpline. Located in New Zealand. Phone: 0508 326 459. Oranga Tamariki (Ministry for Children) Helpline is a mental health helpline in New Zealand. Phone: 0508 326 459. Website: https://www.orangatamariki.govt.nz/worried-about-a-child-tell-us/. Topics covered: mental health.,https://www.orangatamariki.govt.nz/worried-about-a-child-tell-us/,helplines_crisis,New Zealand,0508 326 459,doc_0694,0
findahelpline.com,crisis,Helpline: Māori Gambling Helpline,helpline,Māori Gambling Helpline is a mental health helpline. Located in New Zealand. Phone: 0800 654 656. Māori Gambling Helpline is a mental health helpline in New Zealand. Phone: 0800 654 656. Website: https://gamblinghelpline.co.nz/. Topics covered: mental health.,https://gamblinghelpline.co.nz/,helplines_crisis,New Zealand,0800 654 656,doc_0695,0
findahelpline.com,crisis,Helpline: 0800 ANXIETY Helpline,helpline,0800 ANXIETY Helpline is a mental health helpline. Located in New Zealand. Phone: 0800 269 438. 0800 ANXIETY Helpline is a mental health helpline in New Zealand. Phone: 0800 269 438. Website: https://www.anxiety.org.nz/. Topics covered: mental health.,https://www.anxiety.org.nz/,helplines_crisis,New Zealand,0800 269 438,doc_0696,0
findahelpline.com,crisis,Helpline: Shakti Crisisline,helpline,Shakti Crisisline is a mental health helpline. Located in New Zealand. Phone: 0800 742 584. Shakti Crisisline is a mental health helpline in New Zealand. Phone: 0800 742 584. Website: https://shaktiinternational.org/shakati-new-zealand/. Topics covered: mental health.,https://shaktiinternational.org/shakati-new-zealand/,helplines_crisis,New Zealand,0800 742 584,doc_0697,0
findahelpline.com,crisis,Helpline: Victim Support,helpline,Victim Support is a mental health helpline. Located in New Zealand. Phone: 0800 842 846. Victim Support is a mental health helpline in New Zealand. Phone: 0800 842 846. Website: https://www.victimsupport.org.nz/. Topics covered: mental health.,https://www.victimsupport.org.nz/,helplines_crisis,New Zealand,0800 842 846,doc_0698,0
findahelpline.com,crisis,Helpline: Elder Abuse Response Service,helpline,Elder Abuse Response Service is a mental health helpline. Located in New Zealand. Phone: 0800 32 668 65. Elder Abuse Response Service is a mental health helpline in New Zealand. Phone: 0800 32 668 65. Website: https://officeforseniors.govt.nz/our-work/raising-awareness-of-elder-abuse/elder-abuse-response-service/. Topics covered: mental health.,https://officeforseniors.govt.nz/our-work/raising-awareness-of-elder-abuse/elder-abuse-response-service/,helplines_crisis,New Zealand,0800 32 668 65,doc_0699,0
findahelpline.com,crisis,Helpline: Rural Support Trust,helpline,Rural Support Trust is a mental health helpline. Located in New Zealand. Phone: 0800 787 254. Rural Support Trust is a mental health helpline in New Zealand. Phone: 0800 787 254. Website: https://www.rural-support.org.nz/. Topics covered: mental health.,https://www.rural-support.org.nz/,helplines_crisis,New Zealand,0800 787 254,doc_0700,0
findahelpline.com,crisis,Helpline: 0800 What's Up,helpline,0800 What's Up is a mental health helpline. Located in New Zealand. Phone: 0800 942 8787. 0800 What's Up is a mental health helpline in New Zealand. Phone: 0800 942 8787. Website: https://whatsup.co.nz/. Topics covered: mental health.,https://whatsup.co.nz/,helplines_crisis,New Zealand,0800 942 8787,doc_0701,0
findahelpline.com,crisis,Helpline: Vagus Centre,helpline,Vagus Centre is a mental health helpline. Located in New Zealand. Phone: 0800 567 6666. Vagus Centre is a mental health helpline in New Zealand. Phone: 0800 567 6666. Website: https://cmh.org.nz/. Topics covered: mental health.,https://cmh.org.nz/,helplines_crisis,New Zealand,0800 567 6666,doc_0702,0
findahelpline.com,crisis,Helpline: Problem Gambling Foundation - PGF Services,helpline,Problem Gambling Foundation - PGF Services is a mental health helpline. Located in New Zealand. Phone: 0800 664 262. Problem Gambling Foundation - PGF Services is a mental health helpline in New Zealand. Phone: 0800 664 262. Website: http://www.pgf.nz. Topics covered: mental health.,http://www.pgf.nz,helplines_crisis,New Zealand,0800 664 262,doc_0703,0
findahelpline.com,crisis,Helpline: Asian Family Services,helpline,Asian Family Services is a mental health helpline. Located in New Zealand. Phone: 0800 862 342. Asian Family Services is a mental health helpline in New Zealand. Phone: 0800 862 342. Website: https://www.asianfamilyservices.nz/. Topics covered: mental health.,https://www.asianfamilyservices.nz/,helplines_crisis,New Zealand,0800 862 342,doc_0704,0
findahelpline.com,crisis,Helpline: OutLine,helpline,OutLine is a mental health helpline. Located in New Zealand. Phone: 0800 688 5463. OutLine is a mental health helpline in New Zealand. Phone: 0800 688 5463. Website: https://outline.org.nz/. Topics covered: mental health.,https://outline.org.nz/,helplines_crisis,New Zealand,0800 688 5463,doc_0705,0
findahelpline.com,crisis,Helpline: Parent Help,helpline,Parent Help is a mental health helpline. Located in New Zealand. Phone: 0800 568 856. Parent Help is a mental health helpline in New Zealand. Phone: 0800 568 856. Website: https://www.parenthelp.org.nz/. Topics covered: mental health.,https://www.parenthelp.org.nz/,helplines_crisis,New Zealand,0800 568 856,doc_0706,0
findahelpline.com,crisis,Helpline: Samaritans (Ireland),helpline,Samaritans (Ireland) is a mental health helpline. Located in Ireland. Phone: 116 123. Samaritans (Ireland) is a mental health helpline in Ireland. Phone: 116 123. Website: https://www.samaritans.ie. Topics covered: mental health.,https://www.samaritans.ie,helplines_crisis,Ireland,116 123,doc_0707,0
findahelpline.com,crisis,Helpline: Pieta,helpline,Pieta is a mental health helpline. Located in Ireland. Phone: 1800 247 247. Pieta is a mental health helpline in Ireland. Phone: 1800 247 247. Website: https://www.pieta.ie/how-we-can-help/helpline/. Topics covered: mental health.,https://www.pieta.ie/how-we-can-help/helpline/,helplines_crisis,Ireland,1800 247 247,doc_0708,0
findahelpline.com,crisis,Helpline: Childline Listening,helpline,Childline Listening is a mental health helpline. Located in Ireland. Phone: 1800 666 666. Childline Listening is a mental health helpline in Ireland. Phone: 1800 666 666. Website: http://www.childline.ie. Topics covered: mental health.,http://www.childline.ie,helplines_crisis,Ireland,1800 666 666,doc_0709,0
findahelpline.com,crisis,Helpline: Text About It,helpline,Text About It is a mental health helpline. Located in Ireland. Phone: . Text About It is a mental health helpline in Ireland. Website: https://www.textaboutit.ie/. Topics covered: mental health.,https://www.textaboutit.ie/,helplines_crisis,Ireland,,doc_0710,0
findahelpline.com,crisis,Helpline: Federation For Victim Assistance,helpline,Federation For Victim Assistance is a mental health helpline. Located in Ireland. Phone: 1800 277 477. Federation For Victim Assistance is a mental health helpline in Ireland. Phone: 1800 277 477. Website: https://victimassistance.ie. Topics covered: mental health.,https://victimassistance.ie,helplines_crisis,Ireland,1800 277 477,doc_0711,0
findahelpline.com,crisis,Helpline: Missing Childrens Hotline,helpline,Missing Childrens Hotline is a mental health helpline. Located in Ireland. Phone: 116 000. Missing Childrens Hotline is a mental health helpline in Ireland. Phone: 116 000. Website: https://www.ispcc.ie/missing-childrens-hotline/. Topics covered: mental health.,https://www.ispcc.ie/missing-childrens-hotline/,helplines_crisis,Ireland,116 000,doc_0712,0
findahelpline.com,crisis,Helpline: SOSAD Ireland,helpline,SOSAD Ireland is a mental health helpline. Located in Ireland. Phone: 1800 901 909. SOSAD Ireland is a mental health helpline in Ireland. Phone: 1800 901 909. Website: https://www.sosadireland.ie/. Topics covered: mental health.,https://www.sosadireland.ie/,helplines_crisis,Ireland,1800 901  909,doc_0713,0
findahelpline.com,crisis,Helpline: Women's Aid 24 hour National Freephone Helpline,helpline,Women's Aid 24 hour National Freephone Helpline is a mental health helpline. Located in Ireland. Phone: 1800 341 900. Women's Aid 24 hour National Freephone Helpline is a mental health helpline in Ireland. Phone: 1800 341 900. Website: https://www.womensaid.ie/. Topics covered: mental health.,https://www.womensaid.ie/,helplines_crisis,Ireland,1800 341 900,doc_0714,0
findahelpline.com,crisis,Helpline: National Rape Crisis Helpline,helpline,National Rape Crisis Helpline is a mental health helpline. Located in Ireland. Phone: 1800 778 888. National Rape Crisis Helpline is a mental health helpline in Ireland. Phone: 1800 778 888. Website: https://www.drcc.ie/. Topics covered: mental health.,https://www.drcc.ie/,helplines_crisis,Ireland,1800 778 888,doc_0715,0
findahelpline.com,crisis,Helpline: National Freephone Careline,helpline,National Freephone Careline is a mental health helpline. Located in Ireland. Phone: 1800 24 07 24. National Freephone Careline is a mental health helpline in Ireland. Phone: 1800 24 07 24. Website: https://familycarers.ie/. Topics covered: mental health.,https://familycarers.ie/,helplines_crisis,Ireland,1800 24 07 24,doc_0716,0
findahelpline.com,crisis,Helpline: Teenline Ireland,helpline,Teenline Ireland is a mental health helpline. Located in Ireland. Phone: 1800 833 634. Teenline Ireland is a mental health helpline in Ireland. Phone: 1800 833 634. Website: https://www.ispcc.ie/teenline/. Topics covered: mental health.,https://www.ispcc.ie/teenline/,helplines_crisis,Ireland,1800 833 634,doc_0717,0
findahelpline.com,crisis,Helpline: Esker House Domestic Abuse Support Service,helpline,Esker House Domestic Abuse Support Service is a mental health helpline. Located in Ireland. Phone: 1800 662 288. Esker House Domestic Abuse Support Service is a mental health helpline in Ireland. Phone: 1800 662 288. Website: https://www.eskerhouse.ie/. Topics covered: mental health.,https://www.eskerhouse.ie/,helplines_crisis,Ireland,1800 662 288,doc_0718,0
findahelpline.com,crisis,Helpline: Men's Aid,helpline,Men's Aid is a mental health helpline. Located in Ireland. Phone: 01 554 3811. Men's Aid is a mental health helpline in Ireland. Phone: 01 554 3811. Website: http://www.mensaid.ie. Topics covered: mental health.,http://www.mensaid.ie,helplines_crisis,Ireland,01 554 3811,doc_0719,0
findahelpline.com,crisis,Helpline: Crime Victims Helpline,helpline,Crime Victims Helpline is a mental health helpline. Located in Ireland. Phone: 116 006. Crime Victims Helpline is a mental health helpline in Ireland. Phone: 116 006. Website: https://www.crimevictimshelpline.ie/. Topics covered: mental health.,https://www.crimevictimshelpline.ie/,helplines_crisis,Ireland,116 006,doc_0720,0
findahelpline.com,crisis,Helpline: Embrace FARM,helpline,Embrace FARM is a mental health helpline. Located in Ireland. Phone: (085) 770-9966. Embrace FARM is a mental health helpline in Ireland. Phone: (085) 770-9966. Website: https://embracefarm.com/. Topics covered: mental health.,https://embracefarm.com/,helplines_crisis,Ireland,(085) 770-9966,doc_0721,0
findahelpline.com,crisis,Helpline: The Alzheimer Society of Ireland's National Helpline,helpline,The Alzheimer Society of Ireland's National Helpline is a mental health helpline. Located in Ireland. Phone: 1800 341 341. The Alzheimer Society of Ireland's National Helpline is a mental health helpline in Ireland. Phone: 1800 341 341. Website: https://alzheimer.ie/. Topics covered: mental health.,https://alzheimer.ie/,helplines_crisis,Ireland,1800 341 341,doc_0722,0
findahelpline.com,crisis,Helpline: National Male Advice Line,helpline,National Male Advice Line is a mental health helpline. Located in Ireland. Phone: 1800 816 588. National Male Advice Line is a mental health helpline in Ireland. Phone: 1800 816 588. Website: https://mensnetwork.ie/. Topics covered: mental health.,https://mensnetwork.ie/,helplines_crisis,Ireland,1800 816 588,doc_0723,0
findahelpline.com,crisis,Helpline: Aware,helpline,Aware is a mental health helpline. Located in Ireland. Phone: 1800 80 48 48. Aware is a mental health helpline in Ireland. Phone: 1800 80 48 48. Website: https://www.aware.ie/. Topics covered: mental health.,https://www.aware.ie/,helplines_crisis,Ireland,1800 80 48 48,doc_0724,0
findahelpline.com,crisis,Helpline: Dunlewey Problem Gambling Helpline,helpline,Dunlewey Problem Gambling Helpline is a mental health helpline. Located in Ireland. Phone: 1800 936 725. Dunlewey Problem Gambling Helpline is a mental health helpline in Ireland. Phone: 1800 936 725. Website: https://dunlewey.org. Topics covered: mental health.,https://dunlewey.org,helplines_crisis,Ireland,1800 936 725,doc_0725,0
findahelpline.com,crisis,Helpline: An Garda Síochána,helpline,An Garda Síochána is a mental health helpline. Located in Ireland. Phone: . An Garda Síochána is a mental health helpline in Ireland. Website: https://www.garda.ie/. Topics covered: mental health.,https://www.garda.ie/,helplines_crisis,Ireland,,doc_0726,0
findahelpline.com,crisis,Helpline: Al-Anon Family Groups Helpline Eire,helpline,Al-Anon Family Groups Helpline Eire is a mental health helpline. Located in Ireland. Phone: 01 873 2699. Al-Anon Family Groups Helpline Eire is a mental health helpline in Ireland. Phone: 01 873 2699. Website: https://www.al-anonuk.org.uk. Topics covered: mental health.,https://www.al-anonuk.org.uk,helplines_crisis,Ireland,01 873 2699,doc_0727,0
findahelpline.com,crisis,Helpline: Bodywhys,helpline,Bodywhys is a mental health helpline. Located in Ireland. Phone: 012107906. Bodywhys is a mental health helpline in Ireland. Phone: 012107906. Website: https://www.bodywhys.ie/. Topics covered: mental health.,https://www.bodywhys.ie/,helplines_crisis,Ireland,012107906,doc_0728,0
findahelpline.com,crisis,Helpline: MS Ireland Information Line,helpline,MS Ireland Information Line is a mental health helpline. Located in Ireland. Phone: 0818 233 233. MS Ireland Information Line is a mental health helpline in Ireland. Phone: 0818 233 233. Website: https://www.ms-society.ie/. Topics covered: mental health.,https://www.ms-society.ie/,helplines_crisis,Ireland,0818 233 233,doc_0729,0
findahelpline.com,crisis,Helpline: The CARI Careline,helpline,The CARI Careline is a mental health helpline. Located in Ireland. Phone: 0818 924567. The CARI Careline is a mental health helpline in Ireland. Phone: 0818 924567. Website: https://www.cari.ie/. Topics covered: mental health.,https://www.cari.ie/,helplines_crisis,Ireland,0818 924567,doc_0730,0
findahelpline.com,crisis,Helpline: Ruhama,helpline,Ruhama is a mental health helpline. Located in Ireland. Phone: 1800 02 02 02. Ruhama is a mental health helpline in Ireland. Phone: 1800 02 02 02. Website: https://www.ruhama.ie/. Topics covered: mental health.,https://www.ruhama.ie/,helplines_crisis,Ireland,1800 02 02 02,doc_0731,0
findahelpline.com,crisis,Helpline: LGBT Ireland - National LGBT+ Helpline,helpline,LGBT Ireland - National LGBT+ Helpline is a mental health helpline. Located in Ireland. Phone: 1800 929 539. LGBT Ireland - National LGBT+ Helpline is a mental health helpline in Ireland. Phone: 1800 929 539. Website: https://lgbt.ie/. Topics covered: mental health.,https://lgbt.ie/,helplines_crisis,Ireland,1800 929 539,doc_0732,0
findahelpline.com,crisis,Helpline: Switchboard LGBTQIA+ Helpline,helpline,Switchboard LGBTQIA+ Helpline is a mental health helpline. Located in Ireland. Phone: 01 872 1055. Switchboard LGBTQIA+ Helpline is a mental health helpline in Ireland. Phone: 01 872 1055. Website: https://www.theswitchboard.ie/. Topics covered: mental health.,https://www.theswitchboard.ie/,helplines_crisis,Ireland,01 872 1055,doc_0733,0
findahelpline.com,crisis,Helpline: Connect Counselling & Support Service,helpline,Connect Counselling & Support Service is a mental health helpline. Located in Ireland. Phone: 1800 477 477. Connect Counselling & Support Service is a mental health helpline in Ireland. Phone: 1800 477 477. Website: https://connectcounselling.ie/. Topics covered: mental health.,https://connectcounselling.ie/,helplines_crisis,Ireland,1800 477 477,doc_0734,0
findahelpline.com,crisis,Helpline: Bereavement Support Line,helpline,Bereavement Support Line is a mental health helpline. Located in Ireland. Phone: 1800 80 70 77. Bereavement Support Line is a mental health helpline in Ireland. Phone: 1800 80 70 77. Website: https://hospicefoundation.ie/. Topics covered: mental health.,https://hospicefoundation.ie/,helplines_crisis,Ireland,1800 80 70 77,doc_0735,0
findahelpline.com,crisis,Helpline: HSE HIV and Sexual Health Helpline,helpline,HSE HIV and Sexual Health Helpline is a mental health helpline. Located in Ireland. Phone: 1800 459 459. HSE HIV and Sexual Health Helpline is a mental health helpline in Ireland. Phone: 1800 459 459. Website: https://www2.hse.ie/conditions/hiv/hiv-overview-and-symptoms/. Topics covered: mental health.,https://www2.hse.ie/conditions/hiv/hiv-overview-and-symptoms/,helplines_crisis,Ireland,1800 459 459,doc_0736,0
findahelpline.com,crisis,Helpline: HSE Drugs & Alcohol Helpline,helpline,HSE Drugs & Alcohol Helpline is a mental health helpline. Located in Ireland. Phone: 1800 459 459. HSE Drugs & Alcohol Helpline is a mental health helpline in Ireland. Phone: 1800 459 459. Website: https://www.drugs.ie/phone/. Topics covered: mental health.,https://www.drugs.ie/phone/,helplines_crisis,Ireland,1800 459 459,doc_0737,0
findahelpline.com,crisis,Helpline: LGBT Ireland - Transgender Family Support Line,helpline,LGBT Ireland - Transgender Family Support Line is a mental health helpline. Located in Ireland. Phone: 01 907 3707. LGBT Ireland - Transgender Family Support Line is a mental health helpline in Ireland. Phone: 01 907 3707. Website: https://lgbt.ie/our-services/. Topics covered: mental health.,https://lgbt.ie/our-services/,helplines_crisis,Ireland,01 907 3707,doc_0738,0
findahelpline.com,crisis,Helpline: Men’s Mental Health Support Line,helpline,Men’s Mental Health Support Line is a mental health helpline. Located in Ireland. Phone: 1800 577 577. Men’s Mental Health Support Line is a mental health helpline in Ireland. Phone: 1800 577 577. Website: https://connectcounselling.ie/. Topics covered: mental health.,https://connectcounselling.ie/,helplines_crisis,Ireland,1800 577 577,doc_0739,0
findahelpline.com,crisis,Helpline: ALONE,helpline,ALONE is a mental health helpline. Located in Ireland. Phone: 0818 222 024. ALONE is a mental health helpline in Ireland. Phone: 0818 222 024. Website: https://alone.ie/. Topics covered: mental health.,https://alone.ie/,helplines_crisis,Ireland,0818 222 024,doc_0740,0
findahelpline.com,crisis,Helpline: Barnardos Childrens Bereavement Helpline,helpline,Barnardos Childrens Bereavement Helpline is a mental health helpline. Located in Ireland. Phone: 01 473 2110. Barnardos Childrens Bereavement Helpline is a mental health helpline in Ireland. Phone: 01 473 2110. Website: https://barnardos.ie/who-we-are/contact-barnardos/. Topics covered: mental health.,https://barnardos.ie/who-we-are/contact-barnardos/,helplines_crisis,Ireland,01 473 2110,doc_0741,0
findahelpline.com,crisis,Helpline: Askonefamily Helpline,helpline,Askonefamily Helpline is a mental health helpline. Located in Ireland. Phone: 01 662 9212. Askonefamily Helpline is a mental health helpline in Ireland. Phone: 01 662 9212. Website: https://onefamily.ie/. Topics covered: mental health.,https://onefamily.ie/,helplines_crisis,Ireland,01 662 9212,doc_0742,0
findahelpline.com,crisis,Helpline: Parentline,helpline,Parentline is a mental health helpline. Located in Ireland. Phone: 018733500. Parentline is a mental health helpline in Ireland. Phone: 018733500. Website: https://www.parentline.ie/. Topics covered: mental health.,https://www.parentline.ie/,helplines_crisis,Ireland,018733500,doc_0743,0
findahelpline.com,crisis,Helpline: Barnardos Parent Supportline,helpline,Barnardos Parent Supportline is a mental health helpline. Located in Ireland. Phone: 1800 910 123. Barnardos Parent Supportline is a mental health helpline in Ireland. Phone: 1800 910 123. Website: https://www.barnardos.ie/. Topics covered: mental health.,https://www.barnardos.ie/,helplines_crisis,Ireland,1800 910 123,doc_0744,0
findahelpline.com,crisis,Helpline: Towards Healing,helpline,Towards Healing is a mental health helpline. Located in Ireland. Phone: 1800 303 416. Towards Healing is a mental health helpline in Ireland. Phone: 1800 303 416. Website: https://towardshealing.ie/. Topics covered: mental health.,https://towardshealing.ie/,helplines_crisis,Ireland,1800 303 416,doc_0745,0
findahelpline.com,crisis,Helpline: My Options,helpline,My Options is a mental health helpline. Located in Ireland. Phone: 1800 828 010. My Options is a mental health helpline in Ireland. Phone: 1800 828 010. Website: https://www2.hse.ie/services/unplanned-pregnancy/support-services/my-options-freephone/. Topics covered: mental health.,https://www2.hse.ie/services/unplanned-pregnancy/support-services/my-options-freephone/,helplines_crisis,Ireland,1800 828 010,doc_0746,0
findahelpline.com,crisis,Helpline: Jigsaw,helpline,Jigsaw is a mental health helpline. Located in Ireland. Phone: . Jigsaw is a mental health helpline in Ireland. Website: https://jigsaw.ie/talk-online/live-chat/. Topics covered: mental health.,https://jigsaw.ie/talk-online/live-chat/,helplines_crisis,Ireland,,doc_0747,0
findahelpline.com,crisis,Helpline: LifeLine South Africa,helpline,LifeLine South Africa is a mental health helpline. Located in South Africa. Phone: 0861-322-322. LifeLine South Africa is a mental health helpline in South Africa. Phone: 0861-322-322. Website: https://lifelinesa.co.za/. Topics covered: mental health.,https://lifelinesa.co.za/,helplines_crisis,South Africa,0861-322-322,doc_0748,0
findahelpline.com,crisis,Helpline: Childline South Africa,helpline,Childline South Africa is a mental health helpline. Located in South Africa. Phone: 116. Childline South Africa is a mental health helpline in South Africa. Phone: 116. Website: https://www.childlinesa.org.za. Topics covered: mental health.,https://www.childlinesa.org.za,helplines_crisis,South Africa,116,doc_0749,0
findahelpline.com,crisis,Helpline: LifeLine Johannesburg,helpline,LifeLine Johannesburg is a mental health helpline. Located in South Africa. Phone: 0861 322 322. LifeLine Johannesburg is a mental health helpline in South Africa. Phone: 0861 322 322. Website: https://www.lifelinejhb.org.za/. Topics covered: mental health.,https://www.lifelinejhb.org.za/,helplines_crisis,South Africa,0861 322 322,doc_0750,0
findahelpline.com,crisis,Helpline: Gender-Based Violence Command Centre helpline,helpline,Gender-Based Violence Command Centre helpline is a mental health helpline. Located in South Africa. Phone: 0800 428 428. Gender-Based Violence Command Centre helpline is a mental health helpline in South Africa. Phone: 0800 428 428. Website: https://gbv.org.za/. Topics covered: mental health.,https://gbv.org.za/,helplines_crisis,South Africa,0800 428 428,doc_0751,0
findahelpline.com,crisis,Helpline: Stop Gender Violence Helpline,helpline,Stop Gender Violence Helpline is a mental health helpline. Located in South Africa. Phone: 0800 150 150. Stop Gender Violence Helpline is a mental health helpline in South Africa. Phone: 0800 150 150. Website: https://lifelinesa.co.za/. Topics covered: mental health.,https://lifelinesa.co.za/,helplines_crisis,South Africa,0800 150 150,doc_0752,0
findahelpline.com,crisis,Helpline: Department of Social Development Substance Abuse Line 24hr helpline,helpline,Department of Social Development Substance Abuse Line 24hr helpline is a mental health helpline. Located in South Africa. Phone: 0800 12 13 14. Department of Social Development Substance Abuse Line 24hr helpline is a mental health helpline in South Africa. Phone: 0800 12 13 14. Website: https://www.sadag.org/. Topics covered: mental health.,https://www.sadag.org/,helplines_crisis,South Africa,0800 12 13 14,doc_0753,0
findahelpline.com,crisis,Helpline: Suicide Crisis Line,helpline,Suicide Crisis Line is a mental health helpline. Located in South Africa. Phone: 0800 567 567. Suicide Crisis Line is a mental health helpline in South Africa. Phone: 0800 567 567. Website: https://www.sadag.org/. Topics covered: mental health.,https://www.sadag.org/,helplines_crisis,South Africa,0800 567 567,doc_0754,0
findahelpline.com,crisis,Helpline: Netcare Akeso Crisis Line,helpline,Netcare Akeso Crisis Line is a mental health helpline. Located in South Africa. Phone: 0861 435 787. Netcare Akeso Crisis Line is a mental health helpline in South Africa. Phone: 0861 435 787. Website: https://www.akeso.co.za/. Topics covered: mental health.,https://www.akeso.co.za/,helplines_crisis,South Africa,0861 435 787,doc_0755,0
findahelpline.com,crisis,Helpline: Tears Foundation Hope Line,helpline,Tears Foundation Hope Line is a mental health helpline. Located in South Africa. Phone: 08000 83277. Tears Foundation Hope Line is a mental health helpline in South Africa. Phone: 08000 83277. Website: https://tears.co.za/. Topics covered: mental health.,https://tears.co.za/,helplines_crisis,South Africa,08000 83277,doc_0756,0
findahelpline.com,crisis,Helpline: National Aids Helpline,helpline,National Aids Helpline is a mental health helpline. Located in South Africa. Phone: 0800-012-322. National Aids Helpline is a mental health helpline in South Africa. Phone: 0800-012-322. Website: https://lifelinesa.co.za/. Topics covered: mental health.,https://lifelinesa.co.za/,helplines_crisis,South Africa,0800-012-322,doc_0757,0
findahelpline.com,crisis,Helpline: Alcoholics Anonymous South Africa,helpline,Alcoholics Anonymous South Africa is a mental health helpline. Located in South Africa. Phone: 0861 435 722. Alcoholics Anonymous South Africa is a mental health helpline in South Africa. Phone: 0861 435 722. Website: https://aasouthafrica.org.za/. Topics covered: mental health.,https://aasouthafrica.org.za/,helplines_crisis,South Africa,0861 435 722,doc_0758,0
findahelpline.com,crisis,Helpline: AL-ANON,helpline,AL-ANON is a mental health helpline. Located in South Africa. Phone: 0861 252 666. AL-ANON is a mental health helpline in South Africa. Phone: 0861 252 666. Website: https://www.alanon.org.za/. Topics covered: mental health.,https://www.alanon.org.za/,helplines_crisis,South Africa,0861 252 666,doc_0759,0
findahelpline.com,crisis,Helpline: Rape Crisis Cape Town Trust Helpline,helpline,Rape Crisis Cape Town Trust Helpline is a mental health helpline. Located in South Africa. Phone: 021-447-9762. Rape Crisis Cape Town Trust Helpline is a mental health helpline in South Africa. Phone: 021-447-9762. Website: https://rapecrisis.org.za/. Topics covered: mental health.,https://rapecrisis.org.za/,helplines_crisis,South Africa,021-447-9762,doc_0760,0
findahelpline.com,crisis,Helpline: National Shelter Movement of South Africa - Helpline,helpline,National Shelter Movement of South Africa - Helpline is a mental health helpline. Located in South Africa. Phone: 0800 001 005. National Shelter Movement of South Africa - Helpline is a mental health helpline in South Africa. Phone: 0800 001 005. Website: https://www.nsmsa.org.za/. Topics covered: mental health.,https://www.nsmsa.org.za/,helplines_crisis,South Africa,0800 001 005,doc_0761,0
findahelpline.com,crisis,Helpline: Triangle Project,helpline,Triangle Project is a mental health helpline. Located in South Africa. Phone: (021) 712-6699. Triangle Project is a mental health helpline in South Africa. Phone: (021) 712-6699. Website: https://triangle.org.za/. Topics covered: mental health.,https://triangle.org.za/,helplines_crisis,South Africa,(021) 712-6699,doc_0762,0
findahelpline.com,crisis,Helpline: Tafta Elder Abuse Line (TEAL),helpline,Tafta Elder Abuse Line (TEAL) is a mental health helpline. Located in South Africa. Phone: 0800 10 11 10. Tafta Elder Abuse Line (TEAL) is a mental health helpline in South Africa. Phone: 0800 10 11 10. Website: https://tafta.org.za/. Topics covered: mental health.,https://tafta.org.za/,helplines_crisis,South Africa,0800 10 11 10,doc_0763,0
findahelpline.com,crisis,Helpline: POWA Helpline,helpline,POWA Helpline is a mental health helpline. Located in South Africa. Phone: 011 642 4345. POWA Helpline is a mental health helpline in South Africa. Phone: 011 642 4345. Website: https://www.powa.co.za/. Topics covered: mental health.,https://www.powa.co.za/,helplines_crisis,South Africa,011 642 4345,doc_0764,0
findahelpline.com,crisis,Helpline: national mindline 1771,helpline,national mindline 1771 is a mental health helpline. Located in Singapore. Phone: 1771. national mindline 1771 is a mental health helpline in Singapore. Phone: 1771. Website: https://www.mindline.sg/get-help. Topics covered: mental health.,https://www.mindline.sg/get-help,helplines_crisis,Singapore,1771,doc_0765,0
findahelpline.com,crisis,Helpline: Samaritans of Singapore,helpline,Samaritans of Singapore is a mental health helpline. Located in Singapore. Phone: 1767. Samaritans of Singapore is a mental health helpline in Singapore. Phone: 1767. Website: https://www.sos.org.sg/our-services/. Topics covered: mental health.,https://www.sos.org.sg/our-services/,helplines_crisis,Singapore,1767,doc_0766,0
findahelpline.com,crisis,Helpline: Singapore Association for Mental Health (SAMH) Helpline,helpline,Singapore Association for Mental Health (SAMH) Helpline is a mental health helpline. Located in Singapore. Phone: 1800-283-7019. Singapore Association for Mental Health (SAMH) Helpline is a mental health helpline in Singapore. Phone: 1800-283-7019. Website: https://www.samhealth.org.sg/. Topics covered: mental health.,https://www.samhealth.org.sg/,helplines_crisis,Singapore,1800-283-7019,doc_0767,0
findahelpline.com,crisis,Helpline: Tinkle Friend,helpline,Tinkle Friend is a mental health helpline. Located in Singapore. Phone: 1800-2744-788. Tinkle Friend is a mental health helpline in Singapore. Phone: 1800-2744-788. Website: https://tinklefriend.sg/. Topics covered: mental health.,https://tinklefriend.sg/,helplines_crisis,Singapore,1800-2744-788,doc_0768,0
findahelpline.com,crisis,Helpline: National Problem Gambling Helpline,helpline,National Problem Gambling Helpline is a mental health helpline. Located in Singapore. Phone: 1-800-666-8668. National Problem Gambling Helpline is a mental health helpline in Singapore. Phone: 1-800-666-8668. Website: https://www.ncpg.org.sg/. Topics covered: mental health.,https://www.ncpg.org.sg/,helplines_crisis,Singapore,1-800-666-8668,doc_0769,0
findahelpline.com,crisis,Helpline: Sexual Assault Care Centre (SACC),helpline,Sexual Assault Care Centre (SACC) is a mental health helpline. Located in Singapore. Phone: 6779 0282. Sexual Assault Care Centre (SACC) is a mental health helpline in Singapore. Phone: 6779 0282. Website: https://sacc.aware.org.sg/. Topics covered: mental health.,https://sacc.aware.org.sg/,helplines_crisis,Singapore,6779 0282,doc_0770,0
findahelpline.com,crisis,Helpline: Women's Helpline,helpline,Women's Helpline is a mental health helpline. Located in Singapore. Phone: 1800 777 5555. Women's Helpline is a mental health helpline in Singapore. Phone: 1800 777 5555. Website: https://www.aware.org.sg/. Topics covered: mental health.,https://www.aware.org.sg/,helplines_crisis,Singapore,1800 777 5555,doc_0771,0
findahelpline.com,crisis,Helpline: NCMH Crisis Hotline,helpline,NCMH Crisis Hotline is a mental health helpline. Located in Philippines. Phone: 1800-1888-1553. NCMH Crisis Hotline is a mental health helpline in Philippines. Phone: 1800-1888-1553. Website: https://www.facebook.com/ncmhcrisishotline?mibextid=LQQJ4d. Topics covered: mental health.,https://www.facebook.com/ncmhcrisishotline?mibextid=LQQJ4d,helplines_crisis,Philippines,1800-1888-1553,doc_0772,0
findahelpline.com,crisis,Helpline: In Touch: Crisis Line,helpline,In Touch: Crisis Line is a mental health helpline. Located in Philippines. Phone: +63 2 8893 7603. In Touch: Crisis Line is a mental health helpline in Philippines. Phone: +63 2 8893 7603. Website: https://www.in-touch.org/. Topics covered: mental health.,https://www.in-touch.org/,helplines_crisis,Philippines,+63 2 8893 7603,doc_0773,0
findahelpline.com,crisis,Helpline: Tawag Paglaum - Centro Bisaya,helpline,Tawag Paglaum - Centro Bisaya is a mental health helpline. Located in Philippines. Phone: 0966-467-9626. Tawag Paglaum - Centro Bisaya is a mental health helpline in Philippines. Phone: 0966-467-9626. Website: https://www.facebook.com/profile.php?id=100068862624004. Topics covered: mental health.,https://www.facebook.com/profile.php?id=100068862624004,helplines_crisis,Philippines,0966-467-9626,doc_0774,0
findahelpline.com,crisis,Helpline: Bantay Bata Helpline 163,helpline,Bantay Bata Helpline 163 is a mental health helpline. Located in Philippines. Phone: . Bantay Bata Helpline 163 is a mental health helpline in Philippines. Website: https://www.abs-cbnfoundation.org/child-welfare/. Topics covered: mental health.,https://www.abs-cbnfoundation.org/child-welfare/,helplines_crisis,Philippines,,doc_0775,0
findahelpline.com,crisis,Helpline: HOPELINE,helpline,HOPELINE is a mental health helpline. Located in Philippines. Phone: (02) 8804-4673. HOPELINE is a mental health helpline in Philippines. Phone: (02) 8804-4673. Website: https://www.facebook.com/HopelinePH/. Topics covered: mental health.,https://www.facebook.com/HopelinePH/,helplines_crisis,Philippines,(02) 8804-4673,doc_0776,0
findahelpline.com,crisis,Helpline: Asido Foundation,helpline,Asido Foundation is a mental health helpline. Located in Nigeria. Phone: +2349028080416. Asido Foundation is a mental health helpline in Nigeria. Phone: +2349028080416. Website: https://asidofoundation.com/. Topics covered: mental health.,https://asidofoundation.com/,helplines_crisis,Nigeria,+2349028080416,doc_0777,0
findahelpline.com,crisis,Helpline: SURPIN Helpline Nigeria,helpline,SURPIN Helpline Nigeria is a mental health helpline. Located in Nigeria. Phone: 080 0078 7746. SURPIN Helpline Nigeria is a mental health helpline in Nigeria. Phone: 080 0078 7746. Website: https://www.surpinng.com/. Topics covered: mental health.,https://www.surpinng.com/,helplines_crisis,Nigeria,080 0078 7746,doc_0778,0
findahelpline.com,crisis,Helpline: Mentally Aware Nigeria Initiative (MANI),helpline,Mentally Aware Nigeria Initiative (MANI) is a mental health helpline. Located in Nigeria. Phone: (809) 111-6264. Mentally Aware Nigeria Initiative (MANI) is a mental health helpline in Nigeria. Phone: (809) 111-6264. Website: https://mentallyaware.org/contact/. Topics covered: mental health.,https://mentallyaware.org/contact/,helplines_crisis,Nigeria,(809) 111-6264,doc_0779,0
findahelpline.com,crisis,Helpline: Women Safe House Sustenance Initiative 24 Hour Crisis Helpline,helpline,Women Safe House Sustenance Initiative 24 Hour Crisis Helpline is a mental health helpline. Located in Nigeria. Phone: +2348121133399. Women Safe House Sustenance Initiative 24 Hour Crisis Helpline is a mental health helpline in Nigeria. Phone: +2348121133399. Website: https://www.womensafehouse.org. Topics covered: mental health.,https://www.womensafehouse.org,helplines_crisis,Nigeria,+2348121133399,doc_0780,0
findahelpline.com,crisis,Helpline: The Cece Yara 24 Hour Child Helpline,helpline,The Cece Yara 24 Hour Child Helpline is a mental health helpline. Located in Nigeria. Phone: 0800 800 8001. The Cece Yara 24 Hour Child Helpline is a mental health helpline in Nigeria. Phone: 0800 800 8001. Website: https://www.ceceyara.org/. Topics covered: mental health.,https://www.ceceyara.org/,helplines_crisis,Nigeria,0800 800 8001,doc_0781,0
findahelpline.com,crisis,Helpline: Women at Risk International Foundation (WARIF) Helpline,helpline,Women at Risk International Foundation (WARIF) Helpline is a mental health helpline. Located in Nigeria. Phone: (+234) 8009 210 0009. Women at Risk International Foundation (WARIF) Helpline is a mental health helpline in Nigeria. Phone: (+234) 8009 210 0009. Website: https://warifng.org/. Topics covered: mental health.,https://warifng.org/,helplines_crisis,Nigeria,(+234) 8009 210 0009,doc_0782,0
findahelpline.com,crisis,Helpline: Gamble Alert,helpline,Gamble Alert is a mental health helpline. Located in Nigeria. Phone: +234 916 295 7989. Gamble Alert is a mental health helpline in Nigeria. Phone: +234 916 295 7989. Website: https://gamblealert.org/. Topics covered: mental health.,https://gamblealert.org/,helplines_crisis,Nigeria,+234 916 295 7989,doc_0783,0
findahelpline.com,crisis,Helpline: MSI Nigeria Reproductive Choices,helpline,MSI Nigeria Reproductive Choices is a mental health helpline. Located in Nigeria. Phone: 0800 00 22252. MSI Nigeria Reproductive Choices is a mental health helpline in Nigeria. Phone: 0800 00 22252. Website: https://mariestopes.org.ng/. Topics covered: mental health.,https://mariestopes.org.ng/,helplines_crisis,Nigeria,0800 00 22252,doc_0784,0
findahelpline.com,crisis,Helpline: Rozan Counseling Helpline,helpline,Rozan Counseling Helpline is a mental health helpline. Located in Pakistan. Phone: 0304 111 1741. Rozan Counseling Helpline is a mental health helpline in Pakistan. Phone: 0304 111 1741. Topics covered: mental health.,https://findahelpline.com/countries/pk,helplines_crisis,Pakistan,0304 111 1741,doc_0785,0
findahelpline.com,crisis,Helpline: Bedari Helpline,helpline,Bedari Helpline is a mental health helpline. Located in Pakistan. Phone: 0300-5251717. Bedari Helpline is a mental health helpline in Pakistan. Phone: 0300-5251717. Website: https://bedari.org.pk/. Topics covered: mental health.,https://bedari.org.pk/,helplines_crisis,Pakistan,0300-5251717,doc_0786,0
findahelpline.com,crisis,Helpline: Bolo Helpline KPK,helpline,Bolo Helpline KPK is a mental health helpline. Located in Pakistan. Phone: 03361097123. Bolo Helpline KPK is a mental health helpline in Pakistan. Phone: 03361097123. Website: https://www.facebook.com/BolohelplineKp/. Topics covered: mental health.,https://www.facebook.com/BolohelplineKp/,helplines_crisis,Pakistan,03361097123,doc_0787,0
findahelpline.com,crisis,Helpline: Digital Security Helpline,helpline,Digital Security Helpline is a mental health helpline. Located in Pakistan. Phone: 0800-39393. Digital Security Helpline is a mental health helpline in Pakistan. Phone: 0800-39393. Website: https://digitalrightsfoundation.pk/. Topics covered: mental health.,https://digitalrightsfoundation.pk/,helplines_crisis,Pakistan,0800-39393,doc_0788,0
findahelpline.com,crisis,"Helpline: Child Helpline, Child Protection and Welfare Bureau",helpline,"Child Helpline, Child Protection and Welfare Bureau is a mental health helpline. Located in Pakistan. Phone: 1121. Child Helpline, Child Protection and Welfare Bureau is a mental health helpline in Pakistan. Phone: 1121. Website: https://www.facebook.com/cpwb.punjab.gov/. Topics covered: mental health.",https://www.facebook.com/cpwb.punjab.gov/,helplines_crisis,Pakistan,1121,doc_0789,0
findahelpline.com,crisis,Helpline: Kaan Pete Roi,helpline,Kaan Pete Roi is a mental health helpline. Located in Bangladesh. Phone: +880 9612-119911. Kaan Pete Roi is a mental health helpline in Bangladesh. Phone: +880 9612-119911. Website: https://www.facebook.com/kaan.pete.roi/. Topics covered: mental health.,https://www.facebook.com/kaan.pete.roi/,helplines_crisis,Bangladesh,+880 9612-119911,doc_0790,0
findahelpline.com,crisis,Helpline: Talk Hope,helpline,Talk Hope is a mental health helpline. Located in Bangladesh. Phone: +880 9638 881 888. Talk Hope is a mental health helpline in Bangladesh. Phone: +880 9638 881 888. Website: https://www.facebook.com/talkhope.bd. Topics covered: mental health.,https://www.facebook.com/talkhope.bd,helplines_crisis,Bangladesh,+880 9638 881 888,doc_0791,0
findahelpline.com,crisis,Helpline: Bangladesh Child Helpline 1098,helpline,Bangladesh Child Helpline 1098 is a mental health helpline. Located in Bangladesh. Phone: 1098. Bangladesh Child Helpline 1098 is a mental health helpline in Bangladesh. Phone: 1098. Website: https://dss.gov.bd/site/page/bb38e6c2-e1b6-4798-82d5-9e261a7ea89b. Topics covered: mental health.,https://dss.gov.bd/site/page/bb38e6c2-e1b6-4798-82d5-9e261a7ea89b,helplines_crisis,Bangladesh,1098,doc_0792,0
findahelpline.com,crisis,Helpline: Vent by Mindspace,helpline,Vent by Mindspace is a mental health helpline. Located in Bangladesh. Phone: +8809678678778. Vent by Mindspace is a mental health helpline in Bangladesh. Phone: +8809678678778. Website: https://www.mindspacebd.com/. Topics covered: mental health.,https://www.mindspacebd.com/,helplines_crisis,Bangladesh,+8809678678778,doc_0793,0
findahelpline.com,crisis,Helpline: Helpline for Victim of Violence,helpline,Helpline for Victim of Violence is a mental health helpline. Located in Bangladesh. Phone: 01717 363 647. Helpline for Victim of Violence is a mental health helpline in Bangladesh. Phone: 01717 363 647. Website: https://mahilaparishad.org/. Topics covered: mental health.,https://mahilaparishad.org/,helplines_crisis,Bangladesh,01717 363 647,doc_0794,0
findahelpline.com,crisis,Helpline: Befrienders Kenya,helpline,Befrienders Kenya is a mental health helpline. Located in Kenya. Phone: +254 722 178177. Befrienders Kenya is a mental health helpline in Kenya. Phone: +254 722 178177. Website: https://www.facebook.com/befrienderskenya/. Topics covered: mental health.,https://www.facebook.com/befrienderskenya/,helplines_crisis,Kenya,+254 722 178177,doc_0795,0
findahelpline.com,crisis,Helpline: National Child Helpline 116,helpline,National Child Helpline 116 is a mental health helpline. Located in Kenya. Phone: 116. National Child Helpline 116 is a mental health helpline in Kenya. Phone: 116. Website: https://www.childlinekenya.co.ke. Topics covered: mental health.,https://www.childlinekenya.co.ke,helplines_crisis,Kenya,116,doc_0796,0
findahelpline.com,crisis,Helpline: one2one 1190,helpline,one2one 1190 is a mental health helpline. Located in Kenya. Phone: 1190. one2one 1190 is a mental health helpline in Kenya. Phone: 1190. Website: https://www.one2onekenya.org. Topics covered: mental health.,https://www.one2onekenya.org,helplines_crisis,Kenya,1190,doc_0797,0
findahelpline.com,crisis,Helpline: Coalition on Violence Against Women (COVAW),helpline,Coalition on Violence Against Women (COVAW) is a mental health helpline. Located in Kenya. Phone: 0800 720 553. Coalition on Violence Against Women (COVAW) is a mental health helpline in Kenya. Phone: 0800 720 553. Website: https://covaw.or.ke/. Topics covered: mental health.,https://covaw.or.ke/,helplines_crisis,Kenya,0800 720 553,doc_0798,0
findahelpline.com,crisis,Helpline: NACADA Toll Free Helpline,helpline,NACADA Toll Free Helpline is a mental health helpline. Located in Kenya. Phone: 1192. NACADA Toll Free Helpline is a mental health helpline in Kenya. Phone: 1192. Website: https://nacada.go.ke/. Topics covered: mental health.,https://nacada.go.ke/,helplines_crisis,Kenya,1192,doc_0799,0
findahelpline.com,crisis,Helpline: Talian HEAL (Help with Empathy And Love) 15555,helpline,Talian HEAL (Help with Empathy And Love) 15555 is a mental health helpline. Located in Malaysia. Phone: 15555. Talian HEAL (Help with Empathy And Love) 15555 is a mental health helpline in Malaysia. Phone: 15555. Website: https://sites.google.com/moh.gov.my/ncemh/talian-sokongan-psikososial?authuser=0. Topics covered: mental health.,https://sites.google.com/moh.gov.my/ncemh/talian-sokongan-psikososial?authuser=0,helplines_crisis,Malaysia,15555,doc_0800,0
findahelpline.com,crisis,Helpline: Talian Kasih 15999 Hotline,helpline,Talian Kasih 15999 Hotline is a mental health helpline. Located in Malaysia. Phone: 15999. Talian Kasih 15999 Hotline is a mental health helpline in Malaysia. Phone: 15999. Website: https://www.kpwkm.gov.my/portal-main/article?id=talian-kasih. Topics covered: mental health.,https://www.kpwkm.gov.my/portal-main/article?id=talian-kasih,helplines_crisis,Malaysia,15999,doc_0801,0
findahelpline.com,crisis,Helpline: Befrienders Kuala Lumpur,helpline,Befrienders Kuala Lumpur is a mental health helpline. Located in Malaysia. Phone: 0376272929. Befrienders Kuala Lumpur is a mental health helpline in Malaysia. Phone: 0376272929. Website: https://www.befrienders.org.my/. Topics covered: mental health.,https://www.befrienders.org.my/,helplines_crisis,Malaysia,0376272929,doc_0802,0
findahelpline.com,crisis,Helpline: TINA,helpline,TINA is a mental health helpline. Located in Malaysia. Phone: 603-3000 8858. TINA is a mental health helpline in Malaysia. Phone: 603-3000 8858. Website: https://wao.org.my/. Topics covered: mental health.,https://wao.org.my/,helplines_crisis,Malaysia,603-3000 8858,doc_0803,0
findahelpline.com,crisis,Helpline: MIASA Crisis Helpline,helpline,MIASA Crisis Helpline is a mental health helpline. Located in Malaysia. Phone: 1-800-18-0066. MIASA Crisis Helpline is a mental health helpline in Malaysia. Phone: 1-800-18-0066. Website: https://www.facebook.com/miasamalaysia/. Topics covered: mental health.,https://www.facebook.com/miasamalaysia/,helplines_crisis,Malaysia,1-800-18-0066,doc_0804,0
findahelpline.com,crisis,Helpline: LEV8 Peer Support (chemsex & meth addiction),helpline,LEV8 Peer Support (chemsex & meth addiction) is a mental health helpline. Located in Malaysia. Phone: 0122309768. LEV8 Peer Support (chemsex & meth addiction) is a mental health helpline in Malaysia. Phone: 0122309768. Website: https://www.facebook.com/LEV8.MY. Topics covered: mental health.,https://www.facebook.com/LEV8.MY,helplines_crisis,Malaysia,0122309768,doc_0805,0
findahelpline.com,crisis,Helpline: Narcotics Anonymous Malaysia,helpline,Narcotics Anonymous Malaysia is a mental health helpline. Located in Malaysia. Phone: +60 11-1511 4022. Narcotics Anonymous Malaysia is a mental health helpline in Malaysia. Phone: +60 11-1511 4022. Website: https://www.namalaysia.my/. Topics covered: mental health.,https://www.namalaysia.my/,helplines_crisis,Malaysia,+60 11-1511 4022,doc_0806,0
findahelpline.com,crisis,Helpline: Pertubuhan Kebajikan Sneham Malaysia (Sneham Welfare Organisation Malaysia),helpline,Pertubuhan Kebajikan Sneham Malaysia (Sneham Welfare Organisation Malaysia) is a mental health helpline. Located in Malaysia. Phone: 1 800 22 5757. Pertubuhan Kebajikan Sneham Malaysia (Sneham Welfare Organisation Malaysia) is a mental health helpline in Malaysia. Phone: 1 800 22 5757. Website: https://www.facebook.com/snehammalaysia/. Topics covered: mental health.,https://www.facebook.com/snehammalaysia/,helplines_crisis,Malaysia,1 800 22 5757,doc_0807,0
findahelpline.com,crisis,Helpline: Life Line Association Malaysia,helpline,Life Line Association Malaysia is a mental health helpline. Located in Malaysia. Phone: 15995. Life Line Association Malaysia is a mental health helpline in Malaysia. Phone: 15995. Website: https://lifeline.org.my/7995/. Topics covered: mental health.,https://lifeline.org.my/7995/,helplines_crisis,Malaysia,15995,doc_0808,0
findahelpline.com,crisis,Helpline: PT Foundation's Peer Listening Helpline,helpline,PT Foundation's Peer Listening Helpline is a mental health helpline. Located in Malaysia. Phone: 03-27876005. PT Foundation's Peer Listening Helpline is a mental health helpline in Malaysia. Phone: 03-27876005. Website: https://www.facebook.com/ptfmalaysia/. Topics covered: mental health.,https://www.facebook.com/ptfmalaysia/,helplines_crisis,Malaysia,03-27876005,doc_0809,0
findahelpline.com,crisis,Helpline: Telenita Helpline,helpline,Telenita Helpline is a mental health helpline. Located in Malaysia. Phone: 016 237 4221. Telenita Helpline is a mental health helpline in Malaysia. Phone: 016 237 4221. Website: https://www.awam.org.my/. Topics covered: mental health.,https://www.awam.org.my/,helplines_crisis,Malaysia,016 237 4221,doc_0810,0
findahelpline.com,crisis,Helpline: Buddy Bear Helpline,helpline,Buddy Bear Helpline is a mental health helpline. Located in Malaysia. Phone: 1800182327. Buddy Bear Helpline is a mental health helpline in Malaysia. Phone: 1800182327. Website: https://www.humankind.my/buddybear-helpline. Topics covered: mental health.,https://www.humankind.my/buddybear-helpline,helplines_crisis,Malaysia,1800182327,doc_0811,0
findahelpline.com,crisis,Helpline: WCC Penang,helpline,WCC Penang is a mental health helpline. Located in Malaysia. Phone: 011-3108 4001. WCC Penang is a mental health helpline in Malaysia. Phone: 011-3108 4001. Website: https://www.wccpenang.org/. Topics covered: mental health.,https://www.wccpenang.org/,helplines_crisis,Malaysia,011-3108 4001,doc_0812,0
findahelpline.com,crisis,Helpline: Pusat Perkhidmatan Wanita (PPW),helpline,Pusat Perkhidmatan Wanita (PPW) is a mental health helpline. Located in Malaysia. Phone: 016-439 0698. Pusat Perkhidmatan Wanita (PPW) is a mental health helpline in Malaysia. Phone: 016-439 0698. Website: https://www.wccpenang.org/. Topics covered: mental health.,https://www.wccpenang.org/,helplines_crisis,Malaysia,016-439 0698,doc_0813,0
findahelpline.com,crisis,Helpline: Gem Helpline,helpline,Gem Helpline is a mental health helpline. Located in Malaysia. Phone: +60 11 2528 9610. Gem Helpline is a mental health helpline in Malaysia. Phone: +60 11 2528 9610. Website: https://www.facebook.com/Gem.Helpline/. Topics covered: mental health.,https://www.facebook.com/Gem.Helpline/,helplines_crisis,Malaysia,+60 11 2528 9610,doc_0814,0
Wikipedia,general,Mental health in India,condition_info,"Top left: The Union Health Minister Harsh Vardhan inspecting equipment used in treatment of mentally ill patients at National JALMA Institute in 2014. Top right: President Mukherjee awarding Chief Nursing Officer, NIMHANS. India has only 0.8 mental health nurses per 100000 people. Bottom left: President Kalam inaugurating a national seminar on the theme ""Mentally Ill Women – is Destitution the only Answer?"" in 2007. Bottom right: Indian Clinical Psychologist H. Narayan Murthy; former head of the department of Clinical psychology, NIMHANS Mental healthcare in India is a right secured to every person in the country by law.[1] Indian mental health legislation, as per a 2017 study, meets 68% (119/175) of the World Health Organization (WHO) standards laid down in the WHO Checklist of Mental Health Legislation.[2] However, human resources and expertise in the field of mental health in India is significantly low when compared to the population of the country.[3] The allocation of the national healthcare budget to mental health is also low, standing at 0.16%.[3][4] India's mental health policy was released in 2014.[5] The first Western-style mental healthcare institutions date back to the factories of the East India Company in the 17th century. Mental healthcare in colonial India and the years post-independence was custodial and segregationist. It slowly moved towards a more curative and therapeutic nature by the end of the 20th century. Public interest litigations and judicial intervention, followed by reviews and monitoring of the National Human Rights Commission and National Institute of Mental Health and Neurosciences, coupled with an expansion of facilities for developing human resources in the field of mental healthcare, among other changes, has all positively contributed to the state of mental health and healthcare in the country.",https://en.wikipedia.org/wiki/Mental_health_in_India,india_resources,,,doc_0815,0
Wikipedia,general,History,condition_info,"Modern psychiatry in the Indian subcontinent dates back to the factories of the East India Company in the 17th century. The first asylum was established in Bombay in 1745 and the second at Calcutta in 1784, both only for Europeans.[6][7] Dr LP Varma, First Assistant Superintendent, Indian Mental Hospital, Ranchi observed in 1953, ""The history of Psychiatry in this country is the history of establishment of mental hospitals and then increasing its accommodation from time to time as the exigencies of the time demand"".[8][9]",https://en.wikipedia.org/wiki/Mental_health_in_India,india_resources,,,doc_0816,0
Wikipedia,general,Moore Taylor's survey and Bhore Committee Report 1946,condition_info,"The Bhore Committee found that the position of mental health and mental healthcare in India was ""extremely unsatisfactory"".[10] Colonel Moore Taylor, I.M.S., Medical Superintendent, Ranchi European Mental Hospital, reviewed all the major mental health hospitals in the country, the findings of which were presented in the Bhore Committee Report. Colonel Taylor noted that ""Every mental hospital which I have visited is disgracefully under-staffed"" as well as run by unqualified staff, lacking experience and training.[10] However in certain cases such as the Child Guidance Clinic of the Sir Dorabji Tata Institute of Social Sciences, Col Taylor commented that he was ""greatly impressed by the work"".[11]",https://en.wikipedia.org/wiki/Mental_health_in_India,india_resources,,,doc_0817,0
Wikipedia,general,PILs and judicial intervention,condition_info,"1980s onwards, public interest litigations (PILs) in India have been successful in bringing forward ""horror tales of insane prisoners"", ""mental hospital (used as) dumping ground(s) for (the) unwanted"" and the ""callous conditions (that) plague (the) dustbins of society"".[12] PILs have resulted in courts to investigate the dismal workings of mental institutions such as the government run Shahdara Mental Hospital (BR Kapoor vs. Union of India 1983 and People's Union for Civil Liberties vs. Union of India 1983) and Trivandrum Mental Home resulting in substantial improvements.[13][14] One of the first cases in this regard was Upendra Baxi vs. State of UP in 1983 concerning the human rights of the inmates of a Protective Home[a] at Agra.[15][14] PILs subsequently raised issues concerning mentally ill prisoners (Veena Sethi vs. State of Bihar 1982) and the detention of those with intellectual disability (Sheila Barse and others vs. Union of India and Ors 1986).[14] In 1988, in the case of Rakesh Chandra Narayan v. State of Bihar, the petitioners wrote a letter to the Supreme Court in 1985 regarding the dismal working of a mental hospital in Ranchi, Bihar.[16] Following a court initiated review of the mental hospital by the Chief Judicial Magistrate as well as a later review by the Union Health Secretary, M.S. Dayal, the court held that the mental hospital resembled a ""medieval torture house"" and that a complete renovation was needed.[16] The services of a psychiatrist were acknowledged by the Supreme Court.[17] This kind of judicial intervention has resulted in changes in the conditions of mental hospitals which have been brought before the court. Further, the Supreme Court decided to ""keep the case(s) alive on its files so that the improvements which have emanated due to interest and supervision of the court are not wiped out once it withdraws its scrutiny"".[18] However, while the courts gave direction to improve mental hospitals, it did not pronounce judgement on the laws that were in contradiction to the efforts of the courts, such as the Lunacy Act 1912.[19] In November 1997, in response to the PILs the Supreme Court directed the National Human Rights Commission (NHRC) to monitor specific mental hospitals across the country.[14]",https://en.wikipedia.org/wiki/Mental_health_in_India,india_resources,,,doc_0818,0
Wikipedia,general,"NHRC review in 1999, 2008 and 2013",condition_info,"Apart from the supervision of three mental hospitals across the country the NHRC supported an initiative on ""Quality Assurance in Mental Health"" undertaken by the National Institute of Mental Health and Neurosciences (NIMHANS) between 1997 and 1999.[14] This landmark report involved ""37 government psychiatric institutions, 7 private psychiatric institutions, and 23 general psychiatric units"" across the country.[14] The report revealed glaring deficiencies and violations. 7 hospitals were rated very poor, 8 poor, 11 average and 6 good.[14] The hospitals in the good category had adequate basic living conditions, but were nevertheless lacking in terms of service quality.[20] ""Overall, mental health care in the mental hospitals was custodial rather than therapeutic"".[20] Pratima Murthy from NIMHANS writes that the report was a landmark in ""highlighting the state of mental health services in India. However, the report, like many others before it may have disappeared into oblivion, had it not been for the Erwadi tragedy"".[14] In 2008 a follow-up review was conducted of government run hospitals.[21] Overall, the report found that immense changes had been made in the last decade.[22] Positive changes included improved infrastructure, improvements in diet, greater integration of community activities and improved budgetary allocations. The positive changes were attributed to separate budgets for hospitals, monitoring by agencies such as NHRC, involvement of the leadership and raising awareness of the families related to patient care.[22] Poor progress had been made in the area of human resources including lack of adequately qualified staff and lack of post graduate training. This poor progress was attributed to various reasons such as social isolation of the institutions, large bed strengths and lack of state government involvement in areas such as release of funds and supporting change.[22] In 2013, the court formed another team to review the overall situation of mental healthcare in the country.[23][14] Observations from this included lack of information related to mental health and mental healthcare in many regions of the country, a bed ratio well below the global ratio and that there are more than 325 NGOs in the mental healthcare among other things.[14]",https://en.wikipedia.org/wiki/Mental_health_in_India,india_resources,,,doc_0819,0
Wikipedia,general,National Mental Health Programme,condition_info,"The National Mental Health Programme (NMHP) was initiated in 1982,[24] aimed at developing community based mental health services.[7][25] NMHP was operationalised in 1996 as the District Mental Health Program (DMHP) based on a pilot programme, later known as the 'Bellary Model', that had been conducted in 1980 in the district of Bellary, Karnataka.[25][26] Since its inception, the scope of the NMHP has increased, visible in the increase in its budgetary from ₹28 crore (equivalent to ₹143 crore or US$15 million in 2023) during the 9th Five-Year Plan (1997–2002) to ₹1,000 crore (equivalent to ₹30 billion or US$310 million in 2023) during the 11th Five Year Plan (2007–2012).[25] The aim was that DMHP would cover all the districts by 2025. By 2015, DMHP was present in 27% of the districts.[14] An objective of the NMHP is to integrate knowledge of mental healthcare with general healthcare.[24][27] At the first Global Ministerial Conference on Healthy Lifestyles and Noncommunicable Diseases, organised by the WHO and the Government of Russia in 2011 and attended by 162 countries,[28] following India's insistence, mental health was included in the list of noncommunicable diseases.[29][14]",https://en.wikipedia.org/wiki/Mental_health_in_India,india_resources,,,doc_0820,0
Wikipedia,general,Timeline,condition_info,"Moore Taylor's survey and Bhore Committee report 1946 Medical superintendents workshops at Agra (1960), Ranchi (1986), Bangalore (1988) and New Delhi (1990) District Mental Health Program (DMHP) under NMHP in 1996[33] Erwadi fire incident 2001 and following DGHS report Tele MANAS (Tele Mental Health Assistance And Networking Across States) 2022[35]",https://en.wikipedia.org/wiki/Mental_health_in_India,india_resources,,,doc_0821,0
Wikipedia,general,Lunacy legislation,condition_info,"Lunacy legislation in British India included the Lunatic Removal Act 1851, the Indian Lunatic Asylum Act 1858, the Military Lunatic Act 1877, and a bunch of others related to lunacy along with their amendments.[36] The first law to govern mental health in India was the Indian Lunacy Act 1912,[36] which itself drew heavily from the English Lunatics Act 1845.[37] The Indian Psychiatric Society suggested a draft in 1950, however it was only given assent by the President in May 1987, and implemented in 1993 as the Mental Health Act 1987. Criticism of the Mental Health Act 1987 led to the Mental Health Care Bill 2013, which was finally passed as the Mental Healthcare Act, 2017.[36]",https://en.wikipedia.org/wiki/Mental_health_in_India,india_resources,,,doc_0822,0
Wikipedia,general,Right to mental healthcare,condition_info,"India made efforts to align its disability and mental health laws with the UN Convention on the Rights of Persons with Disabilities, visible in the passage of the Rights of Persons with Disabilities Act, 2016 and the Mental Healthcare Act, 2017.[38] The Mental Healthcare Act states the rights of persons with mental illness, including the right to mental healthcare. Section 18 states that ""Every person shall have a right to access mental healthcare and treatment from mental health services run or funded by the appropriate Government"" and that ""the right to access mental healthcare and treatment shall mean mental health services of affordable cost, of good quality, available in sufficient quantity, accessible geographically, without discrimination on the basis of gender, sex, sexual orientation, religion, culture, caste, social or political beliefs, class, disability or any other basis and provided in a manner that is acceptable to persons with mental illness and their families and care-givers.""[1] The Mental Healthcare Act addresses 96/175 (55.4%) of the WHO Checklist of Mental Health Legislation,[39] the concordance increases to 68% when other relevant laws are considered. Low concordance areas include the rights of careers, competence and involuntary community treatment.[40]",https://en.wikipedia.org/wiki/Mental_health_in_India,india_resources,,,doc_0823,0
Wikipedia,general,Insurance to mental healthcare,condition_info,"Section 21(4)A of the Mental Healthcare Act, 2017, provides that there should be no discrimination between mental illnesses and physical illness, and that every insurer shall make provision for medical insurance for treatment of mental illness on the same basis as is available for treatment of physical illness. However, the majority of insurance companies exclude large number of mental conditions from full coverage of the policy.[41]",https://en.wikipedia.org/wiki/Mental_health_in_India,india_resources,,,doc_0824,0
Wikipedia,general,Mental health workforce,condition_info,"Top left: The Union Health Minister Sushma Swaraj inaugurates the Conference of the National Federation for Mentally ill in 2004. Top right: Prime Minister Modi being welcomed on his arrival at the 19th convocation ceremony of NIMHANS in 2015. Per 100,000 population, India has 0.3 psychiatrists, 0.12 nurses, 0.07 psychologists and 0.07 social workers.[42] As of 2019, there are ""0.3 psychiatrists per 100000 people in India compared to 2.2 in China and 10.5 in the United States"" and ""0.8 mental health nurses per 100000 people in India compared to 5.4 in China and 4.3 in US"".[3] In 2007, the Indian Psychiatric Society had 3000 registered psychiatrists on its rolls.[43] In 2020, the society had over 7200 specialists enlisted.[44] Mental health professionals such as psychiatrists acquire their qualification following completing an MD in Psychiatry, a Diploma in Psychiatric Medicine (DPM) or Diplomate of National Board (DNB) in Psychiatry; following an MBBS from a Medical Council of India center. MCI recognition is a statutory requirement.[45] Combining these three methods of obtaining the required qualification, as of 2008, 250 psychiatrists are generated each year.[45]",https://en.wikipedia.org/wiki/Mental_health_in_India,india_resources,,,doc_0825,0
Wikipedia,general,Mental hospitals in India,condition_info,"47 mental hospitals in the country account for a large proportion (18,307) of the total mental health beds available in the country.[14] Mental hospitals in India include:[46] Lokopriya Gopinath Bordoloi Regional Institute of Mental Health (LGBRIMH) Tezpur, 1876 Ranchi Institute of Neuropsychiatry and Allied Sciences (RINPAS) Ranchi, 1925 Institute of Human Behaviour and Allied Sciences (IHBAS) Delhi, 1966 National Institute of Mental Health and Neurosciences (NIMHANS) Bangalore, 1925[47]",https://en.wikipedia.org/wiki/Mental_health_in_India,india_resources,,,doc_0826,0
Wikipedia,general,Mental Health Campaign In India,condition_info,"The Ministry of Health and Family Welfare conducts mental health campaign every year for a few days.[48] The Live Love Laugh Foundation started DobaraPoocho Campaign. Psychologs magazine started India's largest mental health campaign, ""Utsaah"" where more than one lakh people participate yearly.[49]",https://en.wikipedia.org/wiki/Mental_health_in_India,india_resources,,,doc_0827,0
Wikipedia,general,Prevalence,condition_info,"The National Mental Health Survey of India in 2016 found that ""1 in 20 people in India suffer from depression"", ""productive age groups are affected most"", ""economic burden of mental disorders is huge"" and that the treatment gap varies between 70% and 92%.[3] Two different meta-analysis in 1998 and 2000 reported a psychiatric morbidity of 58.2 and 73 per 1000 general population respectively.[50] The burden of mental health problems in India is estimated to be 2,443 DALYs (disability-adjusted life years) per 100,000 population.[42] According to a study published in Lancet in 2019, ""One in seven Indians were affected by mental disorders of varying severity in 2017 [...] Substantial variations exist between states in the burden from different mental disorders and in their trends over time.""[51] India reported that a total of 296,438 Indian farmers committing suicide between 1995 and 2015.[52] The Indian Armed Forces lose 100 soldiers every year due to suicides and fratricides.[53][54] In 2020 more business people committed suicide than farmers.[55]",https://en.wikipedia.org/wiki/Mental_health_in_India,india_resources,,,doc_0828,0
Wikipedia,general,Awareness and portrayal,condition_info,"In the run up to the 2019 Indian general election, the Indian Psychiatry Society asked politicians not to use the word 'mental' or similar terms such as ""mental instability"", ""mad"" or ""send them to a mental hospital"" when talking about their opponents, and informed the Election Commission of India of the same.[61] Mental illness is portrayed in most of Indian cinema with excessive dramatization, minimal sensitivity or scientific credibility, to the extent that psychiatric treatments become tools of punishment and causes of insanity— Funtoosh, Pagla Kahin Ka, Sholay, Khal Nayak, Baazigar, Kaun?,[62] Anjaana Anjaani and No Entry.[63] On the other hand, films such as Tamasha and Taare Zameen Par stand out in this context.[64][65][66] The portrayal of depression is also lacking of scientific temper.[67] Developing scientific temper among the citizens is a fundamental duty prescribed in Article 51A(h) of the Indian Constitution.[66] During a study conducted in 2022 in India, it was observed that around 32% of the patients initially sought assistance from general medical practitioners, followed by consultations with psychiatrists and faith healers. The study also revealed an average delay of 24 months before patients accessed psychiatric services.[68]",https://en.wikipedia.org/wiki/Mental_health_in_India,india_resources,,,doc_0829,0
Wikipedia,general,Further reading,condition_info,"Patel, Vikram (2003). Where There is No Psychiatrist: A Mental Health Care Manual. RCPsych Publications. ISBN 9781901242751. Jain, Sanjeev; Sarin, Alok, eds. (2018). The Psychological Impact of the Partition of India. SAGE Publishing India. ISBN 9789352806515. Patel, Vikram; Thara, R, eds. (2003). Meeting the Mental Health Needs of Developing Countries: NGO Innovations in India. SAGE Publications India. ISBN 9788132103721. Srivastava, Kalpana; Chatterjee, Kaushik; Bhat, Pookala Shivaram (July–December 2016). ""Mental health awareness: The Indian scenario"". Industrial Psychiatry Journal. 25 (2): 131–134. doi:10.4103/ipj.ipj_45_17. PMC 5479084. PMID 28659690. Ganguli, H.C. (2000). ""Epidemiological Findings on Prevalence of Mental Disorders in India"". Indian Journal of Psychiatry. 41 (1): 14–20. PMC 2956997. PMID 21407903. Desai, Miraj U.; Divan, Gauri; Wertz, Frederick J.; Patel, Vikram (2012). ""The discovery of autism: Indian parents' experiences of caring for their child with an autism spectrum disorder"". Transcultural Psychiatry. 49 (3–4): 613–637. doi:10.1177/1363461512447139. ISSN 1363-4615. PMC 3472559. PMID 22722980. ""New Pathways New Hope. National Mental Health Policy of India"" (PDF). National Health Mission. Ministry of Health and Family Welfare. Government of India. October 2014. Retrieved 7 December 2012. Minutes of National Level Review Meeting on Mental Health at India International Centre. (PDF), New Delhi: National Human Rights Commission, 7 August 2019 Mental Health Act 2017. (PDF), New Delhi: Ministry of Law and Justice, 7 April 2017 Mental Health Atlas 2017. World Health Organization. 2018. ISBN 9789241514019. Mental Health Action Plan 2013-2020 (PDF), World Health Organization, 2013, ISBN 9789241506021 Ministry of Health Ayushman Bharat Yojana NACO National Health Mission National Centre for Disease Control Integrated Disease Surveillance Programme Indian Council of Medical Research National Institute of Cholera and Enteric Diseases National Institute of Epidemiology National Institute of Virology Viral Research and Diagnostic Laboratories Council of Scientific and Industrial Research Central Drug Research Institute Centre for Cellular and Molecular Biology Indian Institute of Chemical Biology Indian Institute of Chemical Technology Indian Institute of Integrative Medicine Institute of Microbial Technology Institute of Genomics and Integrative Biology National Chemical Laboratory National Accreditation Board for Testing and Calibration Laboratories Cholera pandemics First Second Third Fourth Fifth Sixth Vidyasagar Institute of Mental Health and Neuro and Allied Sciences Journal of Indian Association for Child and Adolescent Mental Health Pages using multiple image with auto scaled images",https://en.wikipedia.org/wiki/Mental_health_in_India,india_resources,,,doc_0830,0
Snehi India,general,Get this domain,helpline_info,"Own it today for $1,500, or select Lease to Own or make an offer. No matter what kind of domain you want to buy or lease, we make the transfer simple and safe.",https://www.snehi.org,india_resources,,,doc_0831,0
MHA India,general,What We Do,condition_info,"Awareness System We aim to develope the system that help people constant and maintain awareness of each others activities, context or status related to mental health and hygiene even if the participants are not co-located. We aim to develope the system that help people constant and maintain awareness of each others activities, context or status related to mental health and hygiene even if the participants are not co-located. Technology System Develope a system,where technolgy will help to maintain progress,or develope statistics in the field mental health. promote latest technology in the field of disability rehabilitation or mental health. Develope a system,where technolgy will help to maintain progress,or develope statistics in the field mental health. promote latest technology in the field of disability rehabilitation or mental health. Health System Our mission is to create a society in which everyone have equal opportunities to take quality mental healthcare and make them aware about their right to take quality health care. Our mission is to create a society in which everyone have equal opportunities to take quality mental healthcare and make them aware about their right to take quality health care. Education System We work with schools and colleges to integrate psychology to help them to develope more effective educational and learning programs. Our primary focus is on psychoeducation and sex-education to develope more healthy environment. We work with schools and colleges to integrate psychology to help them to develope more effective educational and learning programs. Our primary focus is on psychoeducation and sex-education to develope more healthy environment. Awareness System We aim to develope the system that help people constant and maintain awareness of each others activities, context or status related to mental health and hygiene even if the participants are not co-located. We aim to develope the system that help people constant and maintain awareness of each others activities, context or status related to mental health and hygiene even if the participants are not co-located. Technology System Develope a system,where technolgy will help to maintain progress,or develope statistics in the field mental health. promote latest technology in the field of disability rehabilitation or mental health. Develope a system,where technolgy will help to maintain progress,or develope statistics in the field mental health. promote latest technology in the field of disability rehabilitation or mental health. Health System Our mission is to create a society in which everyone have equal opportunities to take quality",https://www.mentalhealthindia.net,india_resources,,,doc_0832,0
MHA India,general,Our Awareness CAMPAIGN,condition_info,"4 June Announcing the launch of our new website 5.30 PM Live on all the social media of MHI from Malviya Road Dehradun,UK, India. ....",https://www.mentalhealthindia.net,india_resources,,,doc_0833,0
MHA India,general,4,condition_info,"Live on all the social media of MHI from Malviya Road Dehradun,UK, India. Celebrating Mental Health India Day 11:00 am Live on all the social media of MHI from Malviya Road Dehradun,UK, India. .... 7 June Live on all the social media of MHI from Malviya Road Dehradun,UK, India.",https://www.mentalhealthindia.net,india_resources,,,doc_0834,0
MHA India,general,Latest Blog Post,condition_info,"COVID19 The right time for the big changes! 12+ 33+ Founder Mindfulness Find your true happiness, it lies in your mind. 12+ 33+ Founder Seasonal Depression Have you ever felt depressed when a season comes or goes? 12+ 33+ Founder",https://www.mentalhealthindia.net,india_resources,,,doc_0835,0
MHA India,general,What poeple Say About us,condition_info,"It tapped into this very real need by formalizing its role in connecting people with the help they need, ultimately growing its community. Well presented and informative. Visual explanations are very useful. I have a much better understanding of mental health issues and how people are affected. It will be useful to me coping with a fast-paced working environment and different people in life. Well presented, informative, and fun. It is a very important requirement and very few forums, all the platforms of MHI are as simple and effective. It is very professional and sincere commitment. I recommend it to all the people who have the slightest bit of confusion. A good and very helpful site I ever visited which helps me alot about my doubts and the problems I faced and find all the relevant information. I have taken the counseling service.. they helped me clearing my doubts. The experts are so good with their work.",https://www.mentalhealthindia.net,india_resources,,,doc_0836,0
Live Love Laugh,crisis,overview,helpline_info,Find Help Helplines Find a Professional Self-Help Techniques Initiatives Ongoing Initiatives Rural Program Corporate Program Research Lecture Series Campaigns Past Initiatives School Program Doctors Program Counselling Assist Ongoing Initiatives Rural Program Corporate Program Research Lecture Series Campaigns Past Initiatives School Program Doctors Program Counselling Assist Impact Impact Over The Years Stories of Hope Share Your Story Awards & Recognitions Media Press Releases Coverage Image Gallery Video Gallery Newsletter Social Media Annual Reports External References,https://www.thelivelovelaughfoundation.org/find-help/helplines,india_resources,,,doc_0837,0
Live Love Laugh,crisis,"Helpline numbers for Stress, Anxiety, Depression",helpline_info,"Disclaimer: The Live Love Laugh Foundation (“TLLLF”) is not in the business of providing counselling services and does not own, operate or control the helpline numbers listed on the website. The helpline numbers are listed for referral purposes only, and TLLLF does not make any recommendations or guarantees regarding the quality of response and medical advice you might receive from any of the helplines. TLLLF does not endorse these helplines and makes no representations, warranties or guarantees as to, and assumes no responsibility for, the services provided by these entities. TLLLF disclaims all liability for damages of any kind arising out of calls made to these helpline numbers. Cyrus & Priya Vandrevala Foundation is a non-profit organisation that aims to provide significant funding and aid contributions for those suffering from mental health problems and illnesses in Indi... Languages: English, हिंदी, ગુજરતી, বাংলা, ಕನ್ನಡ, தமிழ், తెలుగు, മലയാളം, ଓଡ଼ିଆ, मराठी, ತುಳು Tele-MANAS is a Government of India initiative, providing a 24/7 free mental health support service . Available in English & 20 other regional languages, it connects you with trained counselors for... Languages: অসমীয়া, বাংলা, English, ગુજરાતી, हिंदी, ಕನ್ನಡ, മലയാളം, मराठी, नेपाली, ਪੰਜਾਬੀ, سنڌي/सिन्धी, தமிழ், తెలుగు, اردو. The Mpower Minds Helpline is a mental health service dedicated to providing free, confidential support to individuals experiencing psychological distress. Available 24/7, the helpline connects call... Time: 24 hours | 7 days a week Free,confidential helpline is answered by professionally trained volunteers. So, whatever your concerns are, you can be rest assured that you will receive non-judgmental and non-critical listening.... Jeevan Aastha Helpline is a mental health support helpline aimed at providing immediate emotional assistance to individuals experiencing psychological distress. Launched in response to the rising n... The helpline is open to all. It runs 24x7 and ensures crisis intervention by expert psychologists from Fortis Healthcare. Time: 24 hours | 7 days a week Languages: অসমীয়া, বাংলা , English, ગુજરાતી , हिंदी , ಕನ್ನಡ, कोंकणी, मराठी, മലയാളം, ਪੰਜਾਬੀ , தமிழ், తెలుగు, اُردُو , राजस्थानी and Achiku 1Life is a non-profit organization committed to suicide prevention through the support of experienced mental health professionals and trained tele-counselors. Recognizing the alarming rise in suici... Time: 5am to 12 am|7 days a week Languages: हिंदी, English, తెలుగు, தமிழ், ಕನ್ನಡ, മലയാളം, ગુજરાતી, मराठी, ਪੰਜਾਬੀ, سنڌي, भोजपुरी and বাংলা Voice That Cares (VTC) is a PAN India free public helpline that provides psychological first aid counselling support to individuals for",https://www.thelivelovelaughfoundation.org/find-help/helplines,india_resources,,,doc_0838,0
