source,condition_tag,section,resource_type,content,url,collection,country,phone
findahelpline.com,crisis,Helpline: Tele MANAS,helpline,Tele MANAS is a mental health helpline in India. Phone: 14416. Website: https://telemanas.mohfw.gov.in/home. Topics covered: mental health.,https://telemanas.mohfw.gov.in/home,helplines_crisis,India,14416
findahelpline.com,crisis,Helpline: Aasra / आसरा,helpline,Aasra / आसरा is a mental health helpline in India. Phone: 91-9820466726. Website: http://www.aasra.info/. Topics covered: mental health.,http://www.aasra.info/,helplines_crisis,India,91-9820466726
findahelpline.com,crisis,Helpline: NCW 24x7 Helpline | एनसीडब्ल्यू 24x7 हेल्पलाइन,helpline,NCW 24x7 Helpline | एनसीडब्ल्यू 24x7 हेल्पलाइन is a mental health helpline in India. Phone: 7827-170-170. Topics covered: mental health.,https://findahelpline.com/countries/in,helplines_crisis,India,7827-170-170
findahelpline.com,crisis,Helpline: Vandrevala Foundation crisis intervention helpline,helpline,Vandrevala Foundation crisis intervention helpline is a mental health helpline in India. Phone: +91 9999 666 555. Website: https://www.vandrevalafoundation.com/free-counseling. Topics covered: mental health.,https://www.vandrevalafoundation.com/free-counseling,helplines_crisis,India,+91 9999 666 555
findahelpline.com,crisis,"Helpline: Snehi Helpline, Crisis Intervention Tele Counselling Support",helpline,"Snehi Helpline, Crisis Intervention Tele Counselling Support is a mental health helpline in India. Phone: +919582208181. Website: https://www.snehi.org.in/. Topics covered: mental health.",https://www.snehi.org.in/,helplines_crisis,India,+919582208181
findahelpline.com,crisis,Helpline: Jeevan Aastha Helpline,helpline,Jeevan Aastha Helpline is a mental health helpline in India. Phone: 1800 233 3330. Website: https://www.jeevanaastha.com/. Topics covered: mental health.,https://www.jeevanaastha.com/,helplines_crisis,India,1800 233 3330
findahelpline.com,crisis,"Helpline: 1 Life, Crisis Support, Suicide Prevention",helpline,"1 Life, Crisis Support, Suicide Prevention is a mental health helpline in India. Phone: 78930-78930. Website: https://1life.org.in/. Topics covered: mental health.",https://1life.org.in/,helplines_crisis,India,78930-78930
findahelpline.com,crisis,Helpline: 24x7 Helpline for SGBV Survivors,helpline,24x7 Helpline for SGBV Survivors is a mental health helpline in India. Phone: +917838957810. Website: https://shaktishalini.org/. Topics covered: mental health.,https://shaktishalini.org/,helplines_crisis,India,+917838957810
findahelpline.com,crisis,Helpline: Aks Foundation,helpline,Aks Foundation is a mental health helpline in India. Phone: +91 8793 088 814. Website: https://aksfoundation.org/. Topics covered: mental health.,https://aksfoundation.org/,helplines_crisis,India,+91 8793 088 814
findahelpline.com,crisis,"Helpline: Dhwani- National domestic violence helpline, International Foundation for Crime Prevention and Victim Care (PCVC)",helpline,"Dhwani- National domestic violence helpline, International Foundation for Crime Prevention and Victim Care (PCVC) is a mental health helpline in India. Phone: 9840888882. Website: https://www.pcvconline.org/. Topics covered: mental health.",https://www.pcvconline.org/,helplines_crisis,India,9840888882
findahelpline.com,crisis,Helpline: The Humsafar Helpline,helpline,The Humsafar Helpline is a mental health helpline in India. Phone: 9892940966. Website: https://humsafar.org/. Topics covered: mental health.,https://humsafar.org/,helplines_crisis,India,9892940966
findahelpline.com,crisis,Helpline: Snehadhar Women's Helpline,helpline,Snehadhar Women's Helpline is a mental health helpline in India. Phone: +91 0241 234 0444. Website: https://www.snehalaya.org/snehadhar. Topics covered: mental health.,https://www.snehalaya.org/snehadhar,helplines_crisis,India,+91 0241 234 0444
findahelpline.com,crisis,Helpline: CHILDLINE 1098,helpline,CHILDLINE 1098 is a mental health helpline in India. Phone: 1098. Website: https://www.facebook.com/ChildlineIndiaFoundation. Topics covered: mental health.,https://www.facebook.com/ChildlineIndiaFoundation,helplines_crisis,India,1098
findahelpline.com,crisis,Helpline: Alzheimer's Related Disorders Society of India (ARDSI) Helpline,helpline,Alzheimer's Related Disorders Society of India (ARDSI) Helpline is a mental health helpline in India. Phone: +91 9846198473. Website: https://ardsi.org/. Topics covered: mental health.,https://ardsi.org/,helplines_crisis,India,+91 9846198473
findahelpline.com,crisis,Helpline: Muktaa Mental Health Helpline,helpline,Muktaa Mental Health Helpline is a mental health helpline in India. Phone: 788-788-9882. Website: https://mcf.org.in/. Topics covered: mental health.,https://mcf.org.in/,helplines_crisis,India,788-788-9882
findahelpline.com,crisis,Helpline: Pukar Helpline,helpline,Pukar Helpline is a mental health helpline in India. Phone: 9663896669. Website: https://www.facebook.com/pukarhelpline/. Topics covered: mental health.,https://www.facebook.com/pukarhelpline/,helplines_crisis,India,9663896669
findahelpline.com,crisis,"Helpline: Roshni Helpline, Telangana",helpline,"Roshni Helpline, Telangana is a mental health helpline in India. Phone: +918142020033. Website: https://www.facebook.com/Roshningohyd/. Topics covered: mental health.",https://www.facebook.com/Roshningohyd/,helplines_crisis,India,+918142020033
findahelpline.com,crisis,Helpline: iCALL Psychosocial Helpline,helpline,iCALL Psychosocial Helpline is a mental health helpline in India. Phone: 915 298 7821. Website: https://icallhelpline.org/. Topics covered: mental health.,https://icallhelpline.org/,helplines_crisis,India,915 298 7821
findahelpline.com,crisis,Helpline: Connecting Trust - Every Life Counts,helpline,Connecting Trust - Every Life Counts is a mental health helpline in India. Phone: 9922004305. Website: https://www.facebook.com/connectingngo/. Topics covered: mental health.,https://www.facebook.com/connectingngo/,helplines_crisis,India,9922004305
findahelpline.com,crisis,"Helpline: Kashmir Lifeline, Emotional and Mental Crisis support",helpline,"Kashmir Lifeline, Emotional and Mental Crisis support is a mental health helpline in India. Phone: 1800 180 7020. Website: https://www.kashmirlifeline.org/. Topics covered: mental health.",https://www.kashmirlifeline.org/,helplines_crisis,India,1800 180 7020
findahelpline.com,crisis,Helpline: Ankahee Helpline,helpline,Ankahee Helpline is a mental health helpline in India. Phone: +91 86-554 86-966. Website: https://www.ankaheehelpline.org/. Topics covered: mental health.,https://www.ankaheehelpline.org/,helplines_crisis,India,+91 86-554 86-966
findahelpline.com,crisis,Helpline: COOJ Distress Helpline,helpline,COOJ Distress Helpline is a mental health helpline in India. Phone: 63 6161 2525. Website: https://cooj.co.in/our-programs/suicide-prevention/. Topics covered: mental health.,https://cooj.co.in/our-programs/suicide-prevention/,helplines_crisis,India,63 6161 2525
findahelpline.com,crisis,Helpline: Sneha Suicide Prevention Helpline,helpline,Sneha Suicide Prevention Helpline is a mental health helpline in India. Phone: 44 2464 0050. Website: https://snehaindia.org/new/. Topics covered: mental health.,https://snehaindia.org/new/,helplines_crisis,India,44 2464 0050
findahelpline.com,crisis,Helpline: iCALLs ReYou Chat-line,helpline,iCALLs ReYou Chat-line is a mental health helpline in India. Website: https://icallhelpline.org/about-the-reyou-chat-line/. Topics covered: mental health.,https://icallhelpline.org/about-the-reyou-chat-line/,helplines_crisis,India,
findahelpline.com,crisis,Helpline: Mann Talks,helpline,Mann Talks is a mental health helpline in India. Phone: 86861 39139. Website: https://www.manntalks.org/. Topics covered: mental health.,https://www.manntalks.org/,helplines_crisis,India,86861 39139
findahelpline.com,crisis,Helpline: ND Prana Lifeline,helpline,ND Prana Lifeline is a mental health helpline in India. Phone: 1800 121 203040. Website: https://ngchandrancharities.org/. Topics covered: mental health.,https://ngchandrancharities.org/,helplines_crisis,India,1800 121 203040
findahelpline.com,crisis,Helpline: Lifeline Foundation,helpline,Lifeline Foundation is a mental health helpline in India. Phone: + 91 90880 30303. Website: https://www.facebook.com/LifelineFoundationIndia?locale=mk_MK. Topics covered: mental health.,https://www.facebook.com/LifelineFoundationIndia?locale=mk_MK,helplines_crisis,India,+ 91 90880 30303
findahelpline.com,crisis,Helpline: Parivarthan Counselling Helpline,helpline,Parivarthan Counselling Helpline is a mental health helpline in India. Phone: +91 7676602602. Website: https://parivarthan.org/counselling-helpline/. Topics covered: mental health.,https://parivarthan.org/counselling-helpline/,helplines_crisis,India,+91 7676602602
findahelpline.com,crisis,Helpline: Arpita Foundation,helpline,Arpita Foundation is a mental health helpline in India. Phone: 9180 23655557. Website: http://www.arpitafoundation.org/. Topics covered: mental health.,http://www.arpitafoundation.org/,helplines_crisis,India,9180 23655557
findahelpline.com,crisis,Helpline: Voice That Cares,helpline,Voice That Cares is a mental health helpline in India. Phone: 8448-8448-45. Website: https://www.rocf.org/voice-that-cares/. Topics covered: mental health.,https://www.rocf.org/voice-that-cares/,helplines_crisis,India,8448-8448-45
findahelpline.com,crisis,Helpline: Outlive Chat Platform,helpline,Outlive Chat Platform is a mental health helpline in India. Website: https://chat.outlive.in/landing-page. Topics covered: mental health.,https://chat.outlive.in/landing-page,helplines_crisis,India,
findahelpline.com,crisis,Helpline: The Naz Helpline,helpline,The Naz Helpline is a mental health helpline in India. Phone: +91 8800329176. Website: https://www.nazindia.org/lgbtqia/. Topics covered: mental health.,https://www.nazindia.org/lgbtqia/,helplines_crisis,India,+91 8800329176
findahelpline.com,crisis,Helpline: MahilaBol Helpline,helpline,MahilaBol Helpline is a mental health helpline in India. Phone: 0124-4007444. Website: https://mahilabol.org/. Topics covered: mental health.,https://mahilabol.org/,helplines_crisis,India,0124-4007444
findahelpline.com,crisis,Helpline: iCALL's CHAMPS Helpline,helpline,iCALL's CHAMPS Helpline is a mental health helpline in India. Phone: 1800-2222-11. Website: https://icallhelpline.org/. Topics covered: mental health.,https://icallhelpline.org/,helplines_crisis,India,1800-2222-11
findahelpline.com,crisis,Helpline: Positive Parenting & Child Helpline,helpline,Positive Parenting & Child Helpline is a mental health helpline in India. Phone: 1 800-532-2244. Website: https://www.parisarasha.com/. Topics covered: mental health.,https://www.parisarasha.com/,helplines_crisis,India,1 800-532-2244
findahelpline.com,crisis,Helpline: 988 Suicide & Crisis Lifeline,helpline,988 Suicide & Crisis Lifeline is a mental health helpline in United States. Phone: 988. Website: https://988lifeline.org. Topics covered: mental health.,https://988lifeline.org,helplines_crisis,United States,988
findahelpline.com,crisis,Helpline: Crisis Text Line,helpline,Crisis Text Line is a mental health helpline in United States. Website: https://www.crisistextline.org/. Topics covered: mental health.,https://www.crisistextline.org/,helplines_crisis,United States,
findahelpline.com,crisis,Helpline: SAMHSA's National Helpline,helpline,SAMHSA's National Helpline is a mental health helpline in United States. Phone: 1-800-662-4357. Website: https://www.samhsa.gov/find-help/national-helpline. Topics covered: mental health.,https://www.samhsa.gov/find-help/national-helpline,helplines_crisis,United States,1-800-662-4357
findahelpline.com,crisis,Helpline: NAMI HelpLine,helpline,NAMI HelpLine is a mental health helpline in United States. Phone: (800) 950-6264. Website: https://nami.org/help. Topics covered: mental health.,https://nami.org/help,helplines_crisis,United States,(800) 950-6264
findahelpline.com,crisis,Helpline: National Teen Dating Abuse Helpline,helpline,National Teen Dating Abuse Helpline is a mental health helpline in United States. Phone: (866) 331-9474. Website: https://www.loveisrespect.org/. Topics covered: mental health.,https://www.loveisrespect.org/,helplines_crisis,United States,(866) 331-9474
findahelpline.com,crisis,Helpline: TrevorLifeline,helpline,TrevorLifeline is a mental health helpline in United States. Phone: (866) 488-7386. Website: https://www.thetrevorproject.org/get-help/. Topics covered: mental health.,https://www.thetrevorproject.org/get-help/,helplines_crisis,United States,(866) 488-7386
findahelpline.com,crisis,Helpline: National Domestic Violence Hotline,helpline,National Domestic Violence Hotline is a mental health helpline in United States. Phone: (800) 799-7233. Website: https://www.thehotline.org/. Topics covered: mental health.,https://www.thehotline.org/,helplines_crisis,United States,(800) 799-7233
findahelpline.com,crisis,Helpline: RAINN National Sexual Assault Hotline,helpline,RAINN National Sexual Assault Hotline is a mental health helpline in United States. Phone: (800) 656-4673. Website: https://www.rainn.org/. Topics covered: mental health.,https://www.rainn.org/,helplines_crisis,United States,(800) 656-4673
findahelpline.com,crisis,Helpline: National Human Trafficking Hotline,helpline,National Human Trafficking Hotline is a mental health helpline in United States. Phone: (888) 373-7888. Website: https://humantraffickinghotline.org/. Topics covered: mental health.,https://humantraffickinghotline.org/,helplines_crisis,United States,(888) 373-7888
findahelpline.com,crisis,Helpline: Trans Lifeline,helpline,Trans Lifeline is a mental health helpline in United States. Phone: (877) 565-8860. Website: https://www.translifeline.org/hotline. Topics covered: mental health.,https://www.translifeline.org/hotline,helplines_crisis,United States,(877) 565-8860
findahelpline.com,crisis,Helpline: National Abortion Hotline,helpline,National Abortion Hotline is a mental health helpline in United States. Phone: (800) 772-9100. Website: https://prochoice.org/patients/naf-hotline/. Topics covered: mental health.,https://prochoice.org/patients/naf-hotline/,helplines_crisis,United States,(800) 772-9100
findahelpline.com,crisis,Helpline: Veterans Crisis Line,helpline,Veterans Crisis Line is a mental health helpline in United States. Website: https://www.veteranscrisisline.net/. Topics covered: mental health.,https://www.veteranscrisisline.net/,helplines_crisis,United States,
findahelpline.com,crisis,Helpline: National Maternal Mental Health Hotline,helpline,National Maternal Mental Health Hotline is a mental health helpline in United States. Phone: 1-833-852-6262. Website: https://mchb.hrsa.gov/national-maternal-mental-health-hotline. Topics covered: mental health.,https://mchb.hrsa.gov/national-maternal-mental-health-hotline,helplines_crisis,United States,1-833-852-6262
findahelpline.com,crisis,Helpline: National Problem Gambling Helpline,helpline,National Problem Gambling Helpline is a mental health helpline in United States. Phone: 1-800-522-4700. Website: https://www.ncpgambling.org/help-treatment/. Topics covered: mental health.,https://www.ncpgambling.org/help-treatment/,helplines_crisis,United States,1-800-522-4700
findahelpline.com,crisis,Helpline: StrongHearts Native Helpline,helpline,StrongHearts Native Helpline is a mental health helpline in United States. Phone: (844) 762 8483. Website: https://strongheartshelpline.org/. Topics covered: mental health.,https://strongheartshelpline.org/,helplines_crisis,United States,(844) 762 8483
findahelpline.com,crisis,Helpline: National Center for Missing & Exploited Children 24-Hour Hotline,helpline,National Center for Missing & Exploited Children 24-Hour Hotline is a mental health helpline in United States. Phone: (800) 843-5678. Website: https://www.missingkids.org. Topics covered: mental health.,https://www.missingkids.org,helplines_crisis,United States,(800) 843-5678
findahelpline.com,crisis,Helpline: National Parent and Youth Helpline,helpline,National Parent and Youth Helpline is a mental health helpline in United States. Phone: (855) 427-2736. Website: http://www.nationalparentyouthhelpline.org/. Topics covered: mental health.,http://www.nationalparentyouthhelpline.org/,helplines_crisis,United States,(855) 427-2736
findahelpline.com,crisis,Helpline: National Grad Crisis Line,helpline,National Grad Crisis Line is a mental health helpline in United States. Phone: (877) 472-3457. Website: https://gradresources.org/. Topics covered: mental health.,https://gradresources.org/,helplines_crisis,United States,(877) 472-3457
findahelpline.com,crisis,Helpline: Call BlackLine,helpline,Call BlackLine is a mental health helpline in United States. Phone: (800) 604-5841. Website: https://www.callblackline.com/. Topics covered: mental health.,https://www.callblackline.com/,helplines_crisis,United States,(800) 604-5841
findahelpline.com,crisis,Helpline: Disaster Distress Helpline,helpline,Disaster Distress Helpline is a mental health helpline in United States. Phone: 800-985-5990. Website: https://www.samhsa.gov/find-help/disaster-distress-helpline. Topics covered: mental health.,https://www.samhsa.gov/find-help/disaster-distress-helpline,helplines_crisis,United States,800-985-5990
findahelpline.com,crisis,Helpline: B-LINE,helpline,B-LINE is a mental health helpline in United States. Phone: 8552546399. Website: https://backline.care/b-line/. Topics covered: mental health.,https://backline.care/b-line/,helplines_crisis,United States,8552546399
findahelpline.com,crisis,Helpline: YouthLine,helpline,YouthLine is a mental health helpline in United States. Phone: (877) 968-8491. Website: https://www.theyouthline.org/. Topics covered: mental health.,https://www.theyouthline.org/,helplines_crisis,United States,(877) 968-8491
findahelpline.com,crisis,Helpline: VictimConnect Resource Center (VCRC) Hotline,helpline,VictimConnect Resource Center (VCRC) Hotline is a mental health helpline in United States. Phone: 1-855-484-2846. Website: https://victimconnect.org/get-help/. Topics covered: mental health.,https://victimconnect.org/get-help/,helplines_crisis,United States,1-855-484-2846
findahelpline.com,crisis,Helpline: Safe Place® TXT 4 HELP,helpline,Safe Place® TXT 4 HELP is a mental health helpline in United States. Website: https://www.nationalsafeplace.org/txt-4-help. Topics covered: mental health.,https://www.nationalsafeplace.org/txt-4-help,helplines_crisis,United States,
findahelpline.com,crisis,Helpline: Postpartum Support International Helpline,helpline,Postpartum Support International Helpline is a mental health helpline in United States. Phone: (800) 944-4773. Website: https://www.postpartum.net/. Topics covered: mental health.,https://www.postpartum.net/,helplines_crisis,United States,(800) 944-4773
findahelpline.com,crisis,Helpline: Alzheimer's Association Helpline,helpline,Alzheimer's Association Helpline is a mental health helpline in United States. Phone: (800) 272-3900. Website: https://www.alz.org/help-support/resources/helpline. Topics covered: mental health.,https://www.alz.org/help-support/resources/helpline,helplines_crisis,United States,(800) 272-3900
findahelpline.com,crisis,Helpline: Childhelp National Child Abuse Hotline,helpline,Childhelp National Child Abuse Hotline is a mental health helpline in United States. Phone: 800 422 4453. Website: https://childhelphotline.org/. Topics covered: mental health.,https://childhelphotline.org/,helplines_crisis,United States,800 422 4453
findahelpline.com,crisis,Helpline: Consumer Sentinel Network,helpline,Consumer Sentinel Network is a mental health helpline in United States. Phone: 877-382-4357. Website: https://reportfraud.ftc.gov/. Topics covered: mental health.,https://reportfraud.ftc.gov/,helplines_crisis,United States,877-382-4357
findahelpline.com,crisis,Helpline: Internet Crime Complaint Center (IC3),helpline,Internet Crime Complaint Center (IC3) is a mental health helpline in United States. Website: https://www.ic3.gov/. Topics covered: mental health.,https://www.ic3.gov/,helplines_crisis,United States,
findahelpline.com,crisis,Helpline: The Deaf Hotline,helpline,The Deaf Hotline is a mental health helpline in United States. Phone: 855-812-1001. Website: https://thedeafhotline.org/. Topics covered: mental health.,https://thedeafhotline.org/,helplines_crisis,United States,855-812-1001
findahelpline.com,crisis,Helpline: Centerstone's Military Services,helpline,Centerstone's Military Services is a mental health helpline in United States. Phone: (866) 781-8010. Website: https://centerstone.org/military-services/. Topics covered: mental health.,https://centerstone.org/military-services/,helplines_crisis,United States,(866) 781-8010
findahelpline.com,crisis,Helpline: PTSD Veteran Crisis Line,helpline,PTSD Veteran Crisis Line is a mental health helpline in United States. Phone: (877) 717-7873. Website: https://ptsdusa.org/. Topics covered: mental health.,https://ptsdusa.org/,helplines_crisis,United States,(877) 717-7873
findahelpline.com,crisis,Helpline: Scarleteen,helpline,Scarleteen is a mental health helpline in United States. Phone: (206) 866-2279. Website: https://www.scarleteen.com/ask. Topics covered: mental health.,https://www.scarleteen.com/ask,helplines_crisis,United States,(206) 866-2279
findahelpline.com,crisis,Helpline: Boys Town National Hotline,helpline,Boys Town National Hotline is a mental health helpline in United States. Phone: (800) 448-3000. Website: https://www.yourlifeyourvoice.org. Topics covered: mental health.,https://www.yourlifeyourvoice.org,helplines_crisis,United States,(800) 448-3000
findahelpline.com,crisis,Helpline: Physician Support Line,helpline,Physician Support Line is a mental health helpline in United States. Phone: (888) 409-0141. Website: https://www.physiciansupportline.com/. Topics covered: mental health.,https://www.physiciansupportline.com/,helplines_crisis,United States,(888) 409-0141
findahelpline.com,crisis,Helpline: Su Familia,helpline,Su Familia is a mental health helpline in United States. Phone: 1-866-783-2645. Website: https://www.healthyamericas.org/help-line. Topics covered: mental health.,https://www.healthyamericas.org/help-line,helplines_crisis,United States,1-866-783-2645
findahelpline.com,crisis,Helpline: Childhelp's Courage First Athlete Helpline,helpline,Childhelp's Courage First Athlete Helpline is a mental health helpline in United States. Phone: 888-279-1026. Website: https://www.athletehelpline.org/. Topics covered: mental health.,https://www.athletehelpline.org/,helplines_crisis,United States,888-279-1026
findahelpline.com,crisis,"Helpline: Teen Line, a Program of Didi Hirsch",helpline,"Teen Line, a Program of Didi Hirsch is a mental health helpline in United States. Phone: (800) 852-8336. Website: https://teenlineonline.org/. Topics covered: mental health.",https://teenlineonline.org/,helplines_crisis,United States,(800) 852-8336
findahelpline.com,crisis,Helpline: LGBT National Hotline,helpline,LGBT National Hotline is a mental health helpline in United States. Phone: 888 843 4564. Website: https://www.lgbthotline.org/. Topics covered: mental health.,https://www.lgbthotline.org/,helplines_crisis,United States,888 843 4564
findahelpline.com,crisis,Helpline: Hey Sam,helpline,Hey Sam is a mental health helpline in United States. Phone: 439-726. Website: https://samaritanshope.org/hey-sam/. Topics covered: mental health.,https://samaritanshope.org/hey-sam/,helplines_crisis,United States,439-726
findahelpline.com,crisis,Helpline: LGBT National Youth Talkline,helpline,LGBT National Youth Talkline is a mental health helpline in United States. Phone: 800 246 7743. Website: https://www.lgbthotline.org/youth-talkline. Topics covered: mental health.,https://www.lgbthotline.org/youth-talkline,helplines_crisis,United States,800 246 7743
findahelpline.com,crisis,Helpline: Exhale Pro-Voice,helpline,Exhale Pro-Voice is a mental health helpline in United States. Phone: 617-7492948. Website: https://exhaleprovoice.org/. Topics covered: mental health.,https://exhaleprovoice.org/,helplines_crisis,United States,617-7492948
findahelpline.com,crisis,Helpline: Fireside Project - Psychedelic Support Line,helpline,Fireside Project - Psychedelic Support Line is a mental health helpline in United States. Phone: (623) 473-7433. Website: https://firesideproject.org/. Topics covered: mental health.,https://firesideproject.org/,helplines_crisis,United States,(623) 473-7433
findahelpline.com,crisis,Helpline: Stop It Now!,helpline,Stop It Now! is a mental health helpline in United States. Phone: (888) 773-8368. Website: https://www.stopitnow.org/. Topics covered: mental health.,https://www.stopitnow.org/,helplines_crisis,United States,(888) 773-8368
findahelpline.com,crisis,"Helpline: Love, A Stranger - Eating Disorder Helpline",helpline,"Love, A Stranger - Eating Disorder Helpline is a mental health helpline in United States. Phone: 6013485683. Website: https://www.loveastranger.org/. Topics covered: mental health.",https://www.loveastranger.org/,helplines_crisis,United States,6013485683
findahelpline.com,crisis,Helpline: National Caregiver Help Desk,helpline,National Caregiver Help Desk is a mental health helpline in United States. Phone: (855) 227-3640. Website: https://caregiveraction.org/helpdesk. Topics covered: mental health.,https://caregiveraction.org/helpdesk,helplines_crisis,United States,(855) 227-3640
findahelpline.com,crisis,Helpline: LGBT National Coming Out Support Hotline,helpline,LGBT National Coming Out Support Hotline is a mental health helpline in United States. Phone: 888 688 5428. Website: https://lgbthotline.org/coming-out-hotline/. Topics covered: mental health.,https://lgbthotline.org/coming-out-hotline/,helplines_crisis,United States,888 688 5428
findahelpline.com,crisis,Helpline: National Alliance for Eating Disorders,helpline,National Alliance for Eating Disorders is a mental health helpline in United States. Phone: 866-662-1235. Website: https://www.allianceforeatingdisorders.com/. Topics covered: mental health.,https://www.allianceforeatingdisorders.com/,helplines_crisis,United States,866-662-1235
findahelpline.com,crisis,Helpline: Project Sleep's Sleep Helpline,helpline,Project Sleep's Sleep Helpline is a mental health helpline in United States. Phone: 1-800-819-2043. Website: https://project-sleep.com/helpline/. Topics covered: mental health.,https://project-sleep.com/helpline/,helplines_crisis,United States,1-800-819-2043
findahelpline.com,crisis,Helpline: Work Helpline (Text),helpline,Work Helpline (Text) is a mental health helpline in United States. Phone: 510-674-1414. Website: https://www.empowerwork.org/. Topics covered: mental health.,https://www.empowerwork.org/,helplines_crisis,United States,510-674-1414
findahelpline.com,crisis,Helpline: All-Options Talkline,helpline,All-Options Talkline is a mental health helpline in United States. Phone: (888) 493-0092. Website: https://www.all-options.org/. Topics covered: mental health.,https://www.all-options.org/,helplines_crisis,United States,(888) 493-0092
findahelpline.com,crisis,Helpline: WhatsOK,helpline,WhatsOK is a mental health helpline in United States. Phone: 844.942.8765. Website: https://www.whatsok.org/ask. Topics covered: mental health.,https://www.whatsok.org/ask,helplines_crisis,United States,844.942.8765
findahelpline.com,crisis,Helpline: All-Options Hoosier Abortion Fund,helpline,All-Options Hoosier Abortion Fund is a mental health helpline in United States. Phone: 812-727-4423. Website: https://alloptionsprc.org/hoosier-abortion-fund/. Topics covered: mental health.,https://alloptionsprc.org/hoosier-abortion-fund/,helplines_crisis,United States,812-727-4423
findahelpline.com,crisis,Helpline: STOMP Out Bullying,helpline,STOMP Out Bullying is a mental health helpline in United States. Website: https://www.stompoutbullying.org/. Topics covered: mental health.,https://www.stompoutbullying.org/,helplines_crisis,United States,
findahelpline.com,crisis,Helpline: Desi LGBTQ Helpline,helpline,Desi LGBTQ Helpline is a mental health helpline in United States. Phone: 908-367-3374. Website: https://www.deqh.org/. Topics covered: mental health.,https://www.deqh.org/,helplines_crisis,United States,908-367-3374
findahelpline.com,crisis,Helpline: LGBT National Senior Helpline,helpline,LGBT National Senior Helpline is a mental health helpline in United States. Phone: 888 234 7243. Website: https://www.lgbthotline.org/senior-hotline. Topics covered: mental health.,https://www.lgbthotline.org/senior-hotline,helplines_crisis,United States,888 234 7243
findahelpline.com,crisis,Helpline: Friends for Survival - Suicide Loss Helpline,helpline,Friends for Survival - Suicide Loss Helpline is a mental health helpline in United States. Phone: (800) 646-7322. Website: https://friendsforsurvival.org/. Topics covered: mental health.,https://friendsforsurvival.org/,helplines_crisis,United States,(800) 646-7322
findahelpline.com,crisis,Helpline: Partnership to End Addiction,helpline,Partnership to End Addiction is a mental health helpline in United States. Phone: 855-378-4373. Website: https://drugfree.org/article/helpline-get-one-on-one-help/. Topics covered: mental health.,https://drugfree.org/article/helpline-get-one-on-one-help/,helplines_crisis,United States,855-378-4373
findahelpline.com,crisis,Helpline: Amala Youth Hopeline,helpline,Amala Youth Hopeline is a mental health helpline in United States. Phone: 855-952-6252. Website: https://mas-ssf.org/amala/. Topics covered: mental health.,https://mas-ssf.org/amala/,helplines_crisis,United States,855-952-6252
findahelpline.com,crisis,Helpline: National Drug Helpline,helpline,National Drug Helpline is a mental health helpline in United States. Phone: 844-289-0879. Website: https://drughelpline.org/. Topics covered: mental health.,https://drughelpline.org/,helplines_crisis,United States,844-289-0879
findahelpline.com,crisis,Helpline: CCRI Crisis Helpline,helpline,CCRI Crisis Helpline is a mental health helpline in United States. Phone: 844 878 2274. Website: https://cybercivilrights.org/ccri-crisis-helpline/. Topics covered: mental health.,https://cybercivilrights.org/ccri-crisis-helpline/,helplines_crisis,United States,844 878 2274
findahelpline.com,crisis,Helpline: A Call for Change Helpline,helpline,A Call for Change Helpline is a mental health helpline in United States. Phone: 877-898-3411. Website: https://acallforchangehelpline.org/. Topics covered: mental health.,https://acallforchangehelpline.org/,helplines_crisis,United States,877-898-3411
findahelpline.com,crisis,Helpline: Samaritans Helpline,helpline,Samaritans Helpline is a mental health helpline in United Kingdom. Phone: 116 123. Website: https://www.samaritans.org/how-we-can-help/contact-samaritan/. Topics covered: mental health.,https://www.samaritans.org/how-we-can-help/contact-samaritan/,helplines_crisis,United Kingdom,116 123
findahelpline.com,crisis,Helpline: Childline,helpline,Childline is a mental health helpline in United Kingdom. Phone: 0800 1111. Website: https://www.childline.org.uk. Topics covered: mental health.,https://www.childline.org.uk,helplines_crisis,United Kingdom,0800 1111
findahelpline.com,crisis,Helpline: HOPELINE247,helpline,HOPELINE247 is a mental health helpline in United Kingdom. Phone: 0300 102 2470. Website: https://papyrus-uk.org. Topics covered: mental health.,https://papyrus-uk.org,helplines_crisis,United Kingdom,0300 102 2470
findahelpline.com,crisis,Helpline: National Suicide Prevention Helpline,helpline,National Suicide Prevention Helpline is a mental health helpline in United Kingdom. Phone: 0800 587 0800. Website: https://spuk.org.uk/national-suicide-prevention-helpline/. Topics covered: mental health.,https://spuk.org.uk/national-suicide-prevention-helpline/,helplines_crisis,United Kingdom,0800 587 0800
findahelpline.com,crisis,Helpline: SOS Silence of Suicide,helpline,SOS Silence of Suicide is a mental health helpline in United Kingdom. Phone: 08081151505. Website: https://silenceofsuicidesos.org.uk/. Topics covered: mental health.,https://silenceofsuicidesos.org.uk/,helplines_crisis,United Kingdom,08081151505
findahelpline.com,crisis,Helpline: The Haven Wolverhampton,helpline,The Haven Wolverhampton is a mental health helpline in United Kingdom. Phone: 08000 194 400. Website: https://www.havenrefuge.org.uk/. Topics covered: mental health.,https://www.havenrefuge.org.uk/,helplines_crisis,United Kingdom,08000 194 400
findahelpline.com,crisis,Helpline: Rett UK Helpline,helpline,Rett UK Helpline is a mental health helpline in United Kingdom. Phone: 01582 798911. Website: http://www.rettuk.org. Topics covered: mental health.,http://www.rettuk.org,helplines_crisis,United Kingdom,01582 798911
findahelpline.com,crisis,Helpline: Alcoholics Anonymous Helpline,helpline,Alcoholics Anonymous Helpline is a mental health helpline in United Kingdom. Phone: 0800 9177 650. Website: https://www.alcoholics-anonymous.org.uk. Topics covered: mental health.,https://www.alcoholics-anonymous.org.uk,helplines_crisis,United Kingdom,0800 9177 650
findahelpline.com,crisis,Helpline: National Gambling Helpline,helpline,National Gambling Helpline is a mental health helpline in United Kingdom. Phone: 0808 8020 133. Website: https://www.gambleaware.org/. Topics covered: mental health.,https://www.gambleaware.org/,helplines_crisis,United Kingdom,0808 8020 133
findahelpline.com,crisis,Helpline: Combat Stress Helpline,helpline,Combat Stress Helpline is a mental health helpline in United Kingdom. Phone: 0800 138 1619. Website: https://www.combatstress.org.uk. Topics covered: mental health.,https://www.combatstress.org.uk,helplines_crisis,United Kingdom,0800 138 1619
findahelpline.com,crisis,Helpline: Hourglass (Safer Ageing). 24/7 Helpline,helpline,Hourglass (Safer Ageing). 24/7 Helpline is a mental health helpline in United Kingdom. Phone: 0808 808 8141. Website: http://www.wearehourglass.org. Topics covered: mental health.,http://www.wearehourglass.org,helplines_crisis,United Kingdom,0808 808 8141
findahelpline.com,crisis,Helpline: The Silver Line Helpline,helpline,The Silver Line Helpline is a mental health helpline in United Kingdom. Phone: 0800 470 8090. Website: https://www.ageuk.org.uk/services/silverline/. Topics covered: mental health.,https://www.ageuk.org.uk/services/silverline/,helplines_crisis,United Kingdom,0800 470 8090
findahelpline.com,crisis,Helpline: Runaway Helpline,helpline,Runaway Helpline is a mental health helpline in United Kingdom. Phone: 116 000. Website: https://www.runawayhelpline.org.uk. Topics covered: mental health.,https://www.runawayhelpline.org.uk,helplines_crisis,United Kingdom,116 000
findahelpline.com,crisis,Helpline: SIFT UK,helpline,SIFT UK is a mental health helpline in United Kingdom. Phone: 0808 800 8088. Website: https://www.sift.org.uk. Topics covered: mental health.,https://www.sift.org.uk,helplines_crisis,United Kingdom,0808 800 8088
findahelpline.com,crisis,Helpline: SANEline,helpline,SANEline is a mental health helpline in United Kingdom. Phone: 0300 304 7000. Website: https://www.sane.org.uk/how-we-help/emotional-support. Topics covered: mental health.,https://www.sane.org.uk/how-we-help/emotional-support,helplines_crisis,United Kingdom,0300 304 7000
findahelpline.com,crisis,Helpline: The National Bullying Helpline,helpline,The National Bullying Helpline is a mental health helpline in United Kingdom. Phone: 0300 323 0169. Website: https://www.nationalbullyinghelpline.co.uk. Topics covered: mental health.,https://www.nationalbullyinghelpline.co.uk,helplines_crisis,United Kingdom,0300 323 0169
findahelpline.com,crisis,Helpline: NSPCC Helpline,helpline,NSPCC Helpline is a mental health helpline in United Kingdom. Phone: 0808 800 5000. Website: https://www.nspcc.org.uk. Topics covered: mental health.,https://www.nspcc.org.uk,helplines_crisis,United Kingdom,0808 800 5000
findahelpline.com,crisis,"Helpline: Information, Advice and Support Line",helpline,"Information, Advice and Support Line is a mental health helpline in United Kingdom. Phone: 0808 801 0818. Website: https://www.thesurvivorstrust.org. Topics covered: mental health.",https://www.thesurvivorstrust.org,helplines_crisis,United Kingdom,0808 801 0818
findahelpline.com,crisis,Helpline: Sarcoma UK Support Line,helpline,Sarcoma UK Support Line is a mental health helpline in United Kingdom. Phone: 0808 801 0401. Website: http://sarcoma.org.uk. Topics covered: mental health.,http://sarcoma.org.uk,helplines_crisis,United Kingdom,0808 801 0401
findahelpline.com,crisis,Helpline: Nacoa (National Association for Children of Alcoholics),helpline,Nacoa (National Association for Children of Alcoholics) is a mental health helpline in United Kingdom. Phone: 0800 358 3456. Website: http://www.nacoa.org.uk. Topics covered: mental health.,http://www.nacoa.org.uk,helplines_crisis,United Kingdom,0800 358 3456
findahelpline.com,crisis,Helpline: Family Lives Helpline,helpline,Family Lives Helpline is a mental health helpline in United Kingdom. Phone: 0808 800 2222. Website: https://www.familylives.org.uk. Topics covered: mental health.,https://www.familylives.org.uk,helplines_crisis,United Kingdom,0808 800 2222
findahelpline.com,crisis,Helpline: Mind Out LGBTQ+ Helpline,helpline,Mind Out LGBTQ+ Helpline is a mental health helpline in United Kingdom. Website: https://mindout.org.uk/get-support/mindout-online/. Topics covered: mental health.,https://mindout.org.uk/get-support/mindout-online/,helplines_crisis,United Kingdom,
findahelpline.com,crisis,Helpline: GriefChat,helpline,GriefChat is a mental health helpline in United Kingdom. Website: https://www.griefchat.co.uk. Topics covered: mental health.,https://www.griefchat.co.uk,helplines_crisis,United Kingdom,
findahelpline.com,crisis,Helpline: Macmillan Support Line,helpline,Macmillan Support Line is a mental health helpline in United Kingdom. Phone: 0808 808 00 00. Website: https://www.macmillan.org.uk/. Topics covered: mental health.,https://www.macmillan.org.uk/,helplines_crisis,United Kingdom,0808 808 00 00
findahelpline.com,crisis,Helpline: Blue Cross Pet Loss Support,helpline,Blue Cross Pet Loss Support is a mental health helpline in United Kingdom. Phone: 0800 096 6606. Website: http://www.bluecross.org.uk. Topics covered: mental health.,http://www.bluecross.org.uk,helplines_crisis,United Kingdom,0800 096 6606
findahelpline.com,crisis,Helpline: Sands Bereavement Support Helpline,helpline,Sands Bereavement Support Helpline is a mental health helpline in United Kingdom. Phone: 0808 164 3332. Website: https://www.sands.org.uk. Topics covered: mental health.,https://www.sands.org.uk,helplines_crisis,United Kingdom,0808 164 3332
findahelpline.com,crisis,Helpline: MS Helpline,helpline,MS Helpline is a mental health helpline in United Kingdom. Phone: 0808 800 8000. Website: https://www.mssociety.org.uk. Topics covered: mental health.,https://www.mssociety.org.uk,helplines_crisis,United Kingdom,0808 800 8000
findahelpline.com,crisis,Helpline: Miscarriage UK - Pregnancy Loss Helpline,helpline,Miscarriage UK - Pregnancy Loss Helpline is a mental health helpline in United Kingdom. Phone: 0303 003 6464. Website: https://www.miscarriageuk.org. Topics covered: mental health.,https://www.miscarriageuk.org,helplines_crisis,United Kingdom,0303 003 6464
findahelpline.com,crisis,Helpline: Stop It Now,helpline,Stop It Now is a mental health helpline in United Kingdom. Phone: 0808 1000 900. Website: https://www.stopitnow.org.uk/. Topics covered: mental health.,https://www.stopitnow.org.uk/,helplines_crisis,United Kingdom,0808 1000 900
findahelpline.com,crisis,Helpline: Marie Curie Support Line,helpline,Marie Curie Support Line is a mental health helpline in United Kingdom. Phone: 0800 090 2309. Website: https://www.mariecurie.org.uk. Topics covered: mental health.,https://www.mariecurie.org.uk,helplines_crisis,United Kingdom,0800 090 2309
findahelpline.com,crisis,Helpline: Modern Slavery & Exploitation Helpline (Unseen UK),helpline,Modern Slavery & Exploitation Helpline (Unseen UK) is a mental health helpline in United Kingdom. Phone: 08000 121 700. Website: https://www.modernslaveryhelpline.org/. Topics covered: mental health.,https://www.modernslaveryhelpline.org/,helplines_crisis,United Kingdom,08000 121 700
findahelpline.com,crisis,Helpline: SurvivorsUK National Male & Non-binary Survivors Helpline,helpline,SurvivorsUK National Male & Non-binary Survivors Helpline is a mental health helpline in United Kingdom. Phone: 0808 801 0332. Website: https://www.survivorsuk.org/male-nonbinary-survivor-helpline/#section-1. Topics covered: mental health.,https://www.survivorsuk.org/male-nonbinary-survivor-helpline/#section-1,helplines_crisis,United Kingdom,0808 801 0332
findahelpline.com,crisis,Helpline: Forced Marriage Unit,helpline,Forced Marriage Unit is a mental health helpline in United Kingdom. Phone: 020 7008 0151. Website: https://www.gov.uk/stop-forced-marriage. Topics covered: mental health.,https://www.gov.uk/stop-forced-marriage,helplines_crisis,United Kingdom,020 7008 0151
findahelpline.com,crisis,Helpline: NSPCC FGM Helpline,helpline,NSPCC FGM Helpline is a mental health helpline in United Kingdom. Phone: 0800 028 3550. Website: https://www.nspcc.org.uk/keeping-children-safe/types-of-abuse/female-genital-mutilation-fgm/#support. Topics covered: mental health.,https://www.nspcc.org.uk/keeping-children-safe/types-of-abuse/female-genital-mutilation-fgm/#support,helplines_crisis,United Kingdom,0800 028 3550
findahelpline.com,crisis,Helpline: No Panic Youth Helpline,helpline,No Panic Youth Helpline is a mental health helpline in United Kingdom. Phone: 0300 772 9844. Website: https://www.nopanic.org.uk. Topics covered: mental health.,https://www.nopanic.org.uk,helplines_crisis,United Kingdom,0300 772 9844
findahelpline.com,crisis,Helpline: OCD Action Helpline,helpline,OCD Action Helpline is a mental health helpline in United Kingdom. Phone: 0300 636 5478. Website: https://www.ocdaction.org.uk. Topics covered: mental health.,https://www.ocdaction.org.uk,helplines_crisis,United Kingdom,0300 636 5478
findahelpline.com,crisis,Helpline: LGBT Foundation Helpline,helpline,LGBT Foundation Helpline is a mental health helpline in United Kingdom. Phone: 0345 330 3030. Website: https://lgbt.foundation/contact-support/. Topics covered: mental health.,https://lgbt.foundation/contact-support/,helplines_crisis,United Kingdom,0345 330 3030
findahelpline.com,crisis,Helpline: MS-UK Helpline,helpline,MS-UK Helpline is a mental health helpline in United Kingdom. Phone: 0800 783 0518. Website: https://www.ms-uk.org. Topics covered: mental health.,https://www.ms-uk.org,helplines_crisis,United Kingdom,0800 783 0518
findahelpline.com,crisis,Helpline: Eating Disorders Support Helpline,helpline,Eating Disorders Support Helpline is a mental health helpline in United Kingdom. Phone: 01494 793223. Website: http://www.eatingdisorderssupport.co.uk/. Topics covered: mental health.,http://www.eatingdisorderssupport.co.uk/,helplines_crisis,United Kingdom,01494 793223
findahelpline.com,crisis,Helpline: RNIB Helpline,helpline,RNIB Helpline is a mental health helpline in United Kingdom. Phone: 0303 123 9999. Website: http://www.rnib.org.uk. Topics covered: mental health.,http://www.rnib.org.uk,helplines_crisis,United Kingdom,0303 123 9999
findahelpline.com,crisis,Helpline: Child Death Helpline,helpline,Child Death Helpline is a mental health helpline in United Kingdom. Phone: 0800 282 986. Website: https://www.childdeathhelpline.org.uk/. Topics covered: mental health.,https://www.childdeathhelpline.org.uk/,helplines_crisis,United Kingdom,0800 282 986
findahelpline.com,crisis,Helpline: Fertility Network UK Support Line,helpline,Fertility Network UK Support Line is a mental health helpline in United Kingdom. Phone: 01424732361. Website: https://fertilitynetworkuk.org/access-support/support-line/. Topics covered: mental health.,https://fertilitynetworkuk.org/access-support/support-line/,helplines_crisis,United Kingdom,01424732361
findahelpline.com,crisis,Helpline: Pandas Foundation Helpline - Perinatal Support,helpline,Pandas Foundation Helpline - Perinatal Support is a mental health helpline in United Kingdom. Website: https://pandasfoundation.org.uk/. Topics covered: mental health.,https://pandasfoundation.org.uk/,helplines_crisis,United Kingdom,
findahelpline.com,crisis,Helpline: Al-Anon Family Groups Helpline UK,helpline,Al-Anon Family Groups Helpline UK is a mental health helpline in United Kingdom. Phone: 0800 0086 811. Website: https://www.al-anonuk.org.uk. Topics covered: mental health.,https://www.al-anonuk.org.uk,helplines_crisis,United Kingdom,0800 0086 811
findahelpline.com,crisis,Helpline: Carers UK Helpline,helpline,Carers UK Helpline is a mental health helpline in United Kingdom. Phone: 0808 808 7777. Website: https://www.carersuk.org. Topics covered: mental health.,https://www.carersuk.org,helplines_crisis,United Kingdom,0808 808 7777
findahelpline.com,crisis,Helpline: Blood Cancer UK Support Line,helpline,Blood Cancer UK Support Line is a mental health helpline in United Kingdom. Phone: 0808 208 0888. Website: https://bloodcancer.org.uk. Topics covered: mental health.,https://bloodcancer.org.uk,helplines_crisis,United Kingdom,0808 208 0888
findahelpline.com,crisis,Helpline: Abortion Recovery Care & Helpline,helpline,Abortion Recovery Care & Helpline is a mental health helpline in United Kingdom. Phone: 0345 603 8501. Website: https://www.archtrust.org.uk. Topics covered: mental health.,https://www.archtrust.org.uk,helplines_crisis,United Kingdom,0345 603 8501
findahelpline.com,crisis,Helpline: Addiction Family Support Helpline,helpline,Addiction Family Support Helpline is a mental health helpline in United Kingdom. Phone: 0300 888 3853. Website: https://addictionfamilysupport.org.uk/. Topics covered: mental health.,https://addictionfamilysupport.org.uk/,helplines_crisis,United Kingdom,0300 888 3853
findahelpline.com,crisis,Helpline: National Sexual Health Helpline,helpline,National Sexual Health Helpline is a mental health helpline in United Kingdom. Phone: 0300 123 7123. Website: https://www.nhs.uk/live-well/sexual-health/where-can-i-get-sexual-health-advice-now/. Topics covered: mental health.,https://www.nhs.uk/live-well/sexual-health/where-can-i-get-sexual-health-advice-now/,helplines_crisis,United Kingdom,0300 123 7123
findahelpline.com,crisis,Helpline: Respect Men's Advice Line,helpline,Respect Men's Advice Line is a mental health helpline in United Kingdom. Phone: 0808 8010327. Website: https://mensadviceline.org.uk/. Topics covered: mental health.,https://mensadviceline.org.uk/,helplines_crisis,United Kingdom,0808 8010327
findahelpline.com,crisis,Helpline: Respect Phoneline,helpline,Respect Phoneline is a mental health helpline in United Kingdom. Phone: 0808 802 4040. Website: https://respectphoneline.org.uk. Topics covered: mental health.,https://respectphoneline.org.uk,helplines_crisis,United Kingdom,0808 802 4040
findahelpline.com,crisis,Helpline: Jewish Women's Aid Domestic Abuse and Sexual Violence Helpline,helpline,Jewish Women's Aid Domestic Abuse and Sexual Violence Helpline is a mental health helpline in United Kingdom. Phone: 0808 801 0500. Website: https://www.jwa.org.uk. Topics covered: mental health.,https://www.jwa.org.uk,helplines_crisis,United Kingdom,0808 801 0500
findahelpline.com,crisis,Helpline: National Helpline for LGBT+ Victims and Survivors of Abuse and Violence,helpline,National Helpline for LGBT+ Victims and Survivors of Abuse and Violence is a mental health helpline in United Kingdom. Phone: 0800 999 5428. Website: https://www.galop.org.uk. Topics covered: mental health.,https://www.galop.org.uk,helplines_crisis,United Kingdom,0800 999 5428
findahelpline.com,crisis,Helpline: Switchboard LGBT Helpline,helpline,Switchboard LGBT Helpline is a mental health helpline in United Kingdom. Phone: 0800 0119 100. Website: https://switchboard.lgbt. Topics covered: mental health.,https://switchboard.lgbt,helplines_crisis,United Kingdom,0800 0119 100
findahelpline.com,crisis,Helpline: THT Direct Helpline,helpline,THT Direct Helpline is a mental health helpline in United Kingdom. Phone: 0808 802 1221. Website: https://www.tht.org.uk. Topics covered: mental health.,https://www.tht.org.uk,helplines_crisis,United Kingdom,0808 802 1221
findahelpline.com,crisis,Helpline: Shore Live Chat,helpline,Shore Live Chat is a mental health helpline in United Kingdom. Website: https://shorespace.org.uk/. Topics covered: mental health.,https://shorespace.org.uk/,helplines_crisis,United Kingdom,
findahelpline.com,crisis,Helpline: Revenge Porn Helpline,helpline,Revenge Porn Helpline is a mental health helpline in United Kingdom. Phone: 0345 6000 459. Website: https://revengepornhelpline.org.uk. Topics covered: mental health.,https://revengepornhelpline.org.uk,helplines_crisis,United Kingdom,0345 6000 459
findahelpline.com,crisis,Helpline: Mankind Initiative,helpline,Mankind Initiative is a mental health helpline in United Kingdom. Phone: 01823 334244. Website: https://www.mankind.org.uk. Topics covered: mental health.,https://www.mankind.org.uk,helplines_crisis,United Kingdom,01823 334244
findahelpline.com,crisis,Helpline: OPOKA Helpline,helpline,OPOKA Helpline is a mental health helpline in United Kingdom. Phone: 0300 3651700. Website: https://www.opoka.org.uk/. Topics covered: mental health.,https://www.opoka.org.uk/,helplines_crisis,United Kingdom,0300 3651700
findahelpline.com,crisis,Helpline: NAPAC Support Service,helpline,NAPAC Support Service is a mental health helpline in United Kingdom. Phone: 0808 801 0331. Website: http://napac.org.uk. Topics covered: mental health.,http://napac.org.uk,helplines_crisis,United Kingdom,0808 801 0331
findahelpline.com,crisis,Helpline: The Men Standing Up Helpline,helpline,The Men Standing Up Helpline is a mental health helpline in United Kingdom. Phone: 0300 303 0167. Website: http://www.bradfordcyrenians.org.uk. Topics covered: mental health.,http://www.bradfordcyrenians.org.uk,helplines_crisis,United Kingdom,0300 303 0167
findahelpline.com,crisis,Helpline: The Compassionate Friends,helpline,The Compassionate Friends is a mental health helpline in United Kingdom. Phone: 0345 123 2304. Website: https://www.tcf.org.uk. Topics covered: mental health.,https://www.tcf.org.uk,helplines_crisis,United Kingdom,0345 123 2304
findahelpline.com,crisis,Helpline: NCT Support Line,helpline,NCT Support Line is a mental health helpline in United Kingdom. Phone: 0300 330 0700. Website: https://www.nct.org.uk/about-us/contact-us#no-back. Topics covered: mental health.,https://www.nct.org.uk/about-us/contact-us#no-back,helplines_crisis,United Kingdom,0300 330 0700
findahelpline.com,crisis,Helpline: Survivors of Bereavement by Suicide Support Line,helpline,Survivors of Bereavement by Suicide Support Line is a mental health helpline in United Kingdom. Phone: 0300 111 5065. Website: https://uksobs.com. Topics covered: mental health.,https://uksobs.com,helplines_crisis,United Kingdom,0300 111 5065
findahelpline.com,crisis,Helpline: Brain and Spine Helpline,helpline,Brain and Spine Helpline is a mental health helpline in United Kingdom. Phone: 0808 808 1000. Website: https://www.brainandspine.org.uk. Topics covered: mental health.,https://www.brainandspine.org.uk,helplines_crisis,United Kingdom,0808 808 1000
findahelpline.com,crisis,Helpline: Grief Encounter Support line,helpline,Grief Encounter Support line is a mental health helpline in United Kingdom. Phone: 0808 802 0111. Website: https://www.griefencounter.org.uk. Topics covered: mental health.,https://www.griefencounter.org.uk,helplines_crisis,United Kingdom,0808 802 0111
findahelpline.com,crisis,Helpline: Narcotics Anonymous,helpline,Narcotics Anonymous is a mental health helpline in United Kingdom. Phone: 0300 999 1212. Website: https://ukna.org. Topics covered: mental health.,https://ukna.org,helplines_crisis,United Kingdom,0300 999 1212
findahelpline.com,crisis,Helpline: Dementia Support Line,helpline,Dementia Support Line is a mental health helpline in United Kingdom. Phone: 0333 150 3456. Website: https://www.alzheimers.org.uk. Topics covered: mental health.,https://www.alzheimers.org.uk,helplines_crisis,United Kingdom,0333 150 3456
findahelpline.com,crisis,Helpline: Child Bereavement UK Helpline,helpline,Child Bereavement UK Helpline is a mental health helpline in United Kingdom. Phone: 0800 028 8840. Website: https://www.childbereavementuk.org/about-our-helpline. Topics covered: mental health.,https://www.childbereavementuk.org/about-our-helpline,helplines_crisis,United Kingdom,0800 028 8840
findahelpline.com,crisis,Helpline: FamilyLine,helpline,FamilyLine is a mental health helpline in United Kingdom. Phone: 0808 802 6666. Website: https://www.family-action.org.uk/what-we-do/children-families/familyline/. Topics covered: mental health.,https://www.family-action.org.uk/what-we-do/children-families/familyline/,helplines_crisis,United Kingdom,0808 802 6666
findahelpline.com,crisis,Helpline: Mermaids Support Line,helpline,Mermaids Support Line is a mental health helpline in United Kingdom. Phone: 0808 801 0400. Website: https://mermaidsuk.org.uk. Topics covered: mental health.,https://mermaidsuk.org.uk,helplines_crisis,United Kingdom,0808 801 0400
findahelpline.com,crisis,Helpline: Steps Helpline,helpline,Steps Helpline is a mental health helpline in United Kingdom. Phone: 01925 750271. Website: https://www.stepsworldwide.org. Topics covered: mental health.,https://www.stepsworldwide.org,helplines_crisis,United Kingdom,01925 750271
findahelpline.com,crisis,Helpline: Premier Lifeline,helpline,Premier Lifeline is a mental health helpline in United Kingdom. Phone: 0300 111 0101. Website: http://www.premierlifeline.org.uk. Topics covered: mental health.,http://www.premierlifeline.org.uk,helplines_crisis,United Kingdom,0300 111 0101
findahelpline.com,crisis,Helpline: Towards Healing (United Kingdom),helpline,Towards Healing (United Kingdom) is a mental health helpline in United Kingdom. Phone: 0800 1026172. Website: https://towardshealing.ie/. Topics covered: mental health.,https://towardshealing.ie/,helplines_crisis,United Kingdom,0800 1026172
findahelpline.com,crisis,Helpline: Muslim Youth Helpline,helpline,Muslim Youth Helpline is a mental health helpline in United Kingdom. Phone: 0808 808 2008. Website: https://www.myh.org.uk. Topics covered: mental health.,https://www.myh.org.uk,helplines_crisis,United Kingdom,0808 808 2008
findahelpline.com,crisis,Helpline: Lifeline,helpline,Lifeline is a mental health helpline in Australia. Phone: 13 11 14. Website: https://www.lifeline.org.au. Topics covered: mental health.,https://www.lifeline.org.au,helplines_crisis,Australia,13 11 14
findahelpline.com,crisis,Helpline: Beyond Blue,helpline,Beyond Blue is a mental health helpline in Australia. Phone: 1300 22 4636. Website: https://www.beyondblue.org.au/. Topics covered: mental health.,https://www.beyondblue.org.au/,helplines_crisis,Australia,1300 22 4636
findahelpline.com,crisis,Helpline: 1800RESPECT,helpline,1800RESPECT is a mental health helpline in Australia. Phone: 1800 737 732. Website: https://1800respect.org.au/. Topics covered: mental health.,https://1800respect.org.au/,helplines_crisis,Australia,1800 737 732
findahelpline.com,crisis,Helpline: Butterfly National Helpline,helpline,Butterfly National Helpline is a mental health helpline in Australia. Phone: 1800 33 4673. Website: https://butterfly.org.au/get-support/helpline/. Topics covered: mental health.,https://butterfly.org.au/get-support/helpline/,helplines_crisis,Australia,1800 33 4673
findahelpline.com,crisis,Helpline: QLife,helpline,QLife is a mental health helpline in Australia. Phone: 1800 184 527. Website: https://qlife.org.au/. Topics covered: mental health.,https://qlife.org.au/,helplines_crisis,Australia,1800 184 527
findahelpline.com,crisis,Helpline: MensLine Australia,helpline,MensLine Australia is a mental health helpline in Australia. Phone: 1300 78 99 78. Website: https://mensline.org.au/phone-and-online-counselling/. Topics covered: mental health.,https://mensline.org.au/phone-and-online-counselling/,helplines_crisis,Australia,1300 78 99 78
findahelpline.com,crisis,Helpline: 13YARN,helpline,13YARN is a mental health helpline in Australia. Phone: 13 92 76. Website: https://www.13yarn.org.au/about-us. Topics covered: mental health.,https://www.13yarn.org.au/about-us,helplines_crisis,Australia,13 92 76
findahelpline.com,crisis,Helpline: Kids Helpline,helpline,Kids Helpline is a mental health helpline in Australia. Phone: 1800 55 1800. Website: https://kidshelpline.com.au/get-help/phone-counselling/. Topics covered: mental health.,https://kidshelpline.com.au/get-help/phone-counselling/,helplines_crisis,Australia,1800 55 1800
findahelpline.com,crisis,Helpline: Suicide Call Back Service,helpline,Suicide Call Back Service is a mental health helpline in Australia. Phone: 1300 659 467. Website: https://www.suicidecallbackservice.org.au/phone-and-online-counselling/. Topics covered: mental health.,https://www.suicidecallbackservice.org.au/phone-and-online-counselling/,helplines_crisis,Australia,1300 659 467
findahelpline.com,crisis,Helpline: Gambling Help Online,helpline,Gambling Help Online is a mental health helpline in Australia. Phone: 1800 858 858. Website: https://www.gamblinghelponline.org.au/. Topics covered: mental health.,https://www.gamblinghelponline.org.au/,helplines_crisis,Australia,1800 858 858
findahelpline.com,crisis,Helpline: Counselling Online (Alcohol & Drug Counselling),helpline,Counselling Online (Alcohol & Drug Counselling) is a mental health helpline in Australia. Website: https://www.counsellingonline.org.au. Topics covered: mental health.,https://www.counsellingonline.org.au,helplines_crisis,Australia,
findahelpline.com,crisis,Helpline: National Dementia Helpline,helpline,National Dementia Helpline is a mental health helpline in Australia. Phone: 1800 100 500. Website: https://www.dementia.org.au/. Topics covered: mental health.,https://www.dementia.org.au/,helplines_crisis,Australia,1800 100 500
findahelpline.com,crisis,Helpline: 1800 FULL STOP,helpline,1800 FULL STOP is a mental health helpline in Australia. Phone: 1800 385 578. Website: https://fullstop.org.au/. Topics covered: mental health.,https://fullstop.org.au/,helplines_crisis,Australia,1800 385 578
findahelpline.com,crisis,Helpline: Thirrili - National Indigenous Postvention Service,helpline,Thirrili - National Indigenous Postvention Service is a mental health helpline in Australia. Phone: 1800 805 801. Website: http://thirrili.com.au. Topics covered: mental health.,http://thirrili.com.au,helplines_crisis,Australia,1800 805 801
findahelpline.com,crisis,Helpline: Scamwatch,helpline,Scamwatch is a mental health helpline in Australia. Website: https://www.scamwatch.gov.au/. Topics covered: mental health.,https://www.scamwatch.gov.au/,helplines_crisis,Australia,
findahelpline.com,crisis,Helpline: National Alcohol and Other Drug Hotline,helpline,National Alcohol and Other Drug Hotline is a mental health helpline in Australia. Phone: 1800 250 015. Website: https://www.health.gov.au/our-work/drug-help/how-to-find-help. Topics covered: mental health.,https://www.health.gov.au/our-work/drug-help/how-to-find-help,helplines_crisis,Australia,1800 250 015
findahelpline.com,crisis,"Helpline: Rainbow Sexual, Domestic and Family Violence Helpline",helpline,"Rainbow Sexual, Domestic and Family Violence Helpline is a mental health helpline in Australia. Phone: 1800 497 212. Website: https://fullstop.org.au/get-help/our-services/rainbowviolenceandabusesupport. Topics covered: mental health.",https://fullstop.org.au/get-help/our-services/rainbowviolenceandabusesupport,helplines_crisis,Australia,1800 497 212
findahelpline.com,crisis,Helpline: Nurse & Midwife Support,helpline,Nurse & Midwife Support is a mental health helpline in Australia. Phone: 1800667877. Website: https://www.nmsupport.org.au/. Topics covered: mental health.,https://www.nmsupport.org.au/,helplines_crisis,Australia,1800667877
findahelpline.com,crisis,Helpline: Open Arms - Veterans & Families Counselling,helpline,Open Arms - Veterans & Families Counselling is a mental health helpline in Australia. Phone: 1800 011 046. Website: https://www.openarms.gov.au/. Topics covered: mental health.,https://www.openarms.gov.au/,helplines_crisis,Australia,1800 011 046
findahelpline.com,crisis,Helpline: Family Drug Support Helpline,helpline,Family Drug Support Helpline is a mental health helpline in Australia. Phone: 1300 368 186. Website: https://www.fds.org.au/. Topics covered: mental health.,https://www.fds.org.au/,helplines_crisis,Australia,1300 368 186
findahelpline.com,crisis,Helpline: Listening Ear,helpline,Listening Ear is a mental health helpline in Australia. Phone: 02 9477 6777. Website: https://listeningear.org.au/. Topics covered: mental health.,https://listeningear.org.au/,helplines_crisis,Australia,02 9477 6777
findahelpline.com,crisis,Helpline: PANDA (Perinatal Anxiety and Depression Australia),helpline,PANDA (Perinatal Anxiety and Depression Australia) is a mental health helpline in Australia. Phone: 1300 726 306. Website: https://www.panda.org.au/. Topics covered: mental health.,https://www.panda.org.au/,helplines_crisis,Australia,1300 726 306
findahelpline.com,crisis,Helpline: SANE,helpline,SANE is a mental health helpline in Australia. Phone: 1800 187 263. Website: https://www.sane.org/. Topics covered: mental health.,https://www.sane.org/,helplines_crisis,Australia,1800 187 263
findahelpline.com,crisis,Helpline: StandBy Support After Suicide,helpline,StandBy Support After Suicide is a mental health helpline in Australia. Phone: 1 300 727 247. Website: https://standbysupport.com.au/. Topics covered: mental health.,https://standbysupport.com.au/,helplines_crisis,Australia,1 300 727 247
findahelpline.com,crisis,Helpline: ListenWell,helpline,ListenWell is a mental health helpline in Australia. Phone: 1300 111 500. Website: https://www.wellways.org/our-services/listenwell-warmline/. Topics covered: mental health.,https://www.wellways.org/our-services/listenwell-warmline/,helplines_crisis,Australia,1300 111 500
findahelpline.com,crisis,Helpline: Blue Knot Helpline and Redress Support Service,helpline,Blue Knot Helpline and Redress Support Service is a mental health helpline in Australia. Phone: 1300 657 380. Website: https://www.blueknot.org.au/. Topics covered: mental health.,https://www.blueknot.org.au/,helplines_crisis,Australia,1300 657 380
findahelpline.com,crisis,Helpline: Griefline,helpline,Griefline is a mental health helpline in Australia. Phone: 1300 845 745. Website: https://griefline.org.au/. Topics covered: mental health.,https://griefline.org.au/,helplines_crisis,Australia,1300 845 745
findahelpline.com,crisis,Helpline: eheadspace,helpline,eheadspace is a mental health helpline in Australia. Phone: 1800 650 890. Website: https://headspace.org.au/. Topics covered: mental health.,https://headspace.org.au/,helplines_crisis,Australia,1800 650 890
findahelpline.com,crisis,Helpline: Cancer Hub,helpline,Cancer Hub is a mental health helpline in Australia. Phone: 1800 945 215. Website: https://cancerhub.org.au/. Topics covered: mental health.,https://cancerhub.org.au/,helplines_crisis,Australia,1800 945 215
findahelpline.com,crisis,Helpline: 9-8-8: Suicide Crisis Helpline,helpline,9-8-8: Suicide Crisis Helpline is a mental health helpline in Canada. Phone: 988. Website: https://988.ca/. Topics covered: mental health.,https://988.ca/,helplines_crisis,Canada,988
findahelpline.com,crisis,Helpline: Canadian Resource Centre for Victims of Crime,helpline,Canadian Resource Centre for Victims of Crime is a mental health helpline in Canada. Phone: 1-877-232-2610. Website: https://crcvc.ca/. Topics covered: mental health.,https://crcvc.ca/,helplines_crisis,Canada,1-877-232-2610
findahelpline.com,crisis,Helpline: Kids Help Phone,helpline,Kids Help Phone is a mental health helpline in Canada. Phone: 1-800-668-6868. Website: https://kidshelpphone.ca/. Topics covered: mental health.,https://kidshelpphone.ca/,helplines_crisis,Canada,1-800-668-6868
findahelpline.com,crisis,Helpline: First Nations and Inuit Hope for Wellness Helpline,helpline,First Nations and Inuit Hope for Wellness Helpline is a mental health helpline in Canada. Phone: (855) 242-3310. Website: https://www.hopeforwellness.ca/. Topics covered: mental health.,https://www.hopeforwellness.ca/,helplines_crisis,Canada,(855) 242-3310
findahelpline.com,crisis,Helpline: National Eating Disorder Information Centre,helpline,National Eating Disorder Information Centre is a mental health helpline in Canada. Phone: 416-340-4156. Website: https://nedic.ca. Topics covered: mental health.,https://nedic.ca,helplines_crisis,Canada,416-340-4156
findahelpline.com,crisis,Helpline: LGBT National Hotline,helpline,LGBT National Hotline is a mental health helpline in Canada. Phone: 888 843 4564. Website: https://www.lgbthotline.org/. Topics covered: mental health.,https://www.lgbthotline.org/,helplines_crisis,Canada,888 843 4564
findahelpline.com,crisis,Helpline: Canadian Human Trafficking Hotline,helpline,Canadian Human Trafficking Hotline is a mental health helpline in Canada. Phone: (833) 900-1010. Website: https://www.canadianhumantraffickinghotline.ca/. Topics covered: mental health.,https://www.canadianhumantraffickinghotline.ca/,helplines_crisis,Canada,(833) 900-1010
findahelpline.com,crisis,Helpline: Childhelp Canada: Child Abuse Hotline,helpline,Childhelp Canada: Child Abuse Hotline is a mental health helpline in Canada. Phone: 800 422 4453. Website: https://childhelphotline.org/. Topics covered: mental health.,https://childhelphotline.org/,helplines_crisis,Canada,800 422 4453
findahelpline.com,crisis,Helpline: Canadian Anti-Fraud Centre,helpline,Canadian Anti-Fraud Centre is a mental health helpline in Canada. Phone: 1-888-495-8501. Website: https://antifraudcentre-centreantifraude.ca/index-eng.htm. Topics covered: mental health.,https://antifraudcentre-centreantifraude.ca/index-eng.htm,helplines_crisis,Canada,1-888-495-8501
findahelpline.com,crisis,Helpline: Naseeha Mental Helpline,helpline,Naseeha Mental Helpline is a mental health helpline in Canada. Phone: 1-866-627-3342. Website: https://naseeha.org/. Topics covered: mental health.,https://naseeha.org/,helplines_crisis,Canada,1-866-627-3342
findahelpline.com,crisis,Helpline: ANEB Québec (Anorexie et boulimie Québec),helpline,ANEB Québec (Anorexie et boulimie Québec) is a mental health helpline in Canada. Phone: 1 800 630-0907. Website: https://anebquebec.com/. Topics covered: mental health.,https://anebquebec.com/,helplines_crisis,Canada,1 800 630-0907
findahelpline.com,crisis,Helpline: LGBT National Youth Talkline (Canada),helpline,LGBT National Youth Talkline (Canada) is a mental health helpline in Canada. Phone: 800 246 7743. Website: https://www.lgbthotline.org/youth-talkline. Topics covered: mental health.,https://www.lgbthotline.org/youth-talkline,helplines_crisis,Canada,800 246 7743
findahelpline.com,crisis,Helpline: Exhale Pro-Voice,helpline,Exhale Pro-Voice is a mental health helpline in Canada. Phone: (617) 749-2948. Website: https://exhaleprovoice.org/. Topics covered: mental health.,https://exhaleprovoice.org/,helplines_crisis,Canada,(617) 749-2948
findahelpline.com,crisis,Helpline: Talking For Change,helpline,Talking For Change is a mental health helpline in Canada. Phone: 1-833-703-3303. Website: https://talkingforchange.ca/. Topics covered: mental health.,https://talkingforchange.ca/,helplines_crisis,Canada,1-833-703-3303
findahelpline.com,crisis,Helpline: Trans Lifeline,helpline,Trans Lifeline is a mental health helpline in Canada. Phone: (877) 330-6366. Website: https://translifeline.org/hotline/. Topics covered: mental health.,https://translifeline.org/hotline/,helplines_crisis,Canada,(877) 330-6366
findahelpline.com,crisis,Helpline: Lula Women's Helpline,helpline,Lula Women's Helpline is a mental health helpline in Canada. Website: https://www.lulahelpline.ca/. Topics covered: mental health.,https://www.lulahelpline.ca/,helplines_crisis,Canada,
findahelpline.com,crisis,Helpline: NISA Helpline,helpline,NISA Helpline is a mental health helpline in Canada. Phone: 888 711 6472. Website: https://www.nisafoundation.ca/programs/nisa-helpline. Topics covered: mental health.,https://www.nisafoundation.ca/programs/nisa-helpline,helplines_crisis,Canada,888 711 6472
findahelpline.com,crisis,Helpline: 1737 Need to talk?,helpline,1737 Need to talk? is a mental health helpline in New Zealand. Phone: 1737. Website: https://www.1737.org.nz. Topics covered: mental health.,https://www.1737.org.nz,helplines_crisis,New Zealand,1737
findahelpline.com,crisis,Helpline: Lifeline Aotearoa,helpline,Lifeline Aotearoa is a mental health helpline in New Zealand. Phone: 0800 543 354. Website: https://www.lifeline.org.nz/. Topics covered: mental health.,https://www.lifeline.org.nz/,helplines_crisis,New Zealand,0800 543 354
findahelpline.com,crisis,Helpline: Samaritans Aotearoa,helpline,Samaritans Aotearoa is a mental health helpline in New Zealand. Phone: 0800 726 666. Website: http://samaritans.org.nz/. Topics covered: mental health.,http://samaritans.org.nz/,helplines_crisis,New Zealand,0800 726 666
findahelpline.com,crisis,Helpline: Suicide Crisis Helpline - Tautoko,helpline,Suicide Crisis Helpline - Tautoko is a mental health helpline in New Zealand. Phone: 0508 828 865. Website: https://www.lifeline.org.nz/services/suicide-crisis-helpline. Topics covered: mental health.,https://www.lifeline.org.nz/services/suicide-crisis-helpline,helplines_crisis,New Zealand,0508 828 865
findahelpline.com,crisis,Helpline: Youthline,helpline,Youthline is a mental health helpline in New Zealand. Phone: 0800 376 633. Website: https://www.youthline.co.nz/. Topics covered: mental health.,https://www.youthline.co.nz/,helplines_crisis,New Zealand,0800 376 633
findahelpline.com,crisis,Helpline: Depression Helpline,helpline,Depression Helpline is a mental health helpline in New Zealand. Phone: 0800 111 757. Website: https://www.depression.org.nz/. Topics covered: mental health.,https://www.depression.org.nz/,helplines_crisis,New Zealand,0800 111 757
findahelpline.com,crisis,Helpline: Gambling Helpline,helpline,Gambling Helpline is a mental health helpline in New Zealand. Phone: 0800 654 655. Website: https://gamblinghelpline.co.nz/. Topics covered: mental health.,https://gamblinghelpline.co.nz/,helplines_crisis,New Zealand,0800 654 655
findahelpline.com,crisis,Helpline: Vai Lelei Pasifika Gambling Helpline,helpline,Vai Lelei Pasifika Gambling Helpline is a mental health helpline in New Zealand. Phone: 0800 654 657. Website: https://gamblinghelpline.co.nz/contact. Topics covered: mental health.,https://gamblinghelpline.co.nz/contact,helplines_crisis,New Zealand,0800 654 657
findahelpline.com,crisis,Helpline: Quitline,helpline,Quitline is a mental health helpline in New Zealand. Phone: 0800 778 778. Website: https://quit.org.nz/. Topics covered: mental health.,https://quit.org.nz/,helplines_crisis,New Zealand,0800 778 778
findahelpline.com,crisis,Helpline: Safe to talk - Sexual harm helpline,helpline,Safe to talk - Sexual harm helpline is a mental health helpline in New Zealand. Phone: 0800 044 334. Website: https://safetotalk.nz/. Topics covered: mental health.,https://safetotalk.nz/,helplines_crisis,New Zealand,0800 044 334
findahelpline.com,crisis,Helpline: Alcohol & Drug Helpline,helpline,Alcohol & Drug Helpline is a mental health helpline in New Zealand. Phone: 0800 787 797. Website: https://alcoholdrughelp.org.nz/. Topics covered: mental health.,https://alcoholdrughelp.org.nz/,helplines_crisis,New Zealand,0800 787 797
findahelpline.com,crisis,Helpline: Shine,helpline,Shine is a mental health helpline in New Zealand. Phone: 0508 744 633. Website: https://www.2shine.org.nz/. Topics covered: mental health.,https://www.2shine.org.nz/,helplines_crisis,New Zealand,0508 744 633
findahelpline.com,crisis,Helpline: Netsafe,helpline,Netsafe is a mental health helpline in New Zealand. Phone: 0508 638 723. Website: https://netsafe.org.nz/. Topics covered: mental health.,https://netsafe.org.nz/,helplines_crisis,New Zealand,0508 638 723
findahelpline.com,crisis,Helpline: Are You OK Helpline (Family Violence Information Line),helpline,Are You OK Helpline (Family Violence Information Line) is a mental health helpline in New Zealand. Phone: 0800 456 450. Website: http://www.areyouok.org.nz/. Topics covered: mental health.,http://www.areyouok.org.nz/,helplines_crisis,New Zealand,0800 456 450
findahelpline.com,crisis,Helpline: Women's Refuge,helpline,Women's Refuge is a mental health helpline in New Zealand. Phone: 0800 733 843. Website: https://womensrefuge.org.nz/. Topics covered: mental health.,https://womensrefuge.org.nz/,helplines_crisis,New Zealand,0800 733 843
findahelpline.com,crisis,Helpline: Oranga Tamariki (Ministry for Children) Helpline,helpline,Oranga Tamariki (Ministry for Children) Helpline is a mental health helpline in New Zealand. Phone: 0508 326 459. Website: https://www.orangatamariki.govt.nz/worried-about-a-child-tell-us/. Topics covered: mental health.,https://www.orangatamariki.govt.nz/worried-about-a-child-tell-us/,helplines_crisis,New Zealand,0508 326 459
findahelpline.com,crisis,Helpline: Māori Gambling Helpline,helpline,Māori Gambling Helpline is a mental health helpline in New Zealand. Phone: 0800 654 656. Website: https://gamblinghelpline.co.nz/. Topics covered: mental health.,https://gamblinghelpline.co.nz/,helplines_crisis,New Zealand,0800 654 656
findahelpline.com,crisis,Helpline: 0800 ANXIETY Helpline,helpline,0800 ANXIETY Helpline is a mental health helpline in New Zealand. Phone: 0800 269 438. Website: https://www.anxiety.org.nz/. Topics covered: mental health.,https://www.anxiety.org.nz/,helplines_crisis,New Zealand,0800 269 438
findahelpline.com,crisis,Helpline: Shakti Crisisline,helpline,Shakti Crisisline is a mental health helpline in New Zealand. Phone: 0800 742 584. Website: https://shaktiinternational.org/shakati-new-zealand/. Topics covered: mental health.,https://shaktiinternational.org/shakati-new-zealand/,helplines_crisis,New Zealand,0800 742 584
findahelpline.com,crisis,Helpline: Victim Support,helpline,Victim Support is a mental health helpline in New Zealand. Phone: 0800 842 846. Website: https://www.victimsupport.org.nz/. Topics covered: mental health.,https://www.victimsupport.org.nz/,helplines_crisis,New Zealand,0800 842 846
findahelpline.com,crisis,Helpline: Elder Abuse Response Service,helpline,Elder Abuse Response Service is a mental health helpline in New Zealand. Phone: 0800 32 668 65. Website: https://officeforseniors.govt.nz/our-work/raising-awareness-of-elder-abuse/elder-abuse-response-service/. Topics covered: mental health.,https://officeforseniors.govt.nz/our-work/raising-awareness-of-elder-abuse/elder-abuse-response-service/,helplines_crisis,New Zealand,0800 32 668 65
findahelpline.com,crisis,Helpline: Rural Support Trust,helpline,Rural Support Trust is a mental health helpline in New Zealand. Phone: 0800 787 254. Website: https://www.rural-support.org.nz/. Topics covered: mental health.,https://www.rural-support.org.nz/,helplines_crisis,New Zealand,0800 787 254
findahelpline.com,crisis,Helpline: 0800 What's Up,helpline,0800 What's Up is a mental health helpline in New Zealand. Phone: 0800 942 8787. Website: https://whatsup.co.nz/. Topics covered: mental health.,https://whatsup.co.nz/,helplines_crisis,New Zealand,0800 942 8787
findahelpline.com,crisis,Helpline: Vagus Centre,helpline,Vagus Centre is a mental health helpline in New Zealand. Phone: 0800 567 6666. Website: https://cmh.org.nz/. Topics covered: mental health.,https://cmh.org.nz/,helplines_crisis,New Zealand,0800 567 6666
findahelpline.com,crisis,Helpline: Problem Gambling Foundation - PGF Services,helpline,Problem Gambling Foundation - PGF Services is a mental health helpline in New Zealand. Phone: 0800 664 262. Website: http://www.pgf.nz. Topics covered: mental health.,http://www.pgf.nz,helplines_crisis,New Zealand,0800 664 262
findahelpline.com,crisis,Helpline: Asian Family Services,helpline,Asian Family Services is a mental health helpline in New Zealand. Phone: 0800 862 342. Website: https://www.asianfamilyservices.nz/. Topics covered: mental health.,https://www.asianfamilyservices.nz/,helplines_crisis,New Zealand,0800 862 342
findahelpline.com,crisis,Helpline: OutLine,helpline,OutLine is a mental health helpline in New Zealand. Phone: 0800 688 5463. Website: https://outline.org.nz/. Topics covered: mental health.,https://outline.org.nz/,helplines_crisis,New Zealand,0800 688 5463
findahelpline.com,crisis,Helpline: Parent Help,helpline,Parent Help is a mental health helpline in New Zealand. Phone: 0800 568 856. Website: https://www.parenthelp.org.nz/. Topics covered: mental health.,https://www.parenthelp.org.nz/,helplines_crisis,New Zealand,0800 568 856
findahelpline.com,crisis,Helpline: Samaritans (Ireland),helpline,Samaritans (Ireland) is a mental health helpline in Ireland. Phone: 116 123. Website: https://www.samaritans.ie. Topics covered: mental health.,https://www.samaritans.ie,helplines_crisis,Ireland,116 123
findahelpline.com,crisis,Helpline: Pieta,helpline,Pieta is a mental health helpline in Ireland. Phone: 1800 247 247. Website: https://www.pieta.ie/how-we-can-help/helpline/. Topics covered: mental health.,https://www.pieta.ie/how-we-can-help/helpline/,helplines_crisis,Ireland,1800 247 247
findahelpline.com,crisis,Helpline: Childline Listening,helpline,Childline Listening is a mental health helpline in Ireland. Phone: 1800 666 666. Website: http://www.childline.ie. Topics covered: mental health.,http://www.childline.ie,helplines_crisis,Ireland,1800 666 666
findahelpline.com,crisis,Helpline: Text About It,helpline,Text About It is a mental health helpline in Ireland. Website: https://www.textaboutit.ie/. Topics covered: mental health.,https://www.textaboutit.ie/,helplines_crisis,Ireland,
findahelpline.com,crisis,Helpline: Federation For Victim Assistance,helpline,Federation For Victim Assistance is a mental health helpline in Ireland. Phone: 1800 277 477. Website: https://victimassistance.ie. Topics covered: mental health.,https://victimassistance.ie,helplines_crisis,Ireland,1800 277 477
findahelpline.com,crisis,Helpline: Missing Childrens Hotline,helpline,Missing Childrens Hotline is a mental health helpline in Ireland. Phone: 116 000. Website: https://www.ispcc.ie/missing-childrens-hotline/. Topics covered: mental health.,https://www.ispcc.ie/missing-childrens-hotline/,helplines_crisis,Ireland,116 000
findahelpline.com,crisis,Helpline: SOSAD Ireland,helpline,SOSAD Ireland is a mental health helpline in Ireland. Phone: 1800 901  909. Website: https://www.sosadireland.ie/. Topics covered: mental health.,https://www.sosadireland.ie/,helplines_crisis,Ireland,1800 901  909
findahelpline.com,crisis,Helpline: Women's Aid 24 hour National Freephone Helpline,helpline,Women's Aid 24 hour National Freephone Helpline is a mental health helpline in Ireland. Phone: 1800 341 900. Website: https://www.womensaid.ie/. Topics covered: mental health.,https://www.womensaid.ie/,helplines_crisis,Ireland,1800 341 900
findahelpline.com,crisis,Helpline: National Rape Crisis Helpline,helpline,National Rape Crisis Helpline is a mental health helpline in Ireland. Phone: 1800 778 888. Website: https://www.drcc.ie/. Topics covered: mental health.,https://www.drcc.ie/,helplines_crisis,Ireland,1800 778 888
findahelpline.com,crisis,Helpline: National Freephone Careline,helpline,National Freephone Careline is a mental health helpline in Ireland. Phone: 1800 24 07 24. Website: https://familycarers.ie/. Topics covered: mental health.,https://familycarers.ie/,helplines_crisis,Ireland,1800 24 07 24
findahelpline.com,crisis,Helpline: Teenline Ireland,helpline,Teenline Ireland is a mental health helpline in Ireland. Phone: 1800 833 634. Website: https://www.ispcc.ie/teenline/. Topics covered: mental health.,https://www.ispcc.ie/teenline/,helplines_crisis,Ireland,1800 833 634
findahelpline.com,crisis,Helpline: Esker House Domestic Abuse Support Service,helpline,Esker House Domestic Abuse Support Service is a mental health helpline in Ireland. Phone: 1800 662 288. Website: https://www.eskerhouse.ie/. Topics covered: mental health.,https://www.eskerhouse.ie/,helplines_crisis,Ireland,1800 662 288
findahelpline.com,crisis,Helpline: Men's Aid,helpline,Men's Aid is a mental health helpline in Ireland. Phone: 01 554 3811. Website: http://www.mensaid.ie. Topics covered: mental health.,http://www.mensaid.ie,helplines_crisis,Ireland,01 554 3811
findahelpline.com,crisis,Helpline: Crime Victims Helpline,helpline,Crime Victims Helpline is a mental health helpline in Ireland. Phone: 116 006. Website: https://www.crimevictimshelpline.ie/. Topics covered: mental health.,https://www.crimevictimshelpline.ie/,helplines_crisis,Ireland,116 006
findahelpline.com,crisis,Helpline: Embrace FARM,helpline,Embrace FARM is a mental health helpline in Ireland. Phone: (085) 770-9966. Website: https://embracefarm.com/. Topics covered: mental health.,https://embracefarm.com/,helplines_crisis,Ireland,(085) 770-9966
findahelpline.com,crisis,Helpline: The Alzheimer Society of Ireland's National Helpline,helpline,The Alzheimer Society of Ireland's National Helpline is a mental health helpline in Ireland. Phone: 1800 341 341. Website: https://alzheimer.ie/. Topics covered: mental health.,https://alzheimer.ie/,helplines_crisis,Ireland,1800 341 341
findahelpline.com,crisis,Helpline: National Male Advice Line,helpline,National Male Advice Line is a mental health helpline in Ireland. Phone: 1800 816 588. Website: https://mensnetwork.ie/. Topics covered: mental health.,https://mensnetwork.ie/,helplines_crisis,Ireland,1800 816 588
findahelpline.com,crisis,Helpline: Aware,helpline,Aware is a mental health helpline in Ireland. Phone: 1800 80 48 48. Website: https://www.aware.ie/. Topics covered: mental health.,https://www.aware.ie/,helplines_crisis,Ireland,1800 80 48 48
findahelpline.com,crisis,Helpline: Dunlewey Problem Gambling Helpline,helpline,Dunlewey Problem Gambling Helpline is a mental health helpline in Ireland. Phone: 1800 936 725. Website: https://dunlewey.org. Topics covered: mental health.,https://dunlewey.org,helplines_crisis,Ireland,1800 936 725
findahelpline.com,crisis,Helpline: An Garda Síochána,helpline,An Garda Síochána is a mental health helpline in Ireland. Website: https://www.garda.ie/. Topics covered: mental health.,https://www.garda.ie/,helplines_crisis,Ireland,
findahelpline.com,crisis,Helpline: Al-Anon Family Groups Helpline Eire,helpline,Al-Anon Family Groups Helpline Eire is a mental health helpline in Ireland. Phone: 01 873 2699. Website: https://www.al-anonuk.org.uk. Topics covered: mental health.,https://www.al-anonuk.org.uk,helplines_crisis,Ireland,01 873 2699
findahelpline.com,crisis,Helpline: Bodywhys,helpline,Bodywhys is a mental health helpline in Ireland. Phone: 012107906. Website: https://www.bodywhys.ie/. Topics covered: mental health.,https://www.bodywhys.ie/,helplines_crisis,Ireland,012107906
findahelpline.com,crisis,Helpline: MS Ireland Information Line,helpline,MS Ireland Information Line is a mental health helpline in Ireland. Phone: 0818 233 233. Website: https://www.ms-society.ie/. Topics covered: mental health.,https://www.ms-society.ie/,helplines_crisis,Ireland,0818 233 233
findahelpline.com,crisis,Helpline: The CARI Careline,helpline,The CARI Careline is a mental health helpline in Ireland. Phone: 0818 924567. Website: https://www.cari.ie/. Topics covered: mental health.,https://www.cari.ie/,helplines_crisis,Ireland,0818 924567
findahelpline.com,crisis,Helpline: Ruhama,helpline,Ruhama is a mental health helpline in Ireland. Phone: 1800 02 02 02. Website: https://www.ruhama.ie/. Topics covered: mental health.,https://www.ruhama.ie/,helplines_crisis,Ireland,1800 02 02 02
findahelpline.com,crisis,Helpline: LGBT Ireland - National LGBT+ Helpline,helpline,LGBT Ireland - National LGBT+ Helpline is a mental health helpline in Ireland. Phone: 1800 929 539. Website: https://lgbt.ie/. Topics covered: mental health.,https://lgbt.ie/,helplines_crisis,Ireland,1800 929 539
findahelpline.com,crisis,Helpline: Switchboard LGBTQIA+ Helpline,helpline,Switchboard LGBTQIA+ Helpline is a mental health helpline in Ireland. Phone: 01 872 1055. Website: https://www.theswitchboard.ie/. Topics covered: mental health.,https://www.theswitchboard.ie/,helplines_crisis,Ireland,01 872 1055
findahelpline.com,crisis,Helpline: Connect Counselling & Support Service,helpline,Connect Counselling & Support Service is a mental health helpline in Ireland. Phone: 1800 477 477. Website: https://connectcounselling.ie/. Topics covered: mental health.,https://connectcounselling.ie/,helplines_crisis,Ireland,1800 477 477
findahelpline.com,crisis,Helpline: Bereavement Support Line,helpline,Bereavement Support Line is a mental health helpline in Ireland. Phone: 1800 80 70 77. Website: https://hospicefoundation.ie/. Topics covered: mental health.,https://hospicefoundation.ie/,helplines_crisis,Ireland,1800 80 70 77
findahelpline.com,crisis,Helpline: HSE HIV and Sexual Health Helpline,helpline,HSE HIV and Sexual Health Helpline is a mental health helpline in Ireland. Phone: 1800 459 459. Website: https://www2.hse.ie/conditions/hiv/hiv-overview-and-symptoms/. Topics covered: mental health.,https://www2.hse.ie/conditions/hiv/hiv-overview-and-symptoms/,helplines_crisis,Ireland,1800 459 459
findahelpline.com,crisis,Helpline: HSE Drugs & Alcohol Helpline,helpline,HSE Drugs & Alcohol Helpline is a mental health helpline in Ireland. Phone: 1800 459 459. Website: https://www.drugs.ie/phone/. Topics covered: mental health.,https://www.drugs.ie/phone/,helplines_crisis,Ireland,1800 459 459
findahelpline.com,crisis,Helpline: LGBT Ireland - Transgender Family Support Line,helpline,LGBT Ireland - Transgender Family Support Line is a mental health helpline in Ireland. Phone: 01 907 3707. Website: https://lgbt.ie/our-services/. Topics covered: mental health.,https://lgbt.ie/our-services/,helplines_crisis,Ireland,01 907 3707
findahelpline.com,crisis,Helpline: Men’s Mental Health Support Line,helpline,Men’s Mental Health Support Line is a mental health helpline in Ireland. Phone: 1800 577 577. Website: https://connectcounselling.ie/. Topics covered: mental health.,https://connectcounselling.ie/,helplines_crisis,Ireland,1800 577 577
findahelpline.com,crisis,Helpline: ALONE,helpline,ALONE is a mental health helpline in Ireland. Phone: 0818 222 024. Website: https://alone.ie/. Topics covered: mental health.,https://alone.ie/,helplines_crisis,Ireland,0818 222 024
findahelpline.com,crisis,Helpline: Barnardos Childrens Bereavement Helpline,helpline,Barnardos Childrens Bereavement Helpline is a mental health helpline in Ireland. Phone: 01 473 2110. Website: https://barnardos.ie/who-we-are/contact-barnardos/. Topics covered: mental health.,https://barnardos.ie/who-we-are/contact-barnardos/,helplines_crisis,Ireland,01 473 2110
findahelpline.com,crisis,Helpline: Askonefamily Helpline,helpline,Askonefamily Helpline is a mental health helpline in Ireland. Phone: 01 662 9212. Website: https://onefamily.ie/. Topics covered: mental health.,https://onefamily.ie/,helplines_crisis,Ireland,01 662 9212
findahelpline.com,crisis,Helpline: Parentline,helpline,Parentline is a mental health helpline in Ireland. Phone: 018733500. Website: https://www.parentline.ie/. Topics covered: mental health.,https://www.parentline.ie/,helplines_crisis,Ireland,018733500
findahelpline.com,crisis,Helpline: Barnardos Parent Supportline,helpline,Barnardos Parent Supportline is a mental health helpline in Ireland. Phone: 1800 910 123. Website: https://www.barnardos.ie/. Topics covered: mental health.,https://www.barnardos.ie/,helplines_crisis,Ireland,1800 910 123
findahelpline.com,crisis,Helpline: Towards Healing,helpline,Towards Healing is a mental health helpline in Ireland. Phone: 1800 303 416. Website: https://towardshealing.ie/. Topics covered: mental health.,https://towardshealing.ie/,helplines_crisis,Ireland,1800 303 416
findahelpline.com,crisis,Helpline: My Options,helpline,My Options is a mental health helpline in Ireland. Phone: 1800 828 010. Website: https://www2.hse.ie/services/unplanned-pregnancy/support-services/my-options-freephone/. Topics covered: mental health.,https://www2.hse.ie/services/unplanned-pregnancy/support-services/my-options-freephone/,helplines_crisis,Ireland,1800 828 010
findahelpline.com,crisis,Helpline: Jigsaw,helpline,Jigsaw is a mental health helpline in Ireland. Website: https://jigsaw.ie/talk-online/live-chat/. Topics covered: mental health.,https://jigsaw.ie/talk-online/live-chat/,helplines_crisis,Ireland,
findahelpline.com,crisis,Helpline: LifeLine South Africa,helpline,LifeLine South Africa is a mental health helpline in South Africa. Phone: 0861-322-322. Website: https://lifelinesa.co.za/. Topics covered: mental health.,https://lifelinesa.co.za/,helplines_crisis,South Africa,0861-322-322
findahelpline.com,crisis,Helpline: Childline South Africa,helpline,Childline South Africa is a mental health helpline in South Africa. Phone: 116. Website: https://www.childlinesa.org.za. Topics covered: mental health.,https://www.childlinesa.org.za,helplines_crisis,South Africa,116
findahelpline.com,crisis,Helpline: LifeLine Johannesburg,helpline,LifeLine Johannesburg is a mental health helpline in South Africa. Phone: 0861 322 322. Website: https://www.lifelinejhb.org.za/. Topics covered: mental health.,https://www.lifelinejhb.org.za/,helplines_crisis,South Africa,0861 322 322
findahelpline.com,crisis,Helpline: Gender-Based Violence Command Centre helpline,helpline,Gender-Based Violence Command Centre helpline is a mental health helpline in South Africa. Phone: 0800 428 428. Website: https://gbv.org.za/. Topics covered: mental health.,https://gbv.org.za/,helplines_crisis,South Africa,0800 428 428
findahelpline.com,crisis,Helpline: Stop Gender Violence Helpline,helpline,Stop Gender Violence Helpline is a mental health helpline in South Africa. Phone: 0800 150 150. Website: https://lifelinesa.co.za/. Topics covered: mental health.,https://lifelinesa.co.za/,helplines_crisis,South Africa,0800 150 150
findahelpline.com,crisis,Helpline: Department of Social Development Substance Abuse Line 24hr helpline,helpline,Department of Social Development Substance Abuse Line 24hr helpline is a mental health helpline in South Africa. Phone: 0800 12 13 14. Website: https://www.sadag.org/. Topics covered: mental health.,https://www.sadag.org/,helplines_crisis,South Africa,0800 12 13 14
findahelpline.com,crisis,Helpline: Suicide Crisis Line,helpline,Suicide Crisis Line is a mental health helpline in South Africa. Phone: 0800 567 567. Website: https://www.sadag.org/. Topics covered: mental health.,https://www.sadag.org/,helplines_crisis,South Africa,0800 567 567
findahelpline.com,crisis,Helpline: Netcare Akeso Crisis Line,helpline,Netcare Akeso Crisis Line is a mental health helpline in South Africa. Phone: 0861 435 787. Website: https://www.akeso.co.za/. Topics covered: mental health.,https://www.akeso.co.za/,helplines_crisis,South Africa,0861 435 787
findahelpline.com,crisis,Helpline: Tears Foundation Hope Line,helpline,Tears Foundation Hope Line is a mental health helpline in South Africa. Phone: 08000 83277. Website: https://tears.co.za/. Topics covered: mental health.,https://tears.co.za/,helplines_crisis,South Africa,08000 83277
findahelpline.com,crisis,Helpline: National Aids Helpline,helpline,National Aids Helpline is a mental health helpline in South Africa. Phone: 0800-012-322. Website: https://lifelinesa.co.za/. Topics covered: mental health.,https://lifelinesa.co.za/,helplines_crisis,South Africa,0800-012-322
findahelpline.com,crisis,Helpline: Alcoholics Anonymous South Africa,helpline,Alcoholics Anonymous South Africa is a mental health helpline in South Africa. Phone: 0861 435 722. Website: https://aasouthafrica.org.za/. Topics covered: mental health.,https://aasouthafrica.org.za/,helplines_crisis,South Africa,0861 435 722
findahelpline.com,crisis,Helpline: AL-ANON,helpline,AL-ANON is a mental health helpline in South Africa. Phone: 0861 252 666. Website: https://www.alanon.org.za/. Topics covered: mental health.,https://www.alanon.org.za/,helplines_crisis,South Africa,0861 252 666
findahelpline.com,crisis,Helpline: Rape Crisis Cape Town Trust Helpline,helpline,Rape Crisis Cape Town Trust Helpline is a mental health helpline in South Africa. Phone: 021-447-9762. Website: https://rapecrisis.org.za/. Topics covered: mental health.,https://rapecrisis.org.za/,helplines_crisis,South Africa,021-447-9762
findahelpline.com,crisis,Helpline: National Shelter Movement of South Africa - Helpline,helpline,National Shelter Movement of South Africa - Helpline is a mental health helpline in South Africa. Phone: 0800 001 005. Website: https://www.nsmsa.org.za/. Topics covered: mental health.,https://www.nsmsa.org.za/,helplines_crisis,South Africa,0800 001 005
findahelpline.com,crisis,Helpline: Triangle Project,helpline,Triangle Project is a mental health helpline in South Africa. Phone: (021) 712-6699. Website: https://triangle.org.za/. Topics covered: mental health.,https://triangle.org.za/,helplines_crisis,South Africa,(021) 712-6699
findahelpline.com,crisis,Helpline: Tafta Elder Abuse Line (TEAL),helpline,Tafta Elder Abuse Line (TEAL) is a mental health helpline in South Africa. Phone: 0800 10 11 10. Website: https://tafta.org.za/. Topics covered: mental health.,https://tafta.org.za/,helplines_crisis,South Africa,0800 10 11 10
findahelpline.com,crisis,Helpline: POWA Helpline,helpline,POWA Helpline is a mental health helpline in South Africa. Phone: 011 642 4345. Website: https://www.powa.co.za/. Topics covered: mental health.,https://www.powa.co.za/,helplines_crisis,South Africa,011 642 4345
findahelpline.com,crisis,Helpline: national mindline 1771,helpline,national mindline 1771 is a mental health helpline in Singapore. Phone: 1771. Website: https://www.mindline.sg/get-help. Topics covered: mental health.,https://www.mindline.sg/get-help,helplines_crisis,Singapore,1771
findahelpline.com,crisis,Helpline: Samaritans of Singapore,helpline,Samaritans of Singapore is a mental health helpline in Singapore. Phone: 1767. Website: https://www.sos.org.sg/our-services/. Topics covered: mental health.,https://www.sos.org.sg/our-services/,helplines_crisis,Singapore,1767
findahelpline.com,crisis,Helpline: Singapore Association for Mental Health (SAMH) Helpline,helpline,Singapore Association for Mental Health (SAMH) Helpline is a mental health helpline in Singapore. Phone: 1800-283-7019. Website: https://www.samhealth.org.sg/. Topics covered: mental health.,https://www.samhealth.org.sg/,helplines_crisis,Singapore,1800-283-7019
findahelpline.com,crisis,Helpline: Tinkle Friend,helpline,Tinkle Friend is a mental health helpline in Singapore. Phone: 1800-2744-788. Website: https://tinklefriend.sg/. Topics covered: mental health.,https://tinklefriend.sg/,helplines_crisis,Singapore,1800-2744-788
findahelpline.com,crisis,Helpline: National Problem Gambling Helpline,helpline,National Problem Gambling Helpline is a mental health helpline in Singapore. Phone: 1-800-666-8668. Website: https://www.ncpg.org.sg/. Topics covered: mental health.,https://www.ncpg.org.sg/,helplines_crisis,Singapore,1-800-666-8668
findahelpline.com,crisis,Helpline: Sexual Assault Care Centre (SACC),helpline,Sexual Assault Care Centre (SACC) is a mental health helpline in Singapore. Phone: 6779 0282. Website: https://sacc.aware.org.sg/. Topics covered: mental health.,https://sacc.aware.org.sg/,helplines_crisis,Singapore,6779 0282
findahelpline.com,crisis,Helpline: Women's Helpline,helpline,Women's Helpline is a mental health helpline in Singapore. Phone: 1800 777 5555. Website: https://www.aware.org.sg/. Topics covered: mental health.,https://www.aware.org.sg/,helplines_crisis,Singapore,1800 777 5555
findahelpline.com,crisis,Helpline: NCMH Crisis Hotline,helpline,NCMH Crisis Hotline is a mental health helpline in Philippines. Phone: 1800-1888-1553. Website: https://www.facebook.com/ncmhcrisishotline?mibextid=LQQJ4d. Topics covered: mental health.,https://www.facebook.com/ncmhcrisishotline?mibextid=LQQJ4d,helplines_crisis,Philippines,1800-1888-1553
findahelpline.com,crisis,Helpline: In Touch: Crisis Line,helpline,In Touch: Crisis Line is a mental health helpline in Philippines. Phone: +63 2 8893 7603. Website: https://www.in-touch.org/. Topics covered: mental health.,https://www.in-touch.org/,helplines_crisis,Philippines,+63 2 8893 7603
findahelpline.com,crisis,Helpline: Tawag Paglaum - Centro Bisaya,helpline,Tawag Paglaum - Centro Bisaya is a mental health helpline in Philippines. Phone: 0966-467-9626. Website: https://www.facebook.com/profile.php?id=100068862624004. Topics covered: mental health.,https://www.facebook.com/profile.php?id=100068862624004,helplines_crisis,Philippines,0966-467-9626
findahelpline.com,crisis,Helpline: Bantay Bata Helpline 163,helpline,Bantay Bata Helpline 163 is a mental health helpline in Philippines. Website: https://www.abs-cbnfoundation.org/child-welfare/. Topics covered: mental health.,https://www.abs-cbnfoundation.org/child-welfare/,helplines_crisis,Philippines,
findahelpline.com,crisis,Helpline: HOPELINE,helpline,HOPELINE is a mental health helpline in Philippines. Phone: (02) 8804-4673. Website: https://www.facebook.com/HopelinePH/. Topics covered: mental health.,https://www.facebook.com/HopelinePH/,helplines_crisis,Philippines,(02) 8804-4673
findahelpline.com,crisis,Helpline: Asido Foundation,helpline,Asido Foundation is a mental health helpline in Nigeria. Phone: +2349028080416. Website: https://asidofoundation.com/. Topics covered: mental health.,https://asidofoundation.com/,helplines_crisis,Nigeria,+2349028080416
findahelpline.com,crisis,Helpline: SURPIN Helpline Nigeria,helpline,SURPIN Helpline Nigeria is a mental health helpline in Nigeria. Phone: 080 0078 7746. Website: https://www.surpinng.com/. Topics covered: mental health.,https://www.surpinng.com/,helplines_crisis,Nigeria,080 0078 7746
findahelpline.com,crisis,Helpline: Mentally Aware Nigeria Initiative (MANI),helpline,Mentally Aware Nigeria Initiative (MANI) is a mental health helpline in Nigeria. Phone: (809) 111-6264. Website: https://mentallyaware.org/contact/. Topics covered: mental health.,https://mentallyaware.org/contact/,helplines_crisis,Nigeria,(809) 111-6264
findahelpline.com,crisis,Helpline: Women Safe House Sustenance Initiative 24 Hour Crisis Helpline,helpline,Women Safe House Sustenance Initiative 24 Hour Crisis Helpline is a mental health helpline in Nigeria. Phone: +2348121133399. Website: https://www.womensafehouse.org. Topics covered: mental health.,https://www.womensafehouse.org,helplines_crisis,Nigeria,+2348121133399
findahelpline.com,crisis,Helpline: The Cece Yara 24 Hour Child Helpline,helpline,The Cece Yara 24 Hour Child Helpline is a mental health helpline in Nigeria. Phone: 0800 800 8001. Website: https://www.ceceyara.org/. Topics covered: mental health.,https://www.ceceyara.org/,helplines_crisis,Nigeria,0800 800 8001
findahelpline.com,crisis,Helpline: Women at Risk International Foundation (WARIF) Helpline,helpline,Women at Risk International Foundation (WARIF) Helpline is a mental health helpline in Nigeria. Phone: (+234) 8009 210 0009. Website: https://warifng.org/. Topics covered: mental health.,https://warifng.org/,helplines_crisis,Nigeria,(+234) 8009 210 0009
findahelpline.com,crisis,Helpline: Gamble Alert,helpline,Gamble Alert is a mental health helpline in Nigeria. Phone: +234 916 295 7989. Website: https://gamblealert.org/. Topics covered: mental health.,https://gamblealert.org/,helplines_crisis,Nigeria,+234 916 295 7989
findahelpline.com,crisis,Helpline: MSI Nigeria Reproductive Choices,helpline,MSI Nigeria Reproductive Choices is a mental health helpline in Nigeria. Phone: 0800 00 22252. Website: https://mariestopes.org.ng/. Topics covered: mental health.,https://mariestopes.org.ng/,helplines_crisis,Nigeria,0800 00 22252
findahelpline.com,crisis,Helpline: Rozan Counseling Helpline,helpline,Rozan Counseling Helpline is a mental health helpline in Pakistan. Phone: 0304 111 1741. Topics covered: mental health.,https://findahelpline.com/countries/pk,helplines_crisis,Pakistan,0304 111 1741
findahelpline.com,crisis,Helpline: Bedari Helpline,helpline,Bedari Helpline is a mental health helpline in Pakistan. Phone: 0300-5251717. Website: https://bedari.org.pk/. Topics covered: mental health.,https://bedari.org.pk/,helplines_crisis,Pakistan,0300-5251717
findahelpline.com,crisis,Helpline: Bolo Helpline KPK,helpline,Bolo Helpline KPK is a mental health helpline in Pakistan. Phone: 03361097123. Website: https://www.facebook.com/BolohelplineKp/. Topics covered: mental health.,https://www.facebook.com/BolohelplineKp/,helplines_crisis,Pakistan,03361097123
findahelpline.com,crisis,Helpline: Digital Security Helpline,helpline,Digital Security Helpline is a mental health helpline in Pakistan. Phone: 0800-39393. Website: https://digitalrightsfoundation.pk/. Topics covered: mental health.,https://digitalrightsfoundation.pk/,helplines_crisis,Pakistan,0800-39393
findahelpline.com,crisis,"Helpline: Child Helpline, Child Protection and Welfare Bureau",helpline,"Child Helpline, Child Protection and Welfare Bureau is a mental health helpline in Pakistan. Phone: 1121. Website: https://www.facebook.com/cpwb.punjab.gov/. Topics covered: mental health.",https://www.facebook.com/cpwb.punjab.gov/,helplines_crisis,Pakistan,1121
findahelpline.com,crisis,Helpline: Kaan Pete Roi,helpline,Kaan Pete Roi is a mental health helpline in Bangladesh. Phone: +880 9612-119911. Website: https://www.facebook.com/kaan.pete.roi/. Topics covered: mental health.,https://www.facebook.com/kaan.pete.roi/,helplines_crisis,Bangladesh,+880 9612-119911
findahelpline.com,crisis,Helpline: Talk Hope,helpline,Talk Hope is a mental health helpline in Bangladesh. Phone: +880 9638 881 888. Website: https://www.facebook.com/talkhope.bd. Topics covered: mental health.,https://www.facebook.com/talkhope.bd,helplines_crisis,Bangladesh,+880 9638 881 888
findahelpline.com,crisis,Helpline: Bangladesh Child Helpline 1098,helpline,Bangladesh Child Helpline 1098 is a mental health helpline in Bangladesh. Phone: 1098. Website: https://dss.gov.bd/site/page/bb38e6c2-e1b6-4798-82d5-9e261a7ea89b. Topics covered: mental health.,https://dss.gov.bd/site/page/bb38e6c2-e1b6-4798-82d5-9e261a7ea89b,helplines_crisis,Bangladesh,1098
findahelpline.com,crisis,Helpline: Vent by Mindspace,helpline,Vent by Mindspace is a mental health helpline in Bangladesh. Phone: +8809678678778. Website: https://www.mindspacebd.com/. Topics covered: mental health.,https://www.mindspacebd.com/,helplines_crisis,Bangladesh,+8809678678778
findahelpline.com,crisis,Helpline: Helpline for Victim of Violence,helpline,Helpline for Victim of Violence is a mental health helpline in Bangladesh. Phone: 01717 363 647. Website: https://mahilaparishad.org/. Topics covered: mental health.,https://mahilaparishad.org/,helplines_crisis,Bangladesh,01717 363 647
findahelpline.com,crisis,Helpline: Befrienders Kenya,helpline,Befrienders Kenya is a mental health helpline in Kenya. Phone: +254 722 178177. Website: https://www.facebook.com/befrienderskenya/. Topics covered: mental health.,https://www.facebook.com/befrienderskenya/,helplines_crisis,Kenya,+254 722 178177
findahelpline.com,crisis,Helpline: National Child Helpline 116,helpline,National Child Helpline 116 is a mental health helpline in Kenya. Phone: 116. Website: https://www.childlinekenya.co.ke. Topics covered: mental health.,https://www.childlinekenya.co.ke,helplines_crisis,Kenya,116
findahelpline.com,crisis,Helpline: one2one 1190,helpline,one2one 1190 is a mental health helpline in Kenya. Phone: 1190. Website: https://www.one2onekenya.org. Topics covered: mental health.,https://www.one2onekenya.org,helplines_crisis,Kenya,1190
findahelpline.com,crisis,Helpline: Coalition on Violence Against Women (COVAW),helpline,Coalition on Violence Against Women (COVAW) is a mental health helpline in Kenya. Phone: 0800 720 553. Website: https://covaw.or.ke/. Topics covered: mental health.,https://covaw.or.ke/,helplines_crisis,Kenya,0800 720 553
findahelpline.com,crisis,Helpline: NACADA Toll Free Helpline,helpline,NACADA Toll Free Helpline is a mental health helpline in Kenya. Phone: 1192. Website: https://nacada.go.ke/. Topics covered: mental health.,https://nacada.go.ke/,helplines_crisis,Kenya,1192
findahelpline.com,crisis,Helpline: Talian HEAL (Help with Empathy And Love) 15555,helpline,Talian HEAL (Help with Empathy And Love) 15555 is a mental health helpline in Malaysia. Phone: 15555. Website: https://sites.google.com/moh.gov.my/ncemh/talian-sokongan-psikososial?authuser=0. Topics covered: mental health.,https://sites.google.com/moh.gov.my/ncemh/talian-sokongan-psikososial?authuser=0,helplines_crisis,Malaysia,15555
findahelpline.com,crisis,Helpline: Talian Kasih 15999 Hotline,helpline,Talian Kasih 15999 Hotline is a mental health helpline in Malaysia. Phone: 15999. Website: https://www.kpwkm.gov.my/portal-main/article?id=talian-kasih. Topics covered: mental health.,https://www.kpwkm.gov.my/portal-main/article?id=talian-kasih,helplines_crisis,Malaysia,15999
findahelpline.com,crisis,Helpline: Befrienders Kuala Lumpur,helpline,Befrienders Kuala Lumpur is a mental health helpline in Malaysia. Phone: 0376272929. Website: https://www.befrienders.org.my/. Topics covered: mental health.,https://www.befrienders.org.my/,helplines_crisis,Malaysia,0376272929
findahelpline.com,crisis,Helpline: TINA,helpline,TINA is a mental health helpline in Malaysia. Phone: 603-3000 8858. Website: https://wao.org.my/. Topics covered: mental health.,https://wao.org.my/,helplines_crisis,Malaysia,603-3000 8858
findahelpline.com,crisis,Helpline: MIASA Crisis Helpline,helpline,MIASA Crisis Helpline is a mental health helpline in Malaysia. Phone: 1-800-18-0066. Website: https://www.facebook.com/miasamalaysia/. Topics covered: mental health.,https://www.facebook.com/miasamalaysia/,helplines_crisis,Malaysia,1-800-18-0066
findahelpline.com,crisis,Helpline: LEV8 Peer Support (chemsex & meth addiction),helpline,LEV8 Peer Support (chemsex & meth addiction) is a mental health helpline in Malaysia. Phone: 0122309768. Website: https://www.facebook.com/LEV8.MY. Topics covered: mental health.,https://www.facebook.com/LEV8.MY,helplines_crisis,Malaysia,0122309768
findahelpline.com,crisis,Helpline: Narcotics Anonymous Malaysia,helpline,Narcotics Anonymous Malaysia is a mental health helpline in Malaysia. Phone: +60 11-1511 4022. Website: https://www.namalaysia.my/. Topics covered: mental health.,https://www.namalaysia.my/,helplines_crisis,Malaysia,+60 11-1511 4022
findahelpline.com,crisis,Helpline: Pertubuhan Kebajikan Sneham Malaysia (Sneham Welfare Organisation Malaysia),helpline,Pertubuhan Kebajikan Sneham Malaysia (Sneham Welfare Organisation Malaysia) is a mental health helpline in Malaysia. Phone: 1 800 22 5757. Website: https://www.facebook.com/snehammalaysia/. Topics covered: mental health.,https://www.facebook.com/snehammalaysia/,helplines_crisis,Malaysia,1 800 22 5757
findahelpline.com,crisis,Helpline: Life Line Association Malaysia,helpline,Life Line Association Malaysia is a mental health helpline in Malaysia. Phone: 15995. Website: https://lifeline.org.my/7995/. Topics covered: mental health.,https://lifeline.org.my/7995/,helplines_crisis,Malaysia,15995
findahelpline.com,crisis,Helpline: PT Foundation's Peer Listening Helpline,helpline,PT Foundation's Peer Listening Helpline is a mental health helpline in Malaysia. Phone: 03-27876005. Website: https://www.facebook.com/ptfmalaysia/. Topics covered: mental health.,https://www.facebook.com/ptfmalaysia/,helplines_crisis,Malaysia,03-27876005
findahelpline.com,crisis,Helpline: Telenita Helpline,helpline,Telenita Helpline is a mental health helpline in Malaysia. Phone: 016 237 4221. Website: https://www.awam.org.my/. Topics covered: mental health.,https://www.awam.org.my/,helplines_crisis,Malaysia,016 237 4221
findahelpline.com,crisis,Helpline: Buddy Bear Helpline,helpline,Buddy Bear Helpline is a mental health helpline in Malaysia. Phone: 1800182327. Website: https://www.humankind.my/buddybear-helpline. Topics covered: mental health.,https://www.humankind.my/buddybear-helpline,helplines_crisis,Malaysia,1800182327
findahelpline.com,crisis,Helpline: WCC Penang,helpline,WCC Penang is a mental health helpline in Malaysia. Phone: 011-3108 4001. Website: https://www.wccpenang.org/. Topics covered: mental health.,https://www.wccpenang.org/,helplines_crisis,Malaysia,011-3108 4001
findahelpline.com,crisis,Helpline: Pusat Perkhidmatan Wanita (PPW),helpline,Pusat Perkhidmatan Wanita (PPW) is a mental health helpline in Malaysia. Phone: 016-439 0698. Website: https://www.wccpenang.org/. Topics covered: mental health.,https://www.wccpenang.org/,helplines_crisis,Malaysia,016-439 0698
findahelpline.com,crisis,Helpline: Gem Helpline,helpline,Gem Helpline is a mental health helpline in Malaysia. Phone: +60 11 2528 9610. Website: https://www.facebook.com/Gem.Helpline/. Topics covered: mental health.,https://www.facebook.com/Gem.Helpline/,helplines_crisis,Malaysia,+60 11 2528 9610
