source,condition_tag,section,resource_type,content,url,collection
HelpGuide,depression,What is depression?,symptoms,"Depression is a mood disorder that involves a sense of deep and persistent sadness, emptiness, and hopelessness. It can weigh down your motivation, self-esteem, and ability to experience pleasure in your daily life.Feeling down from time to time is a normal part of life, but when emotions such as hopelessness and despair take hold and just won’t go away, you may have clinical depression. More than just sadness in response to life’s struggles and setbacks, depression changes how you think, feel, and function in daily activities. Depression symptoms can interfere with your ability to work, study, eat, sleep, and enjoy life. Just trying to get through the day can be overwhelming. While some people describe depression as “living in a black hole” or having a feeling of impending doom, others feel lifeless, empty, and apathetic. Men in particular can feel angry and restless. However you experience the problem, left untreated, it can become a serious health condition. But it’s important to remember that feelings of helplessness and hopelessness are symptoms of depression—not the reality of your situation. No matter how hopeless you feel, you can get better. By recognizing the different symptoms of depression, you can take the first steps to feeling better and overcoming the problem.",https://www.helpguide.org/mental-health/depression/depression-symptoms-and-warning-signs,coping_strategies
HelpGuide,depression,Depression symptoms and warning signs,symptoms,"Depression varies from person to person, but there are some common signs and symptoms. It’s important to remember that these symptoms can be part of life’s normal lows. But the more symptoms you have, the stronger they are, and the longer they’ve lasted—the more likely it is that you’re dealing with depression.",https://www.helpguide.org/mental-health/depression/depression-symptoms-and-warning-signs,coping_strategies
HelpGuide,depression,10 common depression symptoms,symptoms,"Feelings of helplessness and hopelessness. A bleak outlook—nothing will ever get better, and there’s nothing you can do to improve your situation. Loss of interest in daily activities. You don’t care anymore about former hobbies, pastimes, social activities, or sex. You’ve lost your ability to feel pleasure and joy. Appetite or weight changes. Significant weight loss or weight gain—a change of more than 5 percent of body weight in a month. Sleep changes. Either insomnia, especially waking in the early hours of the morning, or oversleeping. Anger or irritability. Feeling agitated, restless, or even violent. Your tolerance level is low, your temper short, and everything and everyone gets on your nerves. Loss of energy. Feeling fatigued, sluggish, and physically drained. Your whole body may feel heavy, and even small tasks are exhausting or take longer to complete. Self-loathing. Strong feelings of worthlessness or guilt. You harshly criticize yourself for perceived faults and mistakes. Reckless behavior. You engage in escapist behavior such as substance abuse, compulsive gambling, reckless driving, or dangerous sports. Concentration problems. Trouble focusing, making decisions, or remembering things. Unexplained aches and pains. An increase in physical complaints such as headaches, back pain, aching muscles, and stomach pain. Depression often varies according to age and gender, with symptoms differing between men and women, or young people and older adults. Depression often varies according to age and gender, with symptoms differing between men and women, or young people and older adults.",https://www.helpguide.org/mental-health/depression/depression-symptoms-and-warning-signs,coping_strategies
HelpGuide,depression,Depression symptoms in teens and children,symptoms,"It’s not uncommon for young people to be a little moody or reckless. This can be especially true for teens, who are going through a confusing period of change. However, depression in young people runs deeper than the typical challenges of adolescence. Depression in teens and children might include symptoms such as: Irritability and rebellious behavior, such as acting out in class.",https://www.helpguide.org/mental-health/depression/depression-symptoms-and-warning-signs,coping_strategies
HelpGuide,depression,Depression symptoms in older adults,symptoms,"Depression in older adults can often be mistaken for grief. For instance, they might be grieving the loss of independence or the end of a long, successful career. In addition, depressed older adults might not necessarily vocalize sadness. Instead, they tend to show the following symptoms:",https://www.helpguide.org/mental-health/depression/depression-symptoms-and-warning-signs,coping_strategies
HelpGuide,depression,Depression symptoms by gender,symptoms,"Depression symptoms can differ between men and women due to a combination of biological and social factors. For instance, differences in brain circuitry and sex hormones, such as estrogen and testosterone, can affect emotions and mood. Gender norms, social pressures, and behavioral differences likely also play a role. For example, men are less likely to show emotional vulnerability due to ideas of masculinity, while women may be more likely to share their symptoms.",https://www.helpguide.org/mental-health/depression/depression-symptoms-and-warning-signs,coping_strategies
HelpGuide,depression,Men,symptoms,"Depressed men are less likely to acknowledge feelings of self-loathing and hopelessness. Instead, they tend to complain about fatigue, irritability, sleep problems, and loss of interest in work and hobbies. They’re also more likely to experience symptoms such as anger, aggression, reckless behavior, and substance abuse.",https://www.helpguide.org/mental-health/depression/depression-symptoms-and-warning-signs,coping_strategies
HelpGuide,depression,Women,symptoms,"Women are more likely to experience symptoms such as pronounced feelings of guilt, excessive sleeping, overeating, and weight gain. Depression in women is also impacted by hormonal factors during menstruation, pregnancy, and menopause. In fact, postpartum depression affects up to one in seven women following childbirth. The risk of this mood disorder doubles when there’s a family history of it.",https://www.helpguide.org/mental-health/depression/depression-symptoms-and-warning-signs,coping_strategies
HelpGuide,depression,Is it depression or anxiety?,symptoms,"While anxiety and depression are different conditions, they stem from the same biological vulnerability so often go hand-in-hand. Anxiety can both appear as a symptom of depression or it can trigger depression in the first place. In fact, studies suggest that as many as 50 percent of people with major depression may also suffer from an anxiety disorder. Some of the symptoms of the two conditions can also look very similar, making it difficult to distinguish between the conditions. Irritability, anger, unexplained aches and pains, and changes in energy, focus, and sleeping patterns can occur in both depression and anxiety. Even the persistent dark, negative thoughts commonly associated with depression can look a lot like the endless worry of anxiety. However, there are also some marked differences. While the symptoms of both depression and anxiety can look very different in different people, the following may help to distinguish between the conditions: In depression without anxiety, you’re likely to feel sluggish and lifeless with little motivation to do anything. In depression with anxiety, you’re more likely to feel tense and jittery with a racing mind. In depression without anxiety, you may feel hopeless and helpless about what you see as an inevitably bleak future. In depression with anxiety, you’re more likely to worry over and over about what the future holds, feeling frightened and nervous, but thinking that your worry may hold the key to easing those fears. If you recognize symptoms of anxiety co-occurring with your depression, it’s important to seek treatment for both conditions. Since they’re so closely related, a lot of the self-help and treatment options that work for anxiety will also help manage symptoms of depression.",https://www.helpguide.org/mental-health/depression/depression-symptoms-and-warning-signs,coping_strategies
HelpGuide,depression,Depression vs bipolar disorder (manic depression),symptoms,"Bipolar disorder, also known as manic depression, involves serious shifts in moods, energy, thinking, and behavior. Because it looks so similar to depression when in the low phase, it is often overlooked and misdiagnosed. This can be a serious problem, as taking antidepressants for bipolar disorder can actually make the condition worse. If you’ve ever gone through phases where you experienced excessive feelings of euphoria, a decreased need for sleep, racing thoughts, and impulsive behavior, consider getting evaluated for bipolar disorder.",https://www.helpguide.org/mental-health/depression/depression-symptoms-and-warning-signs,coping_strategies
HelpGuide,depression,Other conditions that can mimic depression symptoms,symptoms,"Anxiety and bipolar disorder aren’t the only conditions that can be mistaken for depression. Just as depression can be triggered by other health problems, there are also mental and medical conditions that can mimic the symptoms of depression. These include: Attention deficit hyperactivity disorder (ADHD). Symptoms such as restlessness, trouble concentrating and staying focused, irritability, and a loss of motivation can occur in both depression and ADHD. Even if your ADHD symptoms weren’t recognized in childhood, that doesn’t mean they’re not impacting you as an adult. Chronic fatigue syndrome or long COVID. Persistent fatigue, changes to your sleep patterns, and difficulty focusing could also point to chronic fatigue syndrome (myalgic encephalomyelitis) or long-haul COVID, where the effects of COVID-19 linger even when you’re no longer testing positive for the virus. While there is still a lot that medical professionals don’t fully understand about these conditions, there are still things you can do to ease symptoms and improve how you feel. Parkinson’s disease. The lack of energy, slow movements, and changes to mood and memory that often accompany Parkinson’s disease can look a lot like depression symptoms in older adults. Fibromyalgia. The widespread musculoskeletal pain of fibromyalgia syndrome (FMS) is often accompanied by sleep, fatigue, and mood changes that can be mistaken for depression. Other sources of chronic pain can also leave you feeling hopeless and exhausted. Other physical conditions, such as diabetes, hypothyroidism, anemia, low blood sugar (hypoglycemia), and vitamin D deficiency, can also trigger depression-like symptoms. Blood tests and other screening methods from a healthcare professional can help identify if these conditions are causing your symptoms.",https://www.helpguide.org/mental-health/depression/depression-symptoms-and-warning-signs,coping_strategies
HelpGuide,depression,Depression symptoms and suicide risk,symptoms,"Depression is a major risk factor for suicide. Deep despair and hopelessness can make suicide feel like the only way to escape the pain. If you have a loved one with depression or a history of depression, take any suicidal talk or behavior seriously and watch for the warning signs: Expressing strong feelings of hopelessness or being trapped. Acting recklessly, as if they have a death wish (e.g., speeding through red lights). Getting affairs in order (giving away prized possessions, tying up loose ends). Saying things like “Everyone would be better off without me,” or “I want out.” A sudden switch from being extremely down to acting calm and happy. If you think a friend or family member is considering suicide, express your concern and seek help immediately. Talking openly about suicidal thoughts and feelings can save a life.",https://www.helpguide.org/mental-health/depression/depression-symptoms-and-warning-signs,coping_strategies
HelpGuide,depression,If you are feeling suicidal…,symptoms,"When you’re feeling suicidal, your problems don’t seem temporary—they seem overwhelming and permanent. But with time, you will feel better, especially if you get help. There are many people who want to support you during this difficult time, so please reach out! Read Are You Feeling Suicidal?, call 988 in the U.S., or visit IASP or Suicide.org to find a helpline in your country.",https://www.helpguide.org/mental-health/depression/depression-symptoms-and-warning-signs,coping_strategies
HelpGuide,depression,When to get help,symptoms,"When your depressed mood shows no signs of lifting, or you notice that it’s interfering with your daily functioning, don’t hesitate to reach out to a mental health professional. Here are a few reasons why you might seek help for a depressive disorder: A lack of motivation consistently keeps you from getting to work on time. You self-isolate and avoid spending time with loved ones. Irritability leads to you lashing out at friends. You feel stuck in a state of fatigue but can never seem to fall asleep at night. A lack of appetite is leading to low energy levels. You ruminate about self-harm, or you don’t feel like life is worth living. Of course, you don’t have to wait for symptoms of severe depression to emerge before you seek help. Any time you’re struggling with persistent feelings of sadness, it’s wise to talk to a mental health professional. We tested and reviewed the best online psychiatry platforms if virtual visits best meet your needs.",https://www.helpguide.org/mental-health/depression/depression-symptoms-and-warning-signs,coping_strategies
HelpGuide,depression,Next step,symptoms,"In addition to age and gender, depression symptoms can also vary according to the type or severity of your depression. Understanding the type of depression you’re dealing with can help to find the most effective ways to overcome the problem and start to feel better again. Read: Depression Types and Causes.",https://www.helpguide.org/mental-health/depression/depression-symptoms-and-warning-signs,coping_strategies
HelpGuide,depression,Depression support and suicide prevention help,symptoms,In the U.S. Find DBSA Chapters/Support Groups or call the NAMI Helpline for support and referrals at 1-800-950-6264 Find DBSA Chapters/Support Groups or call the NAMI Helpline for support and referrals at 1-800-950-6264 UK Find Depression support groups in-person and online or call the Mind Infoline at 0300 123 3393 Find Depression support groups in-person and online or call the Mind Infoline at 0300 123 3393 Australia Call the SANE Help Centre at 1800 18 7263 Call the SANE Help Centre at 1800 18 7263 Canada Call Mood Disorders Society of Canada at 613-921-5565 Call Mood Disorders Society of Canada at 613-921-5565 India Call the Vandrevala Foundation Helpline (India) at 1860 2662 345 or 1800 2333 330 Call the Vandrevala Foundation Helpline (India) at 1860 2662 345 or 1800 2333 330 In the U.S. Call 988 Suicide and Crisis Lifeline at 988 Call 988 Suicide and Crisis Lifeline at 988 UK and Ireland Call Samaritans UK at 116 123 Australia Call Lifeline Australia at 13 11 14 Other countries Visit IASP or Suicide.org to find a helpline near you Visit IASP or Suicide.org to find a helpline near you,https://www.helpguide.org/mental-health/depression/depression-symptoms-and-warning-signs,coping_strategies
HelpGuide,depression,More Information,symptoms,"Belmaker, R. H., & Agam, G. (2008). Major Depressive Disorder. New England Journal of Medicine, 358(1), 55–68. Link Kessler, R. C., Birnbaum, H. G., Shahly, V., Bromet, E., Hwang, I., McLaughlin, K. A., Sampson, N., Andrade, L. H., Girolamo, G. de, Demyttenaere, K., Haro, J. M., Karam, A. N., Kostyuchenko, S., Kovess, V., Lara, C., Levinson, D., Matschinger, H., Nakane, Y., Browne, M. O., … Stein, D. J. (2010). Age differences in the prevalence and co-morbidity of DSM-IV major depressive episodes: Results from the WHO World Mental Health Survey Initiative. Depression and Anxiety, 27(4), 351–364. Link Depressive Disorders. (2013). In Diagnostic and Statistical Manual of Mental Disorders. American Psychiatric Association. Link Hirschfeld, Robert M. A. “The Comorbidity of Major Depression and Anxiety Disorders: Recognition and Management in Primary Care.” Primary Care Companion to The Journal of Clinical Psychiatry 3, no. 6 (2001): 244–54. Link Albert, P. R. (2015). Why is depression more prevalent in women? Journal of Psychiatry & Neuroscience : JPN, 40(4), 219–221. Link Anxiety and Depression in Children | Children’s Mental Health | CDC. (n.d.). Link Depression and Older Adults | National Institute on Aging. (n.d.). Link Depression in older people—Causes, symptoms, treatment | healthdirect. (n.d.). Link Depression’s Problem With Men. (2021). AMA Journal of Ethics, 23(7), E586-589. Link Mohammadi, S., Seyedmirzaei, H., Salehi, M. A., Jahanshahi, A., Zakavi, S. S., Dehghani Firouzabadi, F., & Yousem, D. M. (2023). Brain-based Sex Differences in Depression: A Systematic Review of Neuroimaging Studies. Brain Imaging and Behavior, 1–29. Link Petito, A., Pop, T. L., Namazova-Baranova, L., Mestrovic, J., Nigri, L., Vural, M., Sacco, M., Giardino, I., Ferrara, P., & Pettoello-Mantovani, M. (2020). The Burden of Depression in Adolescents and the Importance of Early Recognition. The Journal of Pediatrics, 218, 265-267.e1. Link Zacher Kjeldsen, M.-M., Bricca, A., Liu, X., Frokjaer, V. G., Madsen, K. B., & Munk-Olsen, T. (2022). Family History of Psychiatric Disorders as a Risk Factor for Maternal Postpartum Depression: A Systematic Review and Meta-analysis. JAMA Psychiatry, 79(10), 1004–1013. Link",https://www.helpguide.org/mental-health/depression/depression-symptoms-and-warning-signs,coping_strategies
HelpGuide,depression,Around the web,symptoms,"Stress, Depression, and Suicide Richard S. Balkin, Oxford Academic Books, 2023 Organ involvement in rheumatological disease Richard Watts ed., Oxford Academic Books, 2009 Effectiveness of a psychoeducational workshop “Support to cope with depression” L Furman, European Journal of Public Health, 2018 Early Warning Signs and Preventing a Relapse Michael T Compton, Oxford Academic Books, 2010 Summaries of safety labeling changes approved by FDA—Boxed warnings highlights, January–March 2018 American Society of Health-System Pharmacists, American Journal of Health-System Pharmacy, 2018 Summaries of safety labeling changes approved by FDA—Boxed warnings highlights, July–September 2017 American Journal of Health-System Pharmacy Neurological Complications of HIV in The Peripheral Nervous System John R Keltner, Oxford Academic Books, 2017 Knowing Your Early Warning Signs and Preventing a Relapse Beth Broussard, Oxford Academic Books, 2021",https://www.helpguide.org/mental-health/depression/depression-symptoms-and-warning-signs,coping_strategies
HelpGuide,depression,Coping with Depression,coping,"When you’re depressed, you can’t just will yourself to “snap out of it.” But these coping strategies can help you deal with depression and put you on the road to recovery. Tip 5: Get a daily dose of sunlight",https://www.helpguide.org/mental-health/depression/coping-with-depression,coping_strategies
HelpGuide,depression,Understanding depression,coping,"Depression is one of the most common mental health conditions, affecting about 280 million people in the world. While symptoms can vary greatly from one person to another, when you’re suffering from depression, life can seem overwhelmingly bleak and hopeless. It can interfere with your ability to think straight, drain your energy, and make it difficult to get through the day. Biological, social, and psychological factors can all contribute to depression. The stress and anxiety of modern life, from worries about money, relationships, and health, to loneliness, grief, and the daily onslaught of bad news from around the world, can trigger depression for the first time or exacerbate symptoms if you’ve already been diagnosed. Whatever the cause of your depression, though, there are strategies that can help you ease negative thoughts, improve your mood, and better cope with the symptoms of depression.",https://www.helpguide.org/mental-health/depression/coping-with-depression,coping_strategies
HelpGuide,depression,Tips on how to deal with depression,coping,"Since depression drains your energy, hope, and drive, it can be difficult to take the steps that will help you to feel better. Sometimes, just thinking about the things you should do to feel better, like exercising or spending time with friends, can seem exhausting or impossible to put into action. It’s the Catch-22 of depression recovery: The things that help the most are the things that are the most difficult to do. There is a big difference, however, between something that’s difficult and something that’s impossible. While recovering from depression isn’t quick or easy, you do have more control than you realize—even if your depression is severe and stubbornly persistent. The key is to start small and build from there. You may not have much energy, but by drawing on all your reserves, you should have enough to take a walk around the block or pick up the phone to call a loved one, for example. Taking the first step is always the hardest. But going for a walk or getting up and dancing to your favorite music, for example, is something you can do right now. And it can substantially boost your mood and energy for several hours—long enough to put a second recovery step into action, such as preparing a mood-boosting meal or arranging to meet an old friend. By using the following coping tips, you can make small but positive steps day by day. You may soon lift the heavy fog of depression and find yourself feeling happier, healthier, and more hopeful again.",https://www.helpguide.org/mental-health/depression/coping-with-depression,coping_strategies
HelpGuide,depression,Speak to a Licensed Therapist,coping,"BetterHelp is an online therapy service that matches you to licensed, accredited therapists who can help with depression, anxiety, relationships, and more. Take the assessment and get matched with a therapist in as little as 48 hours.",https://www.helpguide.org/mental-health/depression/coping-with-depression,coping_strategies
HelpGuide,depression,Tip 1: Reach out and stay connected,coping,"Getting support plays an essential role in overcoming depression. On your own, it can be difficult to maintain a healthy perspective and sustain the effort required to beat depression. At the same time, the very nature of depression makes it difficult to reach out for help. When you’re depressed, the tendency is to withdraw and isolate so that connecting to even close family members and friends can be tough. You may feel too exhausted to talk, ashamed at your situation, or guilty for neglecting certain relationships. But this is just the depression talking. Staying connected to other people and taking part in social activities will make a world of difference in your mood and outlook. Reaching out is not a sign of weakness and it won’t mean you’re a burden to others. Your loved ones care about you and want to help. And if you don’t feel that you have anyone to turn to, it’s never too late to build new friendships and improve your support network.",https://www.helpguide.org/mental-health/depression/coping-with-depression,coping_strategies
HelpGuide,depression,How to reach out for depression support,coping,"Look for support from people who make you feel safe and cared for. The person you talk to doesn’t have to be able to fix you; they just need to be a good listener—someone who’ll listen attentively and compassionately without being distracted or judging you. Make face-time a priority. Phone calls, social media, and texting are great ways to stay in touch, but they don’t replace good old-fashioned in-person quality time. The simple act of talking to someone face to face about how you feel can play a big role in relieving depression and keeping it away. Try to keep up with social activities even if you don’t feel like it. Often when you’re depressed, it feels more comfortable to retreat into your shell, but being around other people will make you feel less depressed. Find ways to support others. It’s nice to receive support, but research shows you get an even bigger mood boost from providing support yourself. So find ways—both big and small—to help others: volunteer, be a listening ear for a friend, do something nice for somebody. Care for a pet. While nothing can replace the human connection, pets can bring joy and companionship into your life and help you feel less isolated. Caring for a pet can also get you outside of yourself and give you a sense of being needed—both powerful antidotes to depression. Join a support group for depression. Being with others dealing with depression can go a long way in reducing your sense of isolation. You can also encourage each other, give and receive advice on how to cope, and share your experiences. If going to an in-person support group feels too difficult, some of the top online therapy platforms offer virtual support groups.",https://www.helpguide.org/mental-health/depression/coping-with-depression,coping_strategies
HelpGuide,depression,10 ways to connect with others,coping,"Ask a loved one to check in with you regularly. Accompany someone to the movies, a concert, or a small get-together. Go for a walk with a workout buddy. Meet new people by taking a class or joining a club. Confide in a clergy member, teacher, or sports coach.",https://www.helpguide.org/mental-health/depression/coping-with-depression,coping_strategies
HelpGuide,depression,Tip 2: Do things that make you feel good,coping,"In order to overcome depression, you have to do things that relax and energize you. This includes following a healthy lifestyle, learning how to better manage stress, setting limits on what you’re able to do, and scheduling fun activities into your day.",https://www.helpguide.org/mental-health/depression/coping-with-depression,coping_strategies
HelpGuide,depression,Do things you enjoy (or used to),coping,"When you’re depressed, the negative thoughts running over and over in your head can seem never ending. But you can break the cycle by focusing on something that adds meaning and purpose to your life. While you can’t force yourself to have fun or experience pleasure, you can push yourself to do things, even when you don’t feel like it. You might be surprised at how much better you feel once you’re out in the world. Even if your depression doesn’t lift immediately, you’ll gradually feel more upbeat and energetic as you make time for fun activities. Pick up a former hobby or a sport you used to like. Express yourself creatively through music, art, or writing. Go out with friends. Take a day trip to a museum, the mountains, or the ballpark. Try something new. Perhaps there’s something you’ve always wanted to learn, like a new language or a musical instrument? Or perhaps you’ve always wanted to write a short story, take up cooking, or grow your own vegetables? Focusing on a project or goal, even a small one, can give you a welcome break from negative thoughts and worries—and add a sense of meaning to your days. Spend time in nature. Whether it’s walking in the park, paddling on the beach, or going for a hike, spending time in nature can ease stress and put a smile on your face, even if you’re alone. Or try playing with your kids or a pet—they’ll benefit as much as you will. Limit your consumption of bad news. Yes, you want to stay informed about the world, but over-consuming sensationalistic news or unreliable social media coverage may only fuel your negativity and sadness. Limit how often you check news or social media and confine yourself to reputable sources.",https://www.helpguide.org/mental-health/depression/coping-with-depression,coping_strategies
HelpGuide,depression,Develop a “wellness toolbox” to deal with depression,coping,"Come up with a list of things that you can do for a quick mood boost. The more “tools” for coping with depression you have, the better. Try and implement a few of these ideas each day, even if you’re feeling good. For more ideas on tools to give your mood a quick, effective boost, read: I Feel Depressed.",https://www.helpguide.org/mental-health/depression/coping-with-depression,coping_strategies
HelpGuide,depression,Around the web,coping,"Brief Screening Tools Maggie Watson, Oxford Academic Books, 2017 Anxiety and Depression Jeannie V. Pasacreta, Oxford Academic Books, 2015 Depression and the Elderly Andrea Nevins, The Gerontologist, 1993 Non-Major Depression Ipsit V. Vahia, Oxford Academic Books, 2013",https://www.helpguide.org/mental-health/depression/coping-with-depression,coping_strategies
HelpGuide,depression,Tip 3: Manage stress,coping,"Not only does stress prolong and worsen depression, but it can also trigger it. Figure out all the things in your life that stress you out, such as work overload, money problems, or unsupportive relationships, and find ways to relieve the pressure and regain control. Create a balanced schedule. It’s easy to fall into the trap of spending far more time working or completing chores than in making time for people and activities you enjoy. But to ease stress and avoid burnout, it’s important to find a healthy balance. Are there any responsibilities you can give up or delegate to others? Practice relaxation techniques. A daily relaxation practice can help relieve symptoms of depression, reduce stress, and boost feelings of joy and well-being. Try yoga, deep breathing, progressive muscle relaxation, or meditation. Express gratitude. When you’re depressed, it can seem that everything in life is bleak and hopeless. But even in the darkest days, it’s usually possible to find one thing you can be grateful about—the beauty of a sunset or a phone call from a friend, for example. It sounds simplistic, but taking a few moments to consciously note the things you appreciate in your life can have a notable impact on your stress levels and mood. A research review published in 2023 found that gratitude interventions led to fewer symptoms of depression as well as anxiety. To help you develop this simple habit, try HelpGuide’s Gratitude in Difficult Times meditation.",https://www.helpguide.org/mental-health/depression/coping-with-depression,coping_strategies
HelpGuide,depression,Tip 4: Get moving,coping,"When you’re depressed, just getting out of bed can seem like a daunting task, let alone working out! But exercise is a powerful depression fighter—and one of the most important tools in your recovery arsenal. Plenty of scientific evidence points to regular exercise being an effective way to relieve symptoms. For example, a 2024 meta-analysis published in the British Medical Journal found that activities such as walking, jogging, yoga, and strength training all reduced depression. To get the most benefit, aim for at least 30 minutes of exercise per day. This doesn’t have to be all at once—and it’s okay to start small. A 10-minute walk can improve your mood for two hours.",https://www.helpguide.org/mental-health/depression/coping-with-depression,coping_strategies
HelpGuide,depression,Exercise is something you can do right now to boost your mood,coping,"Your fatigue will improve if you stick with it. Starting to exercise can be difficult when you’re depressed and feeling exhausted. But research shows that your energy levels will improve if you keep with it. Exercise will help you to feel energized and less fatigued, not more. Find exercises that are continuous and rhythmic. The most benefits for depression come from rhythmic exercise—such as walking, weight training, swimming, martial arts, or dancing—where you move both your arms and legs. Add a mindfulness element, especially if your depression is rooted in unresolved trauma or fed by obsessive, negative thoughts. Focus on how your body feels as you move—such as the sensation of your feet hitting the ground, or the feeling of the wind on your skin, or the rhythm of your breathing. Pair up with an exercise partner. Not only does working out with others enable you to spend time socializing, it can also help to keep you motivated. Try joining a running club, taking a water aerobics or dance class, seeking out tennis partners, or enrolling in a soccer or volleyball league. Take a dog for a walk. If you don’t own a dog, you can volunteer to walk homeless dogs for an animal shelter or rescue group. You’ll not only be helping yourself but also be helping to socialize and exercise the dogs, making them more adoptable.",https://www.helpguide.org/mental-health/depression/coping-with-depression,coping_strategies
HelpGuide,depression,Tip 5: Get a daily dose of sunlight,coping,"Sunlight can help boost serotonin levels and improve your mood. Whenever possible, get outside during daylight hours and expose yourself to the sun for at least 15 minutes a day. Remove sunglasses (but never stare directly at the sun) and use sunscreen as needed. Take a walk on your lunch break, have your coffee outside, enjoy an al fresco meal, or spend time gardening. Double up on the benefits of sunlight by exercising outside. Try hiking, walking in a local park, or playing golf or tennis with a friend. Increase the amount of natural light in your home and workplace by opening blinds and drapes and sitting near windows. If you live somewhere with little winter sunshine, try using a light therapy box.",https://www.helpguide.org/mental-health/depression/coping-with-depression,coping_strategies
HelpGuide,depression,Dealing with the winter blues,coping,"For some people, the reduced daylight hours of winter lead to a form of depression known as seasonal affective disorder (SAD). SAD can make you feel like a completely different person to who you are in the summer: hopeless, sad, tense, or stressed, with no interest in friends or activities you normally love. No matter how hopeless you feel, though, there are plenty of things you can do to keep your mood stable throughout the year.",https://www.helpguide.org/mental-health/depression/coping-with-depression,coping_strategies
HelpGuide,depression,Tip 6: Challenge negative thinking,coping,"Do you feel like you’re powerless or weak? That bad things happen and there’s not much you can do about it? That your situation is hopeless? Depression puts a negative spin on everything, including the way you see yourself and your expectations for the future. When these types of thoughts overwhelm you, it’s important to remember that this is a symptom of your depression and these irrational, pessimistic attitudes—known as cognitive distortions—aren’t realistic. When you really examine them they don’t hold up. But even so, they can be tough to give up. You can’t break out of this pessimistic mind frame by telling yourself to “just think positive.” Often, it’s part of a lifelong pattern of thinking that’s become so automatic you’re not even completely aware of it. Rather, the trick is to identify the type of negative thoughts that are fueling your depression, and replace them with a more balanced way of thinking.",https://www.helpguide.org/mental-health/depression/coping-with-depression,coping_strategies
HelpGuide,depression,How to challenge negative thinking,coping,"Keep a “negative thought log.” Whenever you experience a negative thought, jot it down on your phone or in a notebook—along with what triggered the negative thought. Once you identify the destructive thoughts patterns that contribute to your depression, you can start to challenge them. For example, if your significant other was short with you, you may have automatically assumed that the relationship was in trouble. However, a more realistic way to view it might be that your partner was just having a bad day. Examine the evidence that your thoughts are true. When challenging your negative thoughts, ask yourself if there is any evidence that your thoughts or beliefs are not true? For example, if you’re thinking, “I’ll be stuck in this dead-end job forever,” how realistic is that expectation? Are there facts that you’re ignoring, such as the potential for sending out a resume and interviewing for another job? Is there another, more realistic way of looking at your situation? Think outside yourself. Ask yourself, “Would I say what I’m thinking about myself to someone else?” If not, stop being so hard on yourself. Think about less harsh statements that offer more realistic descriptions. What would you tell a friend who had the same thought? Instead of labelling yourself a failure or a loser when something doesn’t go as planned, for example, look at things in a more realistic light: you made a mistake, but you can learn from it. Allow yourself to be less than perfect. Many depressed people are perfectionists, holding themselves to impossibly high standards and then beating themselves up when they fail to meet them. Battle this source of self-imposed stress by challenging your negative ways of thinking. We all have bad days and life is often unexpectedly messy. Ask yourself, “How might I look at this situation if I didn’t have depression?” Socialize with positive people. Notice how people who always look on the bright side deal with challenges, even minor ones, like not being able to find a parking space. Then consider how you would react in the same situation. Even if you have to pretend, try to adopt their optimism and persistence in the face of difficulty. As you cross-examine your negative thoughts, you may be surprised at how quickly they crumble. In the process, you’ll develop a more balanced perspective and help to relieve your depression.",https://www.helpguide.org/mental-health/depression/coping-with-depression,coping_strategies
HelpGuide,depression,Tip 7: Support your health by eating and sleeping well,coping,"What you eat has a direct impact on the way you feel. Aim for a balanced diet with plenty of fruit and vegetables, and reduce your intake of food that can adversely affect your mood. This includes caffeine, alcohol, and processed food with high levels of chemical preservatives or hormones (found in some packaged food and cured meats). Don’t skip meals. Going too long between meals can make you feel irritable and tired, so aim to eat something at least every three to four hours. Minimize sugar and refined carbs. You may crave refined carbs and sugar, baked goods, or comfort foods such as pasta or French fries, but these “feel-good” foods quickly lead to a crash in mood and energy. Aim to cut out as much of these foods as possible. Boost your B vitamins. Deficiencies in B vitamins such as folic acid and B-12 can trigger depression. To get more, take a B-complex vitamin supplement or eat more citrus fruit, leafy greens, beans, chicken, and eggs. Boost your mood with foods rich in omega-3 fatty acids. Omega-3 fatty acids play an essential role in stabilizing mood. The best sources are fatty fish such as salmon, herring, mackerel, anchovies, sardines, tuna, and some cold-water fish oil supplements. The Mediterranean diet can be particularly high in omega-3, and a 2025 review published in Psychology International found that the diet could reduce depressive symptoms by 32 to 45 percent.",https://www.helpguide.org/mental-health/depression/coping-with-depression,coping_strategies
HelpGuide,depression,Improve your sleep,coping,"Feeling tired can cause you to think irrationally, increase stress and anxious thoughts, and depress your mood. Aim for 7-9 hours of sleep each night. Depression typically involves sleep problems; whether you’re sleeping too little or too much, your mood suffers. Get on a better sleep schedule by learning healthy sleep habits. Try to go to sleep and get up at the same time every day, avoid bright screens within two hours of bedtime, develop a relaxing bedtime routine, and make sure your bedroom is cool, dark, and quiet. Find healthy ways to get back to sleep. If you wake up in the night, keep the lights low, do a quiet, non-stimulating activity, such as reading a book, or practice a sleep meditation using guided imagery.",https://www.helpguide.org/mental-health/depression/coping-with-depression,coping_strategies
HelpGuide,depression,When to get professional help for depression,coping,"If you’ve taken self-help steps and made positive lifestyle changes and still find your depression getting worse, seek professional help. Needing additional help doesn’t mean you’re weak. Sometimes the negative thinking in depression can make you feel like you’re a lost cause, but depression can be treated and you can feel better! If you prefer online treatment, we tested and reviewed the best online psychiatrists to help you find trusted, licensed providers who fit your needs. Don’t forget about these self-help tips, though. Even if you’re receiving professional help, these tips can be part of your treatment plan, speeding your recovery and helping to prevent depression from returning.",https://www.helpguide.org/mental-health/depression/coping-with-depression,coping_strategies
HelpGuide,depression,"Depression hotlines, suicide prevention help",coping,In the U.S. Find DBSA Chapters/Support Groups or call the NAMI Helpline for support and referrals at 1-800-950-6264 Find DBSA Chapters/Support Groups or call the NAMI Helpline for support and referrals at 1-800-950-6264 UK Find Depression support groups in-person and online or call the Mind Infoline at 0300 123 3393 Find Depression support groups in-person and online or call the Mind Infoline at 0300 123 3393 Australia Call the SANE Help Centre at 1800 18 7263 Call the SANE Help Centre at 1800 18 7263 India Call the Vandrevala Foundation Helpline (India) at 1860 2662 345 or 1800 2333 330 Call the Vandrevala Foundation Helpline (India) at 1860 2662 345 or 1800 2333 330 Canada Call Mood Disorders Society of Canada at 519-824-5565 Call Mood Disorders Society of Canada at 519-824-5565 In the U.S. Call 988 Suicide and Crisis Lifeline at 988 Call 988 Suicide and Crisis Lifeline at 988 UK and Ireland Call Samaritans UK at 116 123 Australia Call Lifeline Australia at 13 11 14 Other countries Visit IASP or Suicide.org to find a helpline near you Visit IASP or Suicide.org to find a helpline near you,https://www.helpguide.org/mental-health/depression/coping-with-depression,coping_strategies
HelpGuide,depression,More Information,coping,"Gariépy, G., Honkaniemi, H., & Quesnel-Vallée, A. (2016). Social support and protection from depression: Systematic review of current findings in Western countries. The British Journal of Psychiatry, 209(4), 284–293. Link Cuijpers, P., Stringaris, A., & Wolpert, M. (2020). Treatment outcomes for depression: Challenges and opportunities. The Lancet Psychiatry, 7(11), 925–927. Link Depressive Disorders. (2013). In Diagnostic and Statistical Manual of Mental Disorders. American Psychiatric Association. Link “Depressive Disorder (Depression).” Accessed February 12, 2025. Link Mental Health America. “Quick Facts and Statistics About Mental Health.” Accessed February 12, 2025. Link Noetel, M., Sanders, T., Gallardo-Gómez, D., Taylor, P., Del Pozo Cruz, B., Van Den Hoek, D., Smith, J. J., Mahoney, J., Spathis, J., Moresi, M., Pagano, R., Pagano, L., Vasconcellos, R., Arnott, H., Varley, B., Parker, P., Biddle, S., & Lonsdale, C. (2024). Effect of exercise for depression: Systematic review and network meta-analysis of randomised controlled trials. BMJ, 384, e075847. Link Diniz, G., Korkes, L., Tristão, L. S., Pelegrini, R., Bellodi, P. L., & Bernardo, W. M. (2023). The effects of gratitude interventions: A systematic review and meta-analysis. Einstein (São Paulo), 21, eRW0371. Link Dimopoulou, M., Dimopoulou, A., & Gortzi, O. (2025). Dietary Patterns and Mental Health Across the Lifespan: A Systematic Review of Randomized Clinical Trials. Psychology International, 7(4), 87. Link",https://www.helpguide.org/mental-health/depression/coping-with-depression,coping_strategies
HelpGuide,depression,Around the web,coping,"Recognising and managing depression in general practice Simon R Wilkinson, The BMJ, 1992 Websites offering information about depression or cognitive behaviour therapy reduced depressive symptoms Ruta Valaitis, Evid Based Nurs, 2004 Recognising and managing depression in general practice. C. Le Katona, The BMJ, 1992 Unrecognised depression in general practice. G R Glover, The BMJ, 1985 Depression screening and management programmes with staff assistance in primary care increase response and remission rates, but programmes without staff assista... Steve Wood, Evid Based Nurs, 2010 Brief Screening Tools Maggie Watson, Oxford Academic Books, 2017 Depression in old age. P H Millard, The BMJ, 1983",https://www.helpguide.org/mental-health/depression/coping-with-depression,coping_strategies
HelpGuide,anxiety,What is anxiety?,condition_info,"Anxiety is a normal reaction to danger, the body’s automatic fight-or-flight response that is triggered when you feel threatened, under pressure, or are facing a challenging situation, such as a job interview, exam, or first date. In moderation, anxiety isn’t necessarily a bad thing. It can help you to stay alert and focused, spur you to action, and motivate you to solve problems. But when anxiety is constant or overwhelming—when worries and fears interfere with your relationships and daily life—you’ve likely crossed the line from normal anxiety into the territory of an anxiety disorder. Since anxiety disorders are a group of related conditions rather than a single disorder, symptoms may vary from person to person. One individual may suffer from intense anxiety attacks that strike without warning, while another gets panicky at the thought of mingling at a party. Someone else may struggle with a disabling fear of driving, or uncontrollable, intrusive thoughts. Yet another may live in a constant state of tension, worrying about anything and everything. But despite their different forms, all anxiety disorders illicit an intense fear or worry out of proportion to the situation at hand. While having an anxiety disorder can be disabling, preventing you from living the life you want, it’s important to know that you’re not alone. Anxiety disorders are among the most common mental health issues—and are highly treatable. Once you understand your anxiety disorder, there are steps you can take to reduce the symptoms and regain control of your life.",https://www.helpguide.org/mental-health/anxiety/anxiety-disorders-and-anxiety-attacks,coping_strategies
HelpGuide,anxiety,What is an anxiety attack?,condition_info,"An anxiety attack occurs when stressors or fears build up over time. A relationship conflict or an overloaded work schedule, for example, could gradually increase your anxiousness until you feel completely overwhelmed for a period. For the duration of an anxiety attack, you might experience symptoms such as a lack of focus, tension, or irritability. You could also feel both restless and quickly fatigued. However, often when people talk about anxiety attacks, they’re really referring to panic attacks. These are episodes of intense panic or fear. They usually occur suddenly and without warning. Sometimes there’s an obvious trigger—getting stuck in an elevator, for example, or thinking about the big speech you have to give—but in other cases, the attacks come out of the blue. Panic attacks usually peak within ten minutes, and they rarely last more than 30 minutes. But during that short time, you may experience terror so severe that you feel as if you’re about to die or totally lose control. The physical symptoms are themselves so frightening that many people think they’re having a heart attack. After a panic attack is over, you may worry about having another one, particularly in a public place where help isn’t available or you can’t easily escape.",https://www.helpguide.org/mental-health/anxiety/anxiety-disorders-and-anxiety-attacks,coping_strategies
HelpGuide,anxiety,Panic attack symptoms include:,condition_info,"It’s important to seek help if you’re starting to avoid certain situations because you’re afraid of having a panic attack. The truth is that panic attacks are highly treatable. In fact, many people are panic free within just five to eight treatment sessions.",https://www.helpguide.org/mental-health/anxiety/anxiety-disorders-and-anxiety-attacks,coping_strategies
HelpGuide,anxiety,High-functioning anxiety,condition_info,"“High-functioning anxiety” is a term you may have come across online. It’s not a clinical diagnosis but is sometimes used to describe a person who manages to cope with the demands of daily life despite having anxiety. Outwardly, they may seem unflappable. But beneath their calm demeanor, they’re plagued by anxious and negative thoughts. If you have high-functioning anxiety, you might seem proactive, outgoing, organized, and achievement-oriented. You may even come off as a perfectionist or model student or employee. However, your underlying anxiety can still have health consequences, including irritability, insomnia, and muscle tension. Different people experience anxiety symptoms in different ways. It’s important to remember that some people are dealing with struggles that aren’t always apparent.",https://www.helpguide.org/mental-health/anxiety/anxiety-disorders-and-anxiety-attacks,coping_strategies
HelpGuide,anxiety,Do I have an anxiety disorder?,condition_info,"If you identify with any of the following seven signs and symptoms, and they just won’t go away, you may be suffering from an anxiety disorder: Are you constantly tense, worried, or on edge? Does your anxiety interfere with your work, school, or family responsibilities? Are you plagued by fears that you know are irrational, but can’t shake? Do you believe that something bad will happen if certain things aren’t done a certain way? Do you avoid everyday situations or activities because they cause you anxiety? Do you experience sudden, unexpected attacks of heart-pounding panic? Do you feel like danger and catastrophe are around every corner?",https://www.helpguide.org/mental-health/anxiety/anxiety-disorders-and-anxiety-attacks,coping_strategies
HelpGuide,anxiety,Around the web,condition_info,"Some practical advice Stanley Rachman ed., Oxford Academic Books, 2009 Treatment of anxiety disorders David S. Baldwin, Oxford Academic Books, 2020 Anxiety Disorders in Adults: A Clinical Guide MD Starcevic, Oxford Academic Books, 2009 Future Directions in Anxiety Disorders Research Martin M. Antony, MIT Press, 2008",https://www.helpguide.org/mental-health/anxiety/anxiety-disorders-and-anxiety-attacks,coping_strategies
HelpGuide,anxiety,Anxiety and anxiety attack symptoms,condition_info,"In addition to the primary symptom of excessive and irrational fear and worry, other common emotional symptoms include: But anxiety is more than just a feeling. As a product of the body’s fight-or-flight response, it also involves a wide range of physical symptoms, including: Because of these physical symptoms, anxiety sufferers often mistake their disorder for a medical illness. They may visit many doctors and make numerous trips to the hospital before their anxiety disorder is finally recognized.",https://www.helpguide.org/mental-health/anxiety/anxiety-disorders-and-anxiety-attacks,coping_strategies
HelpGuide,anxiety,The link between anxiety symptoms and depression,condition_info,"Many people with anxiety disorders also suffer from depression at some point. Anxiety and depression are believed to stem from the same biological vulnerability, which may explain why they so often go hand-in-hand. Since depression makes anxiety worse (and vice versa), it’s important to seek treatment for both conditions.",https://www.helpguide.org/mental-health/anxiety/anxiety-disorders-and-anxiety-attacks,coping_strategies
HelpGuide,anxiety,Generalized anxiety disorder (GAD),condition_info,"If constant worries and fears distract you from your day-to-day activities, or you’re troubled by a persistent feeling that something bad is going to happen, you may be suffering from generalized anxiety disorder (GAD). People with GAD are chronic worrywarts who feel anxious nearly all of the time, though they may not even know why. GAD often manifests in physical symptoms like insomnia, stomach upset, restlessness, and fatigue.",https://www.helpguide.org/mental-health/anxiety/anxiety-disorders-and-anxiety-attacks,coping_strategies
HelpGuide,anxiety,Panic attacks and panic disorder,condition_info,"Panic disorder is characterized by repeated, unexpected panic attacks, as well as fear of experiencing another episode. Agoraphobia, the fear of being somewhere where escape or help would be difficult in the event of a panic attack, may also accompany a panic disorder. If you have agoraphobia, you are likely to avoid public places such as shopping malls, or confined spaces such as an airplane.",https://www.helpguide.org/mental-health/anxiety/anxiety-disorders-and-anxiety-attacks,coping_strategies
HelpGuide,anxiety,Obsessive-compulsive disorder (OCD),condition_info,"Obsessive-compulsive disorder (OCD) is characterized by unwanted thoughts or behaviors that seem impossible to stop or control. If you have OCD, you may feel troubled by obsessions, such as a recurring worry that you forgot to turn off the oven or that you might hurt someone. You may also suffer from uncontrollable compulsions, such as washing your hands over and over.",https://www.helpguide.org/mental-health/anxiety/anxiety-disorders-and-anxiety-attacks,coping_strategies
HelpGuide,anxiety,Hoarding disorder,condition_info,"Hoarding disorder is a chronic difficulty discarding possessions, accompanied by a dysfunctional attachment to even worthless items. It can lead to excessive accumulation of possessions (or animals) and a cluttered living space. You may attribute emotion to inanimate objects, have a strong sentimental attachment to items, or see the use in any object. These beliefs can make discarding items overwhelm you with feelings of anxiety, guilt, or sadness.",https://www.helpguide.org/mental-health/anxiety/anxiety-disorders-and-anxiety-attacks,coping_strategies
HelpGuide,anxiety,Phobias and irrational fears,condition_info,"A phobia is an unrealistic or exaggerated fear of a specific object, activity, or situation that in reality presents little to no danger. Common phobias include fear of animals (such as snakes and spiders), fear of flying, and fear of needles. In the case of a severe phobia, you might go to extreme lengths to avoid the object of your fear. Unfortunately, avoidance only strengthens the phobia.",https://www.helpguide.org/mental-health/anxiety/anxiety-disorders-and-anxiety-attacks,coping_strategies
HelpGuide,anxiety,Social anxiety disorder,condition_info,"If you have a debilitating fear of being viewed negatively by others and humiliated in public, you may have social anxiety disorder, also known as social phobia. It can be thought of as extreme shyness and in severe cases, social situations are avoided altogether. Performance anxiety (better known as stage fright) is the most common type of social phobia.",https://www.helpguide.org/mental-health/anxiety/anxiety-disorders-and-anxiety-attacks,coping_strategies
HelpGuide,anxiety,Post-traumatic stress disorder (PTSD),condition_info,"Post-traumatic stress disorder (PTSD) is an extreme anxiety disorder that can occur in the aftermath of a traumatic or life-threatening event. PTSD can be thought of as a panic attack that rarely, if ever, lets up. Symptoms of PTSD include flashbacks or nightmares about the incident, hypervigilance, startling easily, withdrawing from others, and avoiding situations that remind you of the event.",https://www.helpguide.org/mental-health/anxiety/anxiety-disorders-and-anxiety-attacks,coping_strategies
HelpGuide,anxiety,Separation anxiety disorder,condition_info,"While separation anxiety is a normal stage of development, if anxieties intensify or are persistent enough to get in the way of school or other activities, your child may have separation anxiety disorder. They may become agitated at just the thought of being away from mom or dad and complain of sickness to avoid playing with friends or going to school.",https://www.helpguide.org/mental-health/anxiety/anxiety-disorders-and-anxiety-attacks,coping_strategies
HelpGuide,anxiety,Anxiety causes,condition_info,"The specific causes of anxiety can vary depending on the type of anxiety disorder you’re dealing with. However, anxiety may often be the result of multiple factors, including genetics and life experiences. Genetics. Studies of twins and families indicate that, to some degree, anxiety may be hereditary. In other words, some people may simply be more genetically prone to being anxious. Stressful or traumatic past events. Experiencing physical or emotional abuse and neglect can trigger an anxiety disorder. For example, being bullied can increase the risk of high anxiety. Learned behavior. If you grew up with parents who were fearful and focused on worst-case situations, you might have adopted their nervous tendencies. Physical conditions. Conditions that cause chronic pain can contribute to an increase in overall anxiety. Stressful life circumstances can also trigger a short- or long-term uptick in your anxiety levels, such as sleep deprivation, divorce, or bereavement.",https://www.helpguide.org/mental-health/anxiety/anxiety-disorders-and-anxiety-attacks,coping_strategies
HelpGuide,anxiety,How to deal with anxiety and anxiety attacks,condition_info,"Not everyone who worries a lot has an anxiety disorder. You may feel anxious because of an overly demanding schedule, lack of exercise or sleep, pressure at home or work, or even from too much caffeine. The bottom line is that if your lifestyle is unhealthy and stressful, you’re more likely to feel anxious—whether or not you actually have an anxiety disorder. [Read: I Feel Anxious: Tips for Dealing with Anxiety] The following tips can help to lower anxiety and manage symptoms of a disorder:",https://www.helpguide.org/mental-health/anxiety/anxiety-disorders-and-anxiety-attacks,coping_strategies
HelpGuide,anxiety,Tip 1: Ease your stress,condition_info,"Everyday stressors, whether they include financial hurdles or interactions with difficult family members, can contribute to your overall anxiety. If your stress levels are through the roof, stress management can help. Lighten your load. Look at your responsibilities and see if there are any you can give up, turn down, or delegate to others. For example, practice politely saying “no” to taking on extra tasks in the workplace, or ask your spouse to help out more around the house when you’re feeling overwhelmed. Practice relaxation techniques. When practiced regularly relaxation techniques such as mindfulness meditation, progressive muscle relaxation, and deep breathing can reduce anxiety symptoms. Put a stop to chronic worrying. Worrying is a mental habit you can learn how to break. Strategies such as creating a worry period, challenging anxious thoughts, and learning to accept uncertainty can significantly reduce worry and calm your anxious thoughts.",https://www.helpguide.org/mental-health/anxiety/anxiety-disorders-and-anxiety-attacks,coping_strategies
HelpGuide,anxiety,Tip 2: Care for your body,condition_info,"Your daily self-care habits can have a significant impact on your anxiety levels. In short, the better you treat yourself, the less likely you are to feel stressed out, fatigued, and negative throughout the day. Exercise regularly. Exercise is a natural stress buster and anxiety reliever. In fact, a 2023 review of research found that physical activity can ease symptoms of anxiety as well as depression. The research was published in the British Journal of Sports Medicine. To achieve the maximum benefit, aim for at least 30 minutes of aerobic exercise on most days (broken up into short periods if that’s easier). Get enough sleep. Research shows that a lack of sleep can exacerbate anxious thoughts and feelings, so try to get seven to nine hours of quality sleep a night. Be smart about caffeine, alcohol, and nicotine. Caffeine and alcohol can make anxiety worse. And while it may seem like cigarettes are calming, nicotine is actually a powerful stimulant that leads to higher, not lower, levels of anxiety.",https://www.helpguide.org/mental-health/anxiety/anxiety-disorders-and-anxiety-attacks,coping_strategies
HelpGuide,anxiety,Tip 3: Shift your perception of anxiety and anxiety attacks,condition_info,"In some cases, the physical sensations that accompany anxiety—the shaking, the knot in your stomach, the rapid heartbeat—become more things that you fear and try to avoid. Rather than living in fear of anxiety symptoms, though, it may help to view them as temporary and natural—something to accept and learn to work with. In his book, “Dare: The New Way to End Anxiety,” author Barry McDonagh offers a four-step process to shifting your perception of anxiety: DARE. Defuse. You might have noticed that anxiety builds on internal “what if” questions. “What if my anxiety spirals out of control?” “What if everyone notices me trembling?” Respond to those “what if” questions with, “So what?” Remind yourself that you’ve experienced anxiety before, and it’s harmless. Accept. Allow the sensations to exist without trying to fight them off. You don’t need to control that rapid heartbeat. Just let it be. Resist the urge to label anxiety symptoms as “good” or “bad.” Run towards it. Tell yourself that you’re not anxious. You’re actually just excited. Demand that the sensations increase. Think of this as “calling anxiety’s bluff.” The purpose of this is to show yourself that anxiety really is harmless—it’s just a flood of adrenaline. It’s your perception of that energy that is important. Engage. Once anxiety begins to subside, don’t fixate on the fleeting feelings. Instead, move on to a new activity. Focus all of your senses on whatever you’re doing. This helps ground you in the present again. When trying the DARE technique, it might help to visualize anxiety as a little creature that visits you on occasion. You allow it to exist, maybe even embrace it, and then, eventually, it will wander off.",https://www.helpguide.org/mental-health/anxiety/anxiety-disorders-and-anxiety-attacks,coping_strategies
HelpGuide,anxiety,Tip 4: Connect with others,condition_info,"Loneliness and isolation can trigger or worsen anxiety, while talking about your worries face to face can often make them seem less overwhelming. Make it a point to regularly meet up with friends, join a self-help or support group, or share your worries and concerns with a trusted loved one. Expand your social circle. If you feel like you don’t currently have enough social support, know that it’s never too late to make new friends and acquaintances. From joining clubs that relate to your favorite hobbies to trying out volunteer opportunities, there’s no shortage of ways to branch out. Look to people who understand your condition. If you have a specific anxiety disorder, such as social anxiety disorder, consider looking for a support group that focuses on that condition. This will give you an opportunity to talk to people who truly understand what you’re going through. You might also learn or share coping techniques.",https://www.helpguide.org/mental-health/anxiety/anxiety-disorders-and-anxiety-attacks,coping_strategies
HelpGuide,anxiety,When to seek professional help for anxiety and anxiety attacks,condition_info,"While self-help coping strategies can be very effective, if your worries, fears, or anxiety attacks have become so great that they’re causing extreme distress or disrupting your daily routine, it’s important to seek professional help. If you’re experiencing a lot of physical symptoms, you should start by getting a medical checkup. Your doctor can check to make sure that your anxiety isn’t caused by a medical condition, such as a thyroid problem, hypoglycemia, or asthma. Since certain drugs and supplements can cause anxiety, your doctor will also want to know about any prescriptions, over-the-counter medications, herbal remedies, and recreational drugs you’re taking. If your physician rules out a medical cause, the next step is to consult with a therapist who has experience treating anxiety disorders. The therapist will work with you to determine the cause and type of your disorder and devise a course of treatment.",https://www.helpguide.org/mental-health/anxiety/anxiety-disorders-and-anxiety-attacks,coping_strategies
HelpGuide,anxiety,Anxiety treatment,condition_info,"Anxiety disorders respond very well to in-person and online therapy—and often in a relatively short amount of time. The specific treatment approach depends on the type of anxiety disorder and its severity. But in general, most are treated with therapy, medication, or some combination of the two. Cognitive-behavioral therapy and exposure therapy are types of behavioral therapy, meaning they focus on behavior rather than on underlying psychological conflicts or issues from the past. They can help with issues such as panic attacks, generalized anxiety, and phobias. Cognitive-behavior therapy (CBT) helps you identify and challenge the negative thinking patterns and irrational beliefs that fuel your anxiety. As well as in-person CBT therapists, there are also online CBT platforms. Exposure therapy encourages you to confront your fears and anxieties in a safe, controlled environment. Through gradual exposure to the feared object or situation, either in your imagination or in reality, you gain a greater sense of control. As you face your fear without being harmed, your anxiety will diminish.",https://www.helpguide.org/mental-health/anxiety/anxiety-disorders-and-anxiety-attacks,coping_strategies
HelpGuide,anxiety,Anxiety medication,condition_info,"If you have anxiety that’s severe enough to interfere with your ability to function, medication may help relieve some symptoms. However, anxiety medications can be habit forming and cause unwanted or even dangerous side effects, so be sure to research your options carefully. Many people use anti-anxiety medication when therapy, exercise, or self-help strategies would work just as well or better—minus the side effects and safety concerns. It’s important to weigh the benefits and risks of medication so you can make an informed decision.",https://www.helpguide.org/mental-health/anxiety/anxiety-disorders-and-anxiety-attacks,coping_strategies
HelpGuide,anxiety,Hotlines and support,condition_info,"NAMI Helpline – Trained volunteers can provide information, referrals, and support for those suffering from anxiety disorders in the U.S. Call 1-800-950-6264. (National Alliance on Mental Illness) Find a Therapist – Search for anxiety disorder treatment providers in the U.S. (Anxiety Disorders Association of America) Support Groups – List of support groups in the U.S., Canada, Australia, and South Africa. (Anxiety and Depression Association of America) Anxiety UK – Information, support, and a dedicated helpline for UK sufferers and their families. Call: 03444 775 774. (Anxiety UK) Anxiety Canada – Provides links to services in different Canadian provinces. (Anxiety Disorders Association of Canada) SANE Help Centre – Provides information about symptoms, treatments, medications, and where to go for support in Australia. Call: 1800 18 7263. (SANE Australia). Helpline (India) – Provides information and support to those with mental health concerns in India. Call: 1860 2662 345 or 1800 2333 330. (Vandrevala Foundation).",https://www.helpguide.org/mental-health/anxiety/anxiety-disorders-and-anxiety-attacks,coping_strategies
HelpGuide,anxiety,More Information,condition_info,"DeMartini, J., Patel, G., & Fancher, T. L. (2019). Generalized Anxiety Disorder. Annals of Internal Medicine, 170(7), ITC49–ITC64. Link Kandola, A., Vancampfort, D., Herring, M., Rebar, A., Hallgren, M., Firth, J., & Stubbs, B. (2018). Moving to Beat Anxiety: Epidemiology and Therapeutic Issues with Physical Activity for Anxiety. Current Psychiatry Reports, 20(8), 63. Link Craske, M. G., & Stein, M. B. (2016). Anxiety. Lancet (London, England), 388(10063), 3048–3059. Link Borza, L. (2017). Cognitive-behavioral therapy for generalized anxiety. Dialogues in Clinical Neuroscience, 19(2), 203–208. Link Park, S.-C., & Kim, Y.-K. (2020). Anxiety Disorders in the DSM-5: Changes, Controversies, and Future Directions. Advances in Experimental Medicine and Biology, 1191, 187–196. Link Otte, C. (2011). Cognitive behavioral therapy in anxiety disorders: Current state of the evidence. Dialogues in Clinical Neuroscience, 13(4), 413–421. Link Tolin, D. F. (2010). Is cognitive–behavioral therapy more effective than other therapies?: A meta-analytic review. Clinical Psychology Review, 30(6), 710–720. Link Aylett, E., Small, N., & Bower, P. (2018). Exercise in the treatment of clinical anxiety in general practice – a systematic review and meta-analysis. BMC Health Services Research, 18(1), 559. Link Anxiety Disorders. (2013). In Diagnostic and Statistical Manual of Mental Disorders. American Psychiatric Association. Link Mellifont, D. (2019). Neuro magnifico! An exploratory study critically reviewing news text reporting of anxiety-related work performance strengths, challenges and support measures. Work, 63(3), 435–446. Link Signs You Have High-Functioning Anxiety – Cleveland Clinic. (n.d.). Retrieved August 28, 2022, from Link Copeland, W. E., Wolke, D., Angold, A., & Costello, E. J. (2013). Adult Psychiatric Outcomes of Bullying and Being Bullied by Peers in Childhood and Adolescence. JAMA Psychiatry, 70(4), 419. Link Generalized Anxiety Disorder (GAD) | Boston Children’s Hospital. (n.d.). Retrieved May 19, 2023, from Link Gottschalk, M. G., & Domschke, K. (2017). Genetics of generalized anxiety disorder and related traits. Dialogues in Clinical Neuroscience, 19(2), 159–168. Link Hald, G. M., Ciprić, A., Sander, S., & Strizzi, J. M. (2022). Anxiety, depression and associated factors among recently divorced individuals. Journal of Mental Health, 31(4), 462–470. Link Kaloeti, D. V. S., Manalu, R., Kristiana, I. F., & Bidzan, M. (2021). The Role of Social Media Use in Peer Bullying Victimization and Onset of Anxiety Among Indonesian Elementary School Children. Frontiers in Psychology, 12, 635725. Link Kascakova, N., Furstova, J., Hasto, J., Madarasova Geckova, A., & Tavel, P. (2020). The Unholy Trinity: Childhood Trauma, Adulthood Anxiety, and Long-Term Pain. International Journal of Environmental Research and Public Health, 17(2), 414. Link Pires, G. N., Bezerra, A. G., Tufik, S., & Andersen, M. L. (2016). Effects of acute sleep deprivation on state anxiety levels: A systematic review and meta-analysis. Sleep Medicine, 24, 109–118. Link Scott, K. M., McLaughlin, K. A., Smith, D. A. R., & Ellis, P. M. (2012). Childhood maltreatment and DSM-IV adult mental disorders: Comparison of prospective and retrospective findings. British Journal of Psychiatry, 200(6), 469–475. Link Thimm, J. C., Kristoffersen, A. E., & Ringberg, U. (2020). The prevalence of severe grief reactions after bereavement and their associations with mental health, physical health, and health service utilization: A population-based study. European Journal of Psychotraumatology, 11(1), 1844440. Link McDonagh, B. (2015). Dare: The New Way to End Anxiety and Stop Panic Attacks. BMD Publishing. Link Pires, G. N., Bezerra, A. G., Tufik, S., & Andersen, M. L. (2016). Effects of acute sleep deprivation on state anxiety levels: A systematic review and meta-analysis. Sleep Medicine, 24, 109–118. Link The Medical Minute: Anxiety attack or panic attack? Actually, it can be both—Penn State Health News. (n.d.). Retrieved December 1, 2023, from Link Singh, B., Olds, T., Curtis, R., Dumuid, D., Virgara, R., Watson, A., Szeto, K., O’Connor, E., Ferguson, T., Eglitis, E., Miatke, A., Simpson, C. E., & Maher, C. (2023). Effectiveness of physical activity interventions for improving depression, anxiety and distress: An overview of systematic reviews. British Journal of Sports Medicine, 57(18), 1203–1209. Link",https://www.helpguide.org/mental-health/anxiety/anxiety-disorders-and-anxiety-attacks,coping_strategies
HelpGuide,anxiety,Anxiety Attack vs Panic Attack,condition_info,"While anxiety attacks and panic attacks can share some symptoms, there are key differences. Learn how to tell them apart and what to do if you’re experiencing anxiety or panic attacks.",https://www.helpguide.org/mental-health/anxiety/anxiety-disorders-and-anxiety-attacks,coping_strategies
HelpGuide,anxiety,Around the web,condition_info,"New guidelines aim to increase recognition and treatment of anxiety disorders Jacqui Wise, The BMJ, 2011 Treating generalised anxiety disorderCommentary: Putting research into practiceCommentary: A patient's story of living with anxietyCommentary: Information for p... Alison Tonks, The BMJ, 2003 Generalized anxiety disorder: diagnosis and treatment E. A. Hoge, The BMJ, 2012 Anxiety and depression in general medical settings. P. Silverstone, The BMJ, 1988 Cognitive therapy works best for anxiety disorders British Medical Journal Publishing Group, The BMJ, 2003 Anxiety disorder British Medical Journal Publishing Group, The BMJ, 2010 Management of generalised anxiety disorder in adults: summary of NICE guidance Tim Kendall, John Cape, Melissa Chan, et al., The BMJ, 2011 What is my risk, doctor? Patients should be told risks of untreated disease and side effects of treatment Giuseppe E Bignardi, The BMJ, 2023",https://www.helpguide.org/mental-health/anxiety/anxiety-disorders-and-anxiety-attacks,coping_strategies
HelpGuide,anxiety,How to Stop Worrying and End Anxious Thoughts,coping,"Are you plagued by constant worries, fears, and anxious thoughts, especially about things you can’t control? These tips can help calm your worried mind, ease anxiety, and end negative thinking. Tip 3: Ask if it's in your control",https://www.helpguide.org/mental-health/anxiety/how-to-stop-worrying,coping_strategies
HelpGuide,anxiety,How to stop worrying,coping,"Worries, doubts, and anxieties are a normal part of life. It’s natural to worry about an unpaid bill, an upcoming job interview, or a first date. But “normal” worry becomes excessive when it’s persistent and uncontrollable. You worry every day about “what ifs” and worst-case scenarios, you can’t get anxious thoughts out of your head, and it interferes with your daily life. Constant worrying, negative thinking, and always expecting the worst can take a toll on your emotional and physical health. It can sap your emotional strength, leave you feeling restless and jumpy, cause insomnia, headaches, stomach problems, and muscle tension, and make it difficult to concentrate at work or school. You may take your negative feelings out on the people closest to you, self-medicate with alcohol or drugs, or try to distract yourself by zoning out in front of screens. Chronic worrying can also be a major symptom of generalized anxiety disorder (GAD), a common anxiety disorder that involves tension, nervousness, and a general feeling of unease that colors your whole life. If you’re plagued by exaggerated worry and tension, there are steps you can take to turn off anxious thoughts. Chronic worrying is a mental habit that can be broken. You can train your brain to stay calm and look at life from a more balanced, less fearful perspective.",https://www.helpguide.org/mental-health/anxiety/how-to-stop-worrying,coping_strategies
HelpGuide,anxiety,Signs you worry too much,coping,"The consequences of chronic worrying can manifest in various ways. Here are some examples of the physical, mental, and behavioral symptoms of constant worrying: Restlessness. You may feel physically jittery, or restless and unfocused at work or school because your attention is so focused on your worries. Fatigue. You can feel exhausted if your body’s stress response is active for too long. You may find yourself sleeping a lot but quickly feeling tired again. Sleeplessness. On the other hand, your worries can keep you awake at night. You might have a hard time quieting your thoughts before bed, kept awake by the various “what-if” situations running through your head. Muscle tension and pain. Many people carry stress in their bodies. You might clench your jaw when you’re worried, for example, which can trigger headaches. Or you may adopt a rigid posture, which causes aches and pains in other parts of the body. Self-medication. You may self-medicate by turning to drugs or alcohol to change how you feel, or try to distract yourself from your worries by gambling or spending too much time online. Changes in social life. The effects of chronic worrying can also spill over into your social life. You might find that you become short-tempered with people around you, or even self-isolate from others because you feel so emotionally exhausted and on edge.",https://www.helpguide.org/mental-health/anxiety/how-to-stop-worrying,coping_strategies
HelpGuide,anxiety,Why do I worry so much?,coping,"Constant worrying can keep you up at night and make you tense and edgy during the day. And even though you hate feeling like a nervous wreck, it can still be so difficult to stop. For most chronic worriers, the anxious thoughts are fueled by the beliefs—both negative and positive—that you hold about worrying:",https://www.helpguide.org/mental-health/anxiety/how-to-stop-worrying,coping_strategies
HelpGuide,anxiety,Negative beliefs about worry,coping,"You may believe that your constant worrying is harmful, that it’s going to drive you crazy or affect your physical health. Or you may worry that you’re going to lose all control over your worrying—that it will take over and never stop. While negative beliefs, or worrying about worrying, adds to your anxiety and keeps worry going, positive beliefs about worrying can be just as damaging.",https://www.helpguide.org/mental-health/anxiety/how-to-stop-worrying,coping_strategies
HelpGuide,anxiety,Positive beliefs about worry,coping,"You may believe that your worrying helps you avoid bad things, prevents problems, prepares you for the worst, or leads to solutions. Maybe you tell yourself that if you keep worrying about a problem long enough, you’ll eventually be able to figure it out? Or perhaps you’re convinced that worrying is a responsible thing to do or the only way to ensure you don’t overlook something? It’s tough to break the worry habit if you believe that your worrying serves a positive purpose. Once you realize that worrying is the problem, not the solution, you can regain control of your worried mind.",https://www.helpguide.org/mental-health/anxiety/how-to-stop-worrying,coping_strategies
HelpGuide,anxiety,Tips on how to stop worrying,coping,"Although you can’t stop worrying entirely, there are steps you can take to better manage your anxious thoughts and reduce rumination. Some strategies involve setting aside a specific time to worry, challenging negative thought patterns, and identifying what’s beyond your control. You can also use techniques, such as exercise and meditation, to interrupt anxious spirals. Lastly, opening up to others and building mindfulness are additional ways you can improve your overall well-being. Not every strategy will work for every person. Experiment with each tip and stick with whatever works best for you.",https://www.helpguide.org/mental-health/anxiety/how-to-stop-worrying,coping_strategies
HelpGuide,anxiety,Around the web,coping,"Does thinking make it so? Differential associations between adversity worries and experiences and mental health during the COVID-19 pandemic Liam Wright, J Epidemiol Community Health, 2021 Anxiety and Separation Disorders Alexa L. Bagnell, Pediatr Rev, 2011 Cognitive bias modification for interpretation with and without prior repetitive negative thinking to reduce worry and rumination in generalised anxiety disorde... Charlotte Krahé, BMJ Open, 2016 Top tips: coping with anxiety during the COVID-19 pandemic Lee David, BMJ Learning 1, 2020",https://www.helpguide.org/mental-health/anxiety/how-to-stop-worrying,coping_strategies
HelpGuide,anxiety,Tip 1: Create a daily “worry” period,coping,"It’s tough to be productive in your daily activities when anxiety and worry are dominating your thoughts and distracting you from work, school, or your home life. This is where the strategy of postponing worrying can help. Telling yourself to stop worrying doesn’t work. In fact, trying to do so often makes your worries stronger and more persistent. This is because trying to “thought stop” forces you to pay extra attention to the very thought you want to avoid. But that doesn’t mean there’s nothing you can do to control worry. You just need a different approach. This is where the strategy of postponing worrying comes in. Rather than trying to stop or get rid of an anxious thought, give yourself permission to have it, but put off dwelling on it until later. Create a “worry period.” Choose a set time and place for worrying. It should be the same every day (e.g. in the living room from 5:00 to 5:20 p.m.) and early enough that it won’t make you anxious right before bedtime. During your worry period, you’re allowed to worry about whatever’s on your mind. The rest of the day, however, is a worry-free zone. Write down your worries. If an anxious thought or worry comes into your head during the day, make a brief note of it and then continue about your day. Remind yourself that you’ll have time to think about it later, so there’s no need to worry about it right now. Also, writing down your thoughts—on a pad or on your phone or computer—is much harder work than simply thinking them, so your worries are more likely to lose their power. Go over your “worry list” during the worry period. If the thoughts you wrote down are still bothering you, allow yourself to worry about them, but only for the amount of time you’ve specified for your worry period. As you examine your worries in this way, you’ll often find it easier to develop a more balanced perspective. And if your worries don’t seem important any more, simply cut your worry period short and enjoy the rest of your day. Postponing worrying is effective because it breaks the habit of dwelling on worries when you’ve got other things to do, yet there’s no struggle to suppress the thought or judge it. You simply save it for later. And as you develop the ability to postpone your anxious thoughts, you’ll start to realize that you have more control than you think.",https://www.helpguide.org/mental-health/anxiety/how-to-stop-worrying,coping_strategies
HelpGuide,anxiety,Tip 2: Challenge anxious thoughts,coping,"If you suffer from chronic anxiety and worry, chances are you look at the world in ways that make it seem more threatening than it really is. For example, you may overestimate the possibility that things will turn out badly, jump immediately to worst-case scenarios, or treat every anxious thought as if it were fact. You may also discredit your own ability to handle life’s problems, assuming you’ll fall apart at the first sign of trouble. These irrational, pessimistic attitudes are known as cognitive distortions. Although cognitive distortions aren’t based on reality, they’re not easy to give up. Often, they’re part of a lifelong pattern of thinking that’s become so automatic you’re not even completely aware of it.",https://www.helpguide.org/mental-health/anxiety/how-to-stop-worrying,coping_strategies
HelpGuide,anxiety,"Cognitive distortions that add to worry, anxiety, and stress include:",coping,"All-or-nothing thinking. Looking at things in black-or-white categories, with no middle ground. “If everything is not perfect, I’m a total failure.” Overgeneralization. Generalizing from a single negative experience, expecting it to hold true forever. “I didn’t get hired for the job. I’ll never get any job.” The mental filter. Focusing on the negatives while filtering out the positives. Noticing the one thing that went wrong, rather than all the things that went right. “I got the last question on the test wrong. I’m an idiot.” Diminishing the positive. Coming up with reasons why positive events don’t count. “I did well on the presentation, but that was just dumb luck.” Jumping to conclusions. Making negative interpretations without actual evidence. You act like a mind reader: “I can tell she secretly hates me.” Or a fortune teller: “I just know something terrible is going to happen.” Catastrophizing. Expecting the worst-case scenario to happen. “The pilot said we’re in for some turbulence. The plane’s going to crash!” Emotional reasoning. Believing that the way you feel reflects reality. “I feel like such a fool. Everyone must be laughing at me.” ‘Shoulds’ and ‘should-nots.’ Holding yourself to a strict list of what you should and shouldn’t do and beating yourself up if you break any of the rules. “I should never have tried starting a conversation with her. I’m such a moron.” Labeling. Criticizing yourself based on mistakes and perceived shortcomings. “I’m a failure; I’m boring; I deserve to be alone.” Personalization. Assuming responsibility for things that are outside your control. “It’s my fault my son got in an accident. I should have warned him to drive carefully in the rain.”",https://www.helpguide.org/mental-health/anxiety/how-to-stop-worrying,coping_strategies
HelpGuide,anxiety,How to challenge these thoughts,coping,"In order to break these bad thinking habits and stop the worry and anxiety they bring, you need to retrain your brain. Once you identify the negative thoughts, instead of viewing them as facts, treat them as hypotheses you’re testing out. As you examine and challenge your worries and anxious thoughts, you’ll develop a more balanced perspective. During your worry period, challenge your negative thoughts by asking yourself: What’s the evidence that the thought is true? That it’s not true? Is there a more positive, realistic way of looking at the situation? What’s the probability that what I’m scared of will actually happen? If the probability is low, what are some more likely outcomes? Is the thought helpful? How will worrying about it help me and how will it hurt me? What would I say to a friend who had this worry?",https://www.helpguide.org/mental-health/anxiety/how-to-stop-worrying,coping_strategies
HelpGuide,anxiety,Tip 3: Ask yourself if a worry is something you can control,coping,"Research shows that while you’re worrying, you temporarily feel less anxious. Running over the problem in your head distracts you from your emotions and makes you feel like you’re getting something accomplished. But worrying and problem solving are two very different things. Problem solving involves evaluating a situation, coming up with concrete steps for dealing with it, and then putting the plan into action. Worrying, on the other hand, rarely leads to solutions. No matter how much time you spend dwelling on worst-case scenarios, you’re no more prepared to deal with them should they actually happen.",https://www.helpguide.org/mental-health/anxiety/how-to-stop-worrying,coping_strategies
HelpGuide,anxiety,Is your worry something you can control?,coping,"If a worry pops into your head, start by asking yourself whether the problem is something you can actually solve or control. Is the problem something you’re currently facing, rather than an imaginary what-if? If the problem is an imaginary what-if, how likely is it to happen? Is your concern realistic? Can you do something about the problem or prepare for it, or is it out of your control? Productive, solvable worries are those you can take action on right away. For example, if you’re worried about your bills, you could call your creditors to see about flexible payment options. Unproductive, uncontrollable worries are those for which there is no corresponding action. “What if I get cancer someday?” or “What if my kid gets into an accident?”",https://www.helpguide.org/mental-health/anxiety/how-to-stop-worrying,coping_strategies
HelpGuide,anxiety,"If the worry is in your control, start brainstorming",coping,"Make a list of all the possible solutions you can think of. Try not to get too hung up on finding the perfect solution to a worry. Focus on the things you have the power to change, rather than the circumstances or realities beyond your control. After you’ve evaluated your options, make a plan of action. Once you have a plan and start doing something about the problem, you’ll feel much less anxious.",https://www.helpguide.org/mental-health/anxiety/how-to-stop-worrying,coping_strategies
HelpGuide,anxiety,"If the worry is NOT in your control, accept the uncertainty",coping,"If you’re a chronic worrier, the vast majority of your anxious thoughts probably fall in this camp. Worrying is often a way we try to predict what the future has in store—a way to prevent unpleasant surprises and control the outcome. The problem is, it doesn’t work. Thinking about all the things that could go wrong doesn’t make life any more predictable. You may feel safer when you’re worrying, but it’s just an illusion. Focusing on worst-case scenarios will only keep you from enjoying the good things you have in the present. To stop worrying, you need to learn how to deal with the uncertainty that we all face in life. Tackle your need for immediate answers. Do you tend to predict bad things will happen just because they are uncertain? What is the likelihood they will? Given the likelihood is very low, is it possible to live with the small chance that something negative may happen? Discover how others cope with uncertainty. Ask your friends and family how they cope with uncertainty in specific situations. Could you do the same? For example, if you’re worried about your child taking the bus to school, asking a neighbor how they deal with the uncertainty could help you feel less anxious. Tune into your emotions. Worrying about uncertainty is often a way to avoid unpleasant emotions. But you can’t worry your emotions away. While you’re worrying, your feelings are temporarily suppressed, but as soon as you stop, they bounce back. And then, you start worrying about your feelings: “What’s wrong with me? I shouldn’t feel this way!” By using HelpGuide’s free Emotional Intelligence Toolkit, you can tune into your emotions and start to accept your feelings, even those that are uncomfortable or don’t make sense.",https://www.helpguide.org/mental-health/anxiety/how-to-stop-worrying,coping_strategies
HelpGuide,anxiety,Tip 4: Interrupt the cycle of worry and anxious thoughts,coping,"If you worry excessively, it can seem like negative thoughts are running through your head on endless repeat. You may feel like you’re spiraling out of control, going crazy, or about to burn out under the weight of all this anxiety. But there are steps you can take right now to interrupt all those anxious thoughts, lower your stress, and give yourself a time out from relentless worrying. Get up and get moving. Exercise is a natural and effective anti-anxiety treatment because it releases endorphins which relieve tension and stress, boost energy, and enhance your sense of well-being. Even more importantly, by really focusing on how your body feels as you move, you can interrupt the constant flow of worries running through your head. Pay attention to the sensation of your feet hitting the ground as you walk, run, or dance, for example, or the rhythm of your breathing, or the feeling of the sun or wind on your skin. Take a yoga or tai chi class. By focusing your mind on your movements and breathing, practicing yoga or tai chi keeps your attention on the present, helping to clear your mind and lead to a relaxed state. Meditate. Meditation works by switching your focus from worrying about the future or dwelling on the past to what’s happening right now. By being fully engaged in the present moment, you can interrupt the endless loop of negative thoughts and worries. You don’t need to sit cross-legged, light candles or incense, or chant. Simply find a quiet, comfortable place and choose one of our free audio meditations that can guide you through the meditation process. Practice progressive muscle relaxation. This can help you break the endless loop of worrying by focusing your mind on your body instead of your thoughts. By alternately tensing and then releasing different muscle groups in your body, you release muscle tension in your body. And as your body relaxes, your mind will follow. Try deep breathing. When you worry, you become anxious and breathe faster, often leading to further anxiety. But by practicing deep breathing exercises, you can calm your mind and quiet negative thoughts.",https://www.helpguide.org/mental-health/anxiety/how-to-stop-worrying,coping_strategies
HelpGuide,anxiety,Relaxation techniques can change the brain,coping,"While the above relaxation techniques can provide some immediate respite from worry and anxiety, practicing them regularly can also change your brain. Research has shown that regular meditation, for example, can boost activity on the left side of the prefrontal cortex, the area of the brain responsible for feelings of serenity and joy. The more you practice, the greater the anxiety relief you’ll experience and the more control you’ll start to feel over your anxious thoughts and worries.",https://www.helpguide.org/mental-health/anxiety/how-to-stop-worrying,coping_strategies
HelpGuide,anxiety,Tip 5: Talk about your worrying,coping,"It may seem like a simplistic solution, but talking face to face with a trusted friend, family member, or therapist—someone who will listen to you without judging, criticizing, or continually being distracted—is one of the most effective ways to calm your nervous system and diffuse anxiety. When your worries start spiraling, talking them over can make them seem far less threatening. Explore our in-depth review of the best online therapy platforms to find the one that’s right for you.",https://www.helpguide.org/mental-health/anxiety/how-to-stop-worrying,coping_strategies
HelpGuide,anxiety,Speak to a Licensed Therapist,coping,"BetterHelp is an online therapy service that matches you to licensed, accredited therapists who can help with depression, anxiety, relationships, and more. Take the assessment and get matched with a therapist in as little as 48 hours. Keeping worries to yourself only causes them to build up until they seem overwhelming. But saying them out loud can often help you to make sense of what you’re feeling and put things in perspective. If your fears are unwarranted, verbalizing them can expose them for what they are—needless worries. And if your fears are justified, sharing them with someone else can produce solutions that you may not have thought of alone. Build a strong support system. Human beings are social creatures. We’re not meant to live in isolation. But a strong support system doesn’t necessarily mean a vast network of friends. Don’t underestimate the benefit of a few people you can trust and count on to be there for you. And if you don’t feel that you have anyone to confide in, it’s never too late to build new friendships. Know who to avoid when you’re feeling anxious. Your anxious take on life may be something you learned when you were growing up. If your mother is a chronic worrier, she is not the best person to call when you’re feeling anxious—no matter how close you are. When considering who to turn to, ask yourself whether you tend to feel better or worse after talking to that person about a problem. Try helping others. The social contact aspect of volunteering can have a profound effect on your overall psychological well-being. While nothing relieves stress better than a meaningful connection to another person, working with pets and other animals has also been shown to reduce stress and anxiety.",https://www.helpguide.org/mental-health/anxiety/how-to-stop-worrying,coping_strategies
HelpGuide,anxiety,Tip 6: Practice mindfulness,coping,"Worrying is usually focused on the future—on what might happen and what you’ll do about it—or on the past, rehashing the things you’ve said or done. The centuries-old practice of mindfulness can help you break free of your worries by bringing your attention back to the present. This strategy is based on observing your worries and then letting them go, helping you identify where your thinking is causing problems and getting in touch with your emotions. Acknowledge and observe your worries. Don’t try to ignore, fight, or control them like you usually would. Instead, simply observe them as if from an outsider’s perspective, without reacting or judging. Let your worries go. Notice that when you don’t try to control the anxious thoughts that pop up, they soon pass, like clouds moving across the sky. It’s only when you engage your worries that you get stuck. Stay focused on the present. Pay attention to the way your body feels, the rhythm of your breathing, your ever-changing emotions, and the thoughts that drift across your mind. If you find yourself getting stuck on a particular thought, bring your attention back to the present moment. Repeat daily. Using mindfulness to stay focused on the present is a simple concept, but it takes time and regular practice to reap the benefits. At first, you’ll probably find that your mind keeps wandering back to your worries. Try not to get frustrated. Each time you draw your focus back to the present, you’re reinforcing a new mental habit that will help you break free of the negative worry cycle.",https://www.helpguide.org/mental-health/anxiety/how-to-stop-worrying,coping_strategies
HelpGuide,anxiety,Basic mindfulness meditation,coping,"Sit on a comfortable chair or cushion, with your back straight, and your hands resting on the tops of your upper legs. Close your eyes and breathe in through your nose, allowing the air downward into your lower belly. Let your abdomen expand fully. Focus on an aspect of your breathing, such as the sensations of air flowing into your nostrils and out of your mouth, or your belly rising and falling as you inhale and exhale. If your mind starts to wander, return your focus to your breathing with no judgment. Try to meditate 3 or 4 times per week for 10 minutes per day. Every minute counts.",https://www.helpguide.org/mental-health/anxiety/how-to-stop-worrying,coping_strategies
HelpGuide,anxiety,Chronic worrying and your health,coping,"From lack of concentration to self-isolation to physical discomfort, chronic worrying can affect your well-being in all sorts of ways. But know that it’s possible to adjust your thought patterns and self-soothe your anxiety. Be patient with yourself as you try out different ways to rein in worrying. Rather than expect big changes overnight, look for small signs of success. You may feel a little less tension in your body, for example, or find that you’re better able to escape long cycles of rumination. In time, you’ll find that you’re becoming more present and less worried.",https://www.helpguide.org/mental-health/anxiety/how-to-stop-worrying,coping_strategies
HelpGuide,anxiety,Support in the U.S.,coping,"NAMI Helpline – Trained volunteers can provide information, referrals, and support for those suffering from anxiety disorders in the U.S. Call 1-800-950-6264. (National Alliance on Mental Illness) Find a Therapist – Search for anxiety disorder treatment providers in the U.S. (Anxiety Disorders Association of America)",https://www.helpguide.org/mental-health/anxiety/how-to-stop-worrying,coping_strategies
HelpGuide,anxiety,Support in other countries,coping,"Support Groups – List of support groups in the U.S., Canada, Australia, and South Africa. (Anxiety and Depression Association of America) Anxiety UK – Information, support, and a dedicated helpline for UK sufferers and their families. Call: 03444 775 774. (Anxiety UK) Anxiety Canada – Provides links to services in different Canadian provinces. (Anxiety Disorders Association of Canada) SANE Help Centre – Provides information about symptoms, treatments, medications, and where to go for support in Australia. Call: 1800 18 7263. (SANE Australia). Helpline (India) – Provides information and support to those with mental health concerns in India. Call: 1860 2662 345 or 1800 2333 330. From lack of concentration to self-isolation to physical discomfort, chronic worrying can affect your well-being in all sorts of ways. But know that it’s possible to adjust your thought patterns and self-soothe. Be patient with yourself as you try out different ways to rein in worries. Rather than expect big changes overnight, look for small signs of success. Maybe you feel a little less tension in your body, or you’re better able to escape long cycles of rumination. In time, you’ll find that you’re becoming more present and less stressed.",https://www.helpguide.org/mental-health/anxiety/how-to-stop-worrying,coping_strategies
HelpGuide,anxiety,More Information,coping,"Grupe, D. W., & Nitschke, J. B. (2013). Uncertainty and Anticipation in Anxiety. Nature Reviews. Neuroscience, 14(7), 488–501. Link Stubbs, B., Vancampfort, D., Rosenbaum, S., Firth, J., Cosco, T., Veronese, N., Salum, G. A., & Schuch, F. B. (2017). An examination of the anxiolytic effects of exercise for people with anxiety and stress-related disorders: A meta-analysis. Psychiatry Research, 249, 102–108. Link Newman, M. G., Llera, S. J., Erickson, T. M., Przeworski, A., & Castonguay, L. G. (2013). Worry and Generalized Anxiety Disorder: A Review and Theoretical Synthesis of Evidence on Nature, Etiology, Mechanisms, and Treatment. Annual Review of Clinical Psychology, 9, 275–297. Link Kircanski, K., Thompson, R. J., Sorenson, J., Sherdell, L., & Gotlib, I. H. (2015). Rumination and Worry in Daily Life: Examining the Naturalistic Validity of Theoretical Constructs. Clinical Psychological Science : A Journal of the Association for Psychological Science, 3(6), 926–939. Link Wells, A. (2005). The Metacognitive Model of GAD: Assessment of Meta-Worry and Relationship With DSM-IV Generalized Anxiety Disorder. Cognitive Therapy and Research, 29(1), 107–121. Link Aylett, E., Small, N., & Bower, P. (2018). Exercise in the treatment of clinical anxiety in general practice – a systematic review and meta-analysis. BMC Health Services Research, 18(1), 559. Link Australia, H. (2024, May 22). Excessive worry [Text/html]. Healthdirect Australia. Link Chu, B., Marwaha, K., Sanvictores, T., Awosika, A. O., & Ayers, D. (2025). Physiology, Stress Reaction. In StatPearls. StatPearls Publishing. Link",https://www.helpguide.org/mental-health/anxiety/how-to-stop-worrying,coping_strategies
HelpGuide,anxiety,Around the web,coping,"Does thinking make it so? Differential associations between adversity worries and experiences and mental health during the COVID-19 pandemic Liam Wright, J Epidemiol Community Health, 2021 Cognitive bias modification for interpretation with and without prior repetitive negative thinking to reduce worry and rumination in generalised anxiety disorde... Charlotte Krahé, BMJ Open, 2016 Top tips: coping with anxiety during the COVID-19 pandemic Lee David, BMJ Learning 1, 2020 Facing the first day: placements, anxiety, and me…. dibarrett, EB Nursing blog, 2020 Two Unusual Manifestations of Anxiety G. C. Wallis, Journal of The Royal Naval Medical Service, 1954 Generalised anxiety disorder: diagnosis and management in adults in primary care John Cape, BMJ Learning 1, 2019 Research progress of health anxiety Chinese Journal of Integrative Nursing, 2022",https://www.helpguide.org/mental-health/anxiety/how-to-stop-worrying,coping_strategies
HelpGuide,anxiety,Finding the best relaxation technique for you,coping,"For many of us, relaxation means flopping on the couch and zoning out in front of the TV at the end of a stressful day. But this does little to reduce the damaging effects of stress. Rather, you need to activate your body’s natural relaxation response, a state of deep rest that puts the brakes on stress, slows your breathing and heart rate, lowers your blood pressure, and brings your body and mind back into balance. You can do this by practicing relaxation techniques such as deep breathing, meditation, rhythmic exercise, yoga, or tai chi. While you may choose to pay for a professional massage or acupuncture session, for example, most relaxation techniques can be done on your own or with the aid of a free audio download or inexpensive smartphone app. It’s important to remember, however, that there is no single relaxation technique that works for everyone. We’re all different. The right technique is the one that resonates with you, fits your lifestyle, and is able to focus your mind to elicit the relaxation response. That means it may require some trial and error to find the technique (or techniques) that work best for you. Once you do, regular practice can help reduce everyday stress and anxiety, improve your sleep, boost your energy and mood, and improve your overall health and wellbeing.",https://www.helpguide.org/mental-health/anxiety/relaxation-techniques-for-stress-relief,coping_strategies
HelpGuide,anxiety,Relaxation technique #1: Deep breathing,coping,"With its focus on full, cleansing breaths, deep breathing is a simple yet powerful relaxation technique. It’s easy to learn, can be practiced almost anywhere, and provides a quick way to get your stress levels in check. Deep breathing is the cornerstone of many other relaxation practices, too, and can be combined with other relaxing elements such as aromatherapy and music. While apps and audio downloads can guide you through the process, all you really need is a few minutes and a place to sit quietly or stretch out.",https://www.helpguide.org/mental-health/anxiety/relaxation-techniques-for-stress-relief,coping_strategies
HelpGuide,anxiety,How to practice deep breathing,coping,"Sit comfortably with your back straight. Put one hand on your chest and the other on your stomach. Breathe in through your nose. The hand on your stomach should rise. The hand on your chest should move very little. Exhale through your mouth, pushing out as much air as you can while contracting your abdominal muscles. The hand on your stomach should move in as you exhale, but your other hand should move very little. Continue to breathe in through your nose and out through your mouth. Try to inhale enough so that your lower abdomen rises and falls. Count slowly as you exhale. If you find it difficult breathing from your abdomen while sitting up, try lying down. Put a small book on your stomach, and breathe so that the book rises as you inhale and falls as you exhale.",https://www.helpguide.org/mental-health/anxiety/relaxation-techniques-for-stress-relief,coping_strategies
HelpGuide,anxiety,#2: Progressive muscle relaxation,coping,"Progressive muscle relaxation is a two-step process in which you systematically tense and relax different muscle groups in the body. With regular practice, it gives you an intimate familiarity with what tension—as well as complete relaxation—feels like in different parts of your body. This can help you react to the first signs of the muscular tension that accompanies stress. And as your body relaxes, so will your mind. Progressive muscle relaxation can be combined with deep breathing for additional stress relief.",https://www.helpguide.org/mental-health/anxiety/relaxation-techniques-for-stress-relief,coping_strategies
HelpGuide,anxiety,Practicing progressive muscle relaxation,coping,"Consult with your doctor first if you have a history of muscle spasms, back problems, or other serious injuries that may be aggravated by tensing muscles. Start at your feet and work your way up to your face, trying to only tense those muscles intended. Loosen clothing, take off your shoes, and get comfortable. Take a few minutes to breathe in and out in slow, deep breaths. When you’re ready, shift your attention to your right foot. Take a moment to focus on the way it feels. Slowly tense the muscles in your right foot, squeezing as tightly as you can. Hold for a count of 10. Relax your foot. Focus on the tension flowing away and how your foot feels as it becomes limp and loose. Stay in this relaxed state for a moment, breathing deeply and slowly. Shift your attention to your left foot. Follow the same sequence of muscle tension and release. Move slowly up through your body, contracting and relaxing the different muscle groups. It may take some practice at first, but try not to tense muscles other than those intended.",https://www.helpguide.org/mental-health/anxiety/relaxation-techniques-for-stress-relief,coping_strategies
HelpGuide,anxiety,#3: Body scan meditation,coping,"This is a type of meditation that that focuses your attention on various parts of your body. Like progressive muscle relaxation, you start with your feet and work your way up. But instead of tensing and relaxing muscles, you simply focus on the way each part of your body feels, without labeling the sensations as either “good” or “bad”. Lie on your back, legs uncrossed, arms relaxed at your sides, eyes open or closed. Focus on your breathing for about two minutes until you start to feel relaxed. Turn your focus to the toes of your right foot. Notice any sensations you feel while continuing to also focus on your breathing. Imagine each deep breath flowing to your toes. Remain focused on this area for three to five seconds (or more). Move your focus to the sole of your right foot. Tune in to any sensations you feel in that part of your body and imagine each breath flowing from the sole of your foot. After one or two minutes, move your focus to your right ankle and repeat. Move to your calf, knee, thigh, hip, and then repeat the sequence for your left leg. From there, move up the torso, through the lower back and abdomen, the upper back and chest, and the shoulders. Pay close attention to any area of the body that causes you pain or discomfort. After completing the body scan, relax for a while in silence and stillness, noting how your body feels. Then slowly open your eyes and stretch, if necessary.",https://www.helpguide.org/mental-health/anxiety/relaxation-techniques-for-stress-relief,coping_strategies
HelpGuide,anxiety,Around the web,coping,"The therapeutic effects of meditation PH Canter, The BMJ, 2003 P-168 The relaxation revolution – a hospice based relaxation group to support patients with some ‘R and R’ Angeliki Panteli, BMJ Supportive & Palliative Care, 2019 A within-subject comparison of different relaxation therapies in eliciting physiological and psychological changes in young women Sarah Dib, PeerJ, 2020 Hypertension Analysis of stress Reduction using Mindfulness meditatiON and Yoga (The HARMONY Study): study protocol of a randomised control trial Kimberly Blom, M. How, Monica Dai, et al., BMJ Open, 2012",https://www.helpguide.org/mental-health/anxiety/relaxation-techniques-for-stress-relief,coping_strategies
HelpGuide,anxiety,#4: Visualization,coping,"Visualization, or guided imagery, is a variation on traditional meditation that involves imagining a scene in which you feel at peace, free to let go of all tension and anxiety. Choose whatever setting is most calming to you, whether it’s a tropical beach, a favorite childhood spot, or a quiet wooded glen. You can practice visualization on your own or with an app or audio download to guide you through the imagery. You can also choose to do your visualization in silence or use listening aids, such as soothing music or a sound machine or a recording that matches your chosen setting: the sound of ocean waves if you’ve chosen a beach, for example.",https://www.helpguide.org/mental-health/anxiety/relaxation-techniques-for-stress-relief,coping_strategies
HelpGuide,anxiety,Practicing visualization,coping,"Close your eyes and imagine your restful place. Picture it as vividly as you can: everything you see, hear, smell, taste, and feel. Just “looking” at it in your mind’s eye like you would a photograph is not enough. Visualization works best if you incorporate as many sensory details as possible. For example, if you are thinking about a dock on a quiet lake: Feel the cool water on your bare feet Enjoy the feeling of your worries drifting away as you slowly explore your restful place. When you are ready, gently open your eyes and come back to the present. Don’t worry if you sometimes zone out or lose track of where you are during a visualization session. This is normal. You may also experience feelings of heaviness in your limbs, muscle twitches, or yawning. Again, these are normal responses.",https://www.helpguide.org/mental-health/anxiety/relaxation-techniques-for-stress-relief,coping_strategies
HelpGuide,anxiety,#5: Self-massage,coping,"You’re probably already aware how much a professional massage at a spa or health club can help reduce stress, relieve pain, and ease muscle tension. What you may not be aware of is that you can experience some of the same benefits at home or work by practicing self-massage, trading massages with a loved one, or using an adjustable bed with a built-in massage feature. Try taking a few minutes to massage yourself at your desk between tasks, on the couch at the end of a hectic day, or in bed to help you unwind before sleep. To enhance relaxation, you can use aromatic oil, scented lotion, or combine self-message with mindfulness or deep breathing techniques.",https://www.helpguide.org/mental-health/anxiety/relaxation-techniques-for-stress-relief,coping_strategies
HelpGuide,anxiety,A five-minute self-massage to relieve stress,coping,"A combination of strokes works well to relieve muscle tension. Try gentle chops with the edge of your hands or tapping with fingers or cupped palms. Put fingertip pressure on muscle knots. Knead across muscles, and try long, light, gliding strokes. You can apply these strokes to any part of the body that falls easily within your reach. For a short session like this, try focusing on your neck and head: Start by kneading the muscles at the back of your neck and shoulders. Make a loose fist and drum swiftly up and down the sides and back of your neck. Next, use your thumbs to work tiny circles around the base of your skull. Slowly massage the rest of your scalp with your fingertips. Then tap your fingers against your scalp, moving from the front to the back and then over the sides. Now massage your face. Make a series of tiny circles with your thumbs or fingertips. Pay particular attention to your temples, forehead, and jaw muscles. Use your middle fingers to massage the bridge of your nose and work outward over your eyebrows to your temples. Finally, close your eyes. Cup your hands loosely over your face and inhale and exhale easily for a short while.",https://www.helpguide.org/mental-health/anxiety/relaxation-techniques-for-stress-relief,coping_strategies
HelpGuide,anxiety,#6: Mindfulness meditation,coping,"Mindfulness has become extremely popular in recent years, garnering headlines and endorsements from celebrities, business leaders, and psychologists alike. So, what is mindfulness? Rather than worrying about the future or dwelling on the past, mindfulness switches your focus to what’s happening right now, enabling you to be fully engaged in the present moment. Meditations that cultivate mindfulness have long been used to reduce stress, anxiety, depression, and other negative emotions. Some of these practices bring you into the present by focusing your attention on a single repetitive action, such as your breathing or a few repeated words. Other forms of mindfulness meditation encourage you to follow and then release internal thoughts or sensations. Mindfulness can also be applied to activities such as walking, exercising, or eating. Using mindfulness to stay focused on the present might seem straightforward, but it takes practice to reap all the benefits. When you first start practicing, you’ll likely find that your focus keeps wandering back to your worries or regrets. But don’t get disheartened. Each time you draw your focus back to the present, you’re strengthening a new mental habit that can help you break free of fretting about the past or stressing about the future. Using an app or audio download can also help focus your attention, especially when you’re starting out.",https://www.helpguide.org/mental-health/anxiety/relaxation-techniques-for-stress-relief,coping_strategies
HelpGuide,anxiety,A basic mindfulness meditation:,coping,"Find a quiet place where you won’t be interrupted or distracted. Sit on a comfortable chair with your back straight. Close your eyes and find a point of focus, such as your breathing—the sensation of air flowing into your nostrils and out of your mouth or your belly rising and falling—or a meaningful word that you repeat throughout the meditation. Don’t worry about distracting thoughts that go through your mind or about how well you’re doing. If thoughts intrude your relaxation session, don’t fight them, just gently turn your attention back to your point of focus, without judgment.",https://www.helpguide.org/mental-health/anxiety/relaxation-techniques-for-stress-relief,coping_strategies
HelpGuide,anxiety,"For maximum stress relief, add mindfulness to your workout",coping,"While simply engaging in rhythmic exercise will help you relieve stress, adding a mindfulness component can benefit you even more. As with meditation, mindful exercise requires being fully engaged in the present moment, paying attention to how your body feels right now, rather than your daily worries or concerns. Instead of zoning out or staring at a TV as you exercise, focus on the sensations in your limbs and how your breathing complements your movement. If you’re walking or running, for example, focus on the sensation of your feet touching the ground, the rhythm of your breath, and the feeling of the wind against your face. If you’re resistance training, focus on coordinating your breathing with your movements and pay attention to how your body feels as you raise and lower the weights. And when your mind wanders to other thoughts, gently return your focus to your breathing and movement.",https://www.helpguide.org/mental-health/anxiety/relaxation-techniques-for-stress-relief,coping_strategies
HelpGuide,anxiety,#8: Yoga and tai chi,coping,"Yoga involves a series of both moving and stationary poses, combined with deep breathing. As well as reducing anxiety and stress, yoga can also improve flexibility, strength, balance, and stamina. Since injuries can happen when yoga is practiced incorrectly, it’s best to learn by attending group classes, hiring a private teacher, or at least following video instructions. Once you’ve learned the basics, you can practice alone or with others, tailoring your practice as you see fit.",https://www.helpguide.org/mental-health/anxiety/relaxation-techniques-for-stress-relief,coping_strategies
HelpGuide,anxiety,What type of yoga is best for stress?,coping,"Although almost all yoga classes end in a relaxation pose, classes that emphasize slow, steady movement, deep breathing, and gentle stretching are best for stress relief. Satyananda is a traditional form of yoga. It features gentle poses, deep relaxation, and meditation, making it suitable for beginners as well as anyone aiming primarily for stress reduction. Hatha yoga is also a reasonably gentle way to relieve stress and is suitable for beginners. Alternately, look for labels like gentle, for stress relief, or for beginners when selecting a yoga class. Power yoga, with its intense poses and focus on fitness, is better suited to those looking for stimulation as well as relaxation. If you’re unsure whether a specific yoga class is appropriate for stress relief, call the studio or ask the teacher.",https://www.helpguide.org/mental-health/anxiety/relaxation-techniques-for-stress-relief,coping_strategies
HelpGuide,anxiety,Tai chi,coping,"If you’ve seen a group of people in the park slowly moving in synch, you’ve likely witnessed tai chi. Tai chi is a self-paced series of slow, flowing body movements. By focusing your mind on the movements and your breathing, you keep your attention on the present, which clears the mind and leads to a relaxed state. Tai chi is a safe, low-impact option for people of all ages and fitness levels, including older adults and those recovering from injuries. As with yoga, it’s best learned in a class or from a private instructor. Once you’ve learned the basics, you can practice alone or with others.",https://www.helpguide.org/mental-health/anxiety/relaxation-techniques-for-stress-relief,coping_strategies
HelpGuide,anxiety,Tips for starting a relaxation practice,coping,"Learning the basics of these relaxation techniques isn’t difficult, but it takes regular practice to truly harness their stress-relieving power. Try setting aside at least 10 to 20 minutes a day for your relaxation practice. Set aside time in your daily schedule. If possible, schedule a set time once or twice a day for your practice. If your schedule is already packed, try meditating while commuting on the bus or train, taking a yoga or tai chi break at lunchtime, or practicing mindful walking while exercising your dog. Make use of smartphone apps and other aids. Many people find that smartphone apps or audio downloads can be useful in guiding them through different relaxation practices, establishing a regular routine, and keeping track of progress. Expect ups and downs. Sometimes it can take time and practice to start reaping the full rewards of relaxation techniques such as meditation. The more you stick with it, the sooner the results will come. If you skip a few days or even a few weeks, don’t get discouraged. Just get started again and slowly build up to your old momentum.",https://www.helpguide.org/mental-health/anxiety/relaxation-techniques-for-stress-relief,coping_strategies
HelpGuide,anxiety,More Information,coping,"Trauma- and Stressor-Related Disorders. (2013) In Diagnostic and Statistical Manual of Mental Disorders. American Psychiatric Association. Link Can, Yekta Said, Heather Iles-Smith, Niaz Chalabianloo, Deniz Ekiz, Javier Fernández-Álvarez, Claudia Repetto, Giuseppe Riva, and Cem Ersoy. “How to Relax in Stressful Situations: A Smart Stress Reduction System.” Healthcare 8, no. 2 (April 16, 2020): 100. Link Norelli, Samantha K., Ashley Long, and Jeffrey M. Krepps. “Relaxation Techniques.” In StatPearls. Treasure Island (FL): StatPearls Publishing, 2021. Link Toussaint, Loren, Quang Anh Nguyen, Claire Roettger, Kiara Dixon, Martin Offenbächer, Niko Kohls, Jameson Hirsch, and Fuschia Sirois. “Effectiveness of Progressive Muscle Relaxation, Deep Breathing, and Guided Imagery in Promoting Psychological and Physiological States of Relaxation.” Evidence-Based Complementary and Alternative Medicine 2021 (July 3, 2021): e5924040. Link Unger, Cynthia A, David Busse, and Ilona S Yim. “The Effect of Guided Relaxation on Cortisol and Affect: Stress Reactivity as a Moderator.” Journal of Health Psychology 22, no. 1 (January 1, 2017): 29–38. Link Woodyard, Catherine. “Exploring the Therapeutic Effects of Yoga and Its Ability to Increase Quality of Life.” International Journal of Yoga 4, no. 2 (2011): 49–54. Link Sahni, Pooja Swami, Kamlesh Singh, Nitesh Sharma, and Rahul Garg. “Yoga an Effective Strategy for Self-Management of Stress-Related Problems and Wellbeing during COVID19 Lockdown: A Cross-Sectional Study.” PLOS ONE 16, no. 2 (February 10, 2021): e0245214. Link Keng, Shian-Ling, Moria J. Smoski, and Clive J. Robins. “Effects of Mindfulness on Psychological Health: A Review of Empirical Studies.” Clinical Psychology Review 31, no. 6 (August 2011): 1041–56. Link Behan, C. “The Benefits of Meditation and Mindfulness Practices during Times of Crisis Such as COVID-19.” Irish Journal of Psychological Medicine 37, no. 4 (December 2020): 256–58. Link Abbott, Ryan, and Helen Lavretsky. “Tai Chi and Qigong for the Treatment and Prevention of Mental Disorders.” The Psychiatric Clinics of North America 36, no. 1 (March 2013): 109–19. Link Field, Tiffany. “Massage Therapy Research Review.” Complementary Therapies in Clinical Practice 24 (August 2016): 19–31. Link Loprinzi, Paul D., and Emily Frith. “Protective and Therapeutic Effects of Exercise on Stress-Induced Memory Impairment.” The Journal of Physiological Sciences: JPS 69, no. 1 (January 2019): 1–12. Link Salmon, P. “Effects of Physical Exercise on Anxiety, Depression, and Sensitivity to Stress: A Unifying Theory.” Clinical Psychology Review 21, no. 1 (February 2001): 33–61. Link",https://www.helpguide.org/mental-health/anxiety/relaxation-techniques-for-stress-relief,coping_strategies
HelpGuide,anxiety,Around the web,coping,"Relaxation David C. Mohr, Oxford Academic Books, 2010 Relaxation Training Douglas W. Woods, Oxford Academic Books, 2008 Muscle Relaxation, Differential Relaxation Breathing Retraining Barbara Olasov Rothbaum, MIT Press, 2004 Learning to Relax Michelle G. Craske, Oxford Academic Books, 2006 Module 4: Relaxation David C. Mohr, Oxford Academic Books, 2010",https://www.helpguide.org/mental-health/anxiety/relaxation-techniques-for-stress-relief,coping_strategies
HelpGuide,ptsd,"Post-Traumatic Stress Disorder (PTSD)Symptoms, Causes, and Treatment",coping,"After a trauma, PTSD can leave you feeling stuck with a constant sense of danger and painful memories. But with new coping skills, you can feel safe again and move on. PTSD recovery: what you can do to help yourself Tip 3: Reach out to others for support",https://www.helpguide.org/mental-health/ptsd-trauma/ptsd-symptoms-self-help-treatment,coping_strategies
HelpGuide,ptsd,What is post-traumatic stress disorder (PTSD)?,coping,"Post-traumatic stress disorder (PTSD) is a condition that can develop following a traumatic event that threatens your safety. Many people associate PTSD with battle-scarred soldiers—and military combat is the most common cause in men. But any overwhelming or emotionally-shattering experience can lead to PTSD—especially if the event feels unpredictable and uncontrollable. PTSD doesn’t just affect people who personally experience a traumatic event. It also impacts witnesses and those who pick up the pieces afterwards, such as emergency workers and law enforcement officers. It can even occur in the friends or family members of those who went through the actual trauma. Whatever the cause of your PTSD, there are things you can do to manage your symptoms, reduce painful memories, and move on with your life.",https://www.helpguide.org/mental-health/ptsd-trauma/ptsd-symptoms-self-help-treatment,coping_strategies
HelpGuide,ptsd,PTSD vs. a normal response to traumatic events,coping,"Following a traumatic event such as a natural disaster, traffic accident, terrorist attack, or assault, almost everyone experiences at least some of the symptoms of PTSD. When your sense of safety and trust are shattered, it’s normal to feel unbalanced, disconnected, or numb. It’s very common to have bad dreams, feel fearful, and find it difficult to stop thinking about what happened. These are normal reactions to abnormal events. For most people, however, these symptoms are short-lived. They may last for several days or even weeks, but they gradually lift. But if you have post-traumatic stress disorder, the symptoms don’t decrease and you don’t feel a little better each day. In fact, you may start to feel worse.",https://www.helpguide.org/mental-health/ptsd-trauma/ptsd-symptoms-self-help-treatment,coping_strategies
HelpGuide,ptsd,Do I have PTSD?,coping,"If you answer yes to three or more of the questions below, you may have PTSD: Have you witnessed or experienced a traumatic, life-threatening event? Have you witnessed or experienced a traumatic, life-threatening event? Did this experience make you feel intensely afraid, horrified, or helpless? Did this experience make you feel intensely afraid, horrified, or helpless? Do you have trouble getting the event out of your mind? Do you have trouble getting the event out of your mind? Do you startle more easily and feel more irritable or angry than you did before the event? Do you startle more easily and feel more irritable or angry than you did before the event? Do you go out of your way to avoid activities, people, or thoughts that remind you of the event? Do you go out of your way to avoid activities, people, or thoughts that remind you of the event? Do you have more trouble falling asleep or concentrating than you did before the event? Do you have more trouble falling asleep or concentrating than you did before the event? Have your symptoms lasted for more than a month? Have your symptoms lasted for more than a month? Is your distress making it hard for you to work or function normally? Is your distress making it hard for you to work or function normally? Please note: this questionnaire is not intended to replace professional diagnosis. For an accurate diagnosis of PTSD, you’ll need to visit a qualified mental health professional.",https://www.helpguide.org/mental-health/ptsd-trauma/ptsd-symptoms-self-help-treatment,coping_strategies
HelpGuide,ptsd,Causes of PTSD,coping,"When you experience a stressful event, your nervous system reacts with the fight-or-flight response. Your heart pounds faster, your blood pressure rises, and your muscles tighten, increasing your strength and reaction speed. Once the danger has passed, your nervous system calms your body, lowers your heart rate and blood pressure, and winds back down to its normal state. PTSD occurs when you experience too much stress in a situation. Even though the danger has passed, your nervous system is “stuck,” unable to return to its normal state of balance and you’re unable to move on from the event. Recovering from PTSD involves helping your nervous system become “unstuck” so you can heal and move on from the trauma.",https://www.helpguide.org/mental-health/ptsd-trauma/ptsd-symptoms-self-help-treatment,coping_strategies
HelpGuide,ptsd,Signs and symptoms of PTSD,coping,"PTSD develops differently from person to person because everyone’s nervous system and tolerance for stress is a little different. While you’re most likely to develop symptoms of PTSD in the hours or days following a traumatic event, it can sometimes take weeks, months, or even years before they appear. Sometimes symptoms appear seemingly out of the blue. At other times, they are triggered by something that reminds you of the original traumatic event, such as a noise, an image, certain words, or a smell. While everyone experiences PTSD differently, there are four main types of symptoms:",https://www.helpguide.org/mental-health/ptsd-trauma/ptsd-symptoms-self-help-treatment,coping_strategies
HelpGuide,ptsd,1. Re-experiencing the traumatic event,coping,"Flashbacks (acting or feeling like the event is happening again). Nightmares (either of the event or other frightening things). Feelings of intense distress when reminded of the trauma. Intense physical reactions to reminders of the event (e.g. pounding heart, rapid breathing, nausea, muscle tension, sweating).",https://www.helpguide.org/mental-health/ptsd-trauma/ptsd-symptoms-self-help-treatment,coping_strategies
HelpGuide,ptsd,2. Avoidance and numbing,coping,"Avoiding activities, places, thoughts, or feelings that remind you of the trauma. Inability to remember important aspects of the event. Loss of interest in activities and life in general. Sense of a limited future (you don’t expect to live a normal life span, get married, have a career).",https://www.helpguide.org/mental-health/ptsd-trauma/ptsd-symptoms-self-help-treatment,coping_strategies
HelpGuide,ptsd,PTSD symptoms in children and adolescents,coping,"In children—especially very young children—the symptoms of PTSD can differ from those of adults and may include: Somber, compulsive play in which themes or aspects of the trauma are repeated. New phobias and anxieties that seem unrelated to the trauma (such as fear of monsters). Acting out the trauma through play, stories, or drawings.",https://www.helpguide.org/mental-health/ptsd-trauma/ptsd-symptoms-self-help-treatment,coping_strategies
HelpGuide,ptsd,PTSD risk factors,coping,"While it’s impossible to predict who will develop PTSD in response to trauma, there are certain risk factors that increase your vulnerability. Many risk factors revolve around the nature of the traumatic event itself. Traumatic events are more likely to cause PTSD when they involve a severe threat to your life or personal safety: the more extreme and prolonged the threat, the greater the risk of developing PTSD in response. Intentional, human-inflicted harm—such as rape, assault, and torture— also tends to be more traumatic than “acts of God,” or more impersonal accidents and disasters. The extent to which the traumatic event was unexpected, uncontrollable, and inescapable also plays a role. History of depression, anxiety, or another mental illness.",https://www.helpguide.org/mental-health/ptsd-trauma/ptsd-symptoms-self-help-treatment,coping_strategies
HelpGuide,ptsd,Around the web,coping,"Effects of electroacupuncture on behaviors and expressions of SYN and PSD95 in hippocampus of rats with post-traumatic stress disorder World Journal of Acupuncture-Moxibustion, 2022 Single-Nucleus RNA-Seq Reveals PTSD-Associated Transcriptional Changes in Dopaminergic Neurons of the Lateral VTA Neuroscience Bulletin, 2025 Comparison of posttraumatic growth and posttraumatic stress of nurses with physicians and medical students after caring of COVID-19 patients Roghayeh Akbari, Mahbobeh Faramarzi, Hemmat GHOLINIA, Journal of Integrative Nursing, 2023 Advances in Treatment of Post-Traumatic Stress Disorder with Chinese Medicine Guang-tao HU, Yong Wang, Chinese Journal of Integrative Medicine, 2024",https://www.helpguide.org/mental-health/ptsd-trauma/ptsd-symptoms-self-help-treatment,coping_strategies
HelpGuide,ptsd,PTSD in military veterans,coping,"For all too many veterans, returning from military service means coping with symptoms of PTSD. You may have a hard time readjusting to life out of the military. Or you may constantly feel on edge, emotionally numb and disconnected, or close to panicking or exploding. But it’s important to know that you’re not alone and there are plenty of ways you can deal with nightmares and flashbacks, cope with feelings of depression, anxiety or guilt, and regain your sense of control.",https://www.helpguide.org/mental-health/ptsd-trauma/ptsd-symptoms-self-help-treatment,coping_strategies
HelpGuide,ptsd,Emotional and psychological trauma,coping,"If you’ve experienced an extremely stressful event—or series of events—that’s left you feeling helpless and emotionally out of control, you may have been traumatized. Psychological trauma often has its roots in childhood, but any event that shatters your sense of safety can leave you feeling traumatized, whether it’s an accident, injury, the sudden death of a loved one, bullying, domestic abuse, or a deeply humiliating experience. Whether the trauma happened years ago or yesterday, you can get over the pain, feel safe again, and move on with your life.",https://www.helpguide.org/mental-health/ptsd-trauma/ptsd-symptoms-self-help-treatment,coping_strategies
HelpGuide,ptsd,Rape or sexual trauma,coping,"The trauma of being raped or sexually assaulted can be shattering, leaving you feeling scared, ashamed, and alone, or plagued by nightmares, flashbacks, and other unpleasant memories. But no matter how bad you feel right now, it’s important to remember that you weren’t to blame for what happened. With help, you can regain your sense of safety and self-worth, and even reconnect with sex and intimacy.",https://www.helpguide.org/mental-health/ptsd-trauma/ptsd-symptoms-self-help-treatment,coping_strategies
HelpGuide,ptsd,Racial trauma,coping,"Race-based traumatic stress stems from exposure to racist abuse, discrimination, or injustice. It can erode your sense of self-worth and lead to anxiety, depression, chronic stress, high blood pressure, disordered eating, substance abuse, and even symptoms of PTSD such as hypervigilance, negative thoughts, and mood changes. But there are ways to strengthen your resilience and protect your mental health.",https://www.helpguide.org/mental-health/ptsd-trauma/ptsd-symptoms-self-help-treatment,coping_strategies
HelpGuide,ptsd,What is complex PTSD (CPTSD)?,coping,"Complex post-traumatic stress disorder (CPTSD or C-PTSD) is often considered more severe than PTSD. It’s caused by chronic exposure to traumatic events. If you grew up in an abusive household, for example, years of sustained domestic violence could result in CPTSD. People who experience the prolonged trauma of conditions like slavery or torture might also suffer from this disorder. If you have CPTSD, you may experience many of the same symptoms of PTSD, such as hypervigilance, flashbacks, and emotional numbness, as well as: Negative thoughts about yourself. You struggle with consistent thoughts of worthlessness and intense shame. Difficulty controlling emotions. You have intense reactions, feeling overly sensitive, and struggle with anger. You might experience dissociation, a feeling of disconnection with the world around you. Difficulty with relationships. You have a hard time establishing or maintaining friendships and romantic relationships. Feelings of isolation are common. Complex PTSD also has some overlapping symptoms with borderline personality disorder (BPD). For many people, trauma may play a role in the development of BPD.",https://www.helpguide.org/mental-health/ptsd-trauma/ptsd-symptoms-self-help-treatment,coping_strategies
HelpGuide,ptsd,PTSD recovery: what you can do to help yourself,coping,"Recovering from PTSD involves helping your nervous system return to its pre-trauma state of balance. While this process is easier with the guidance and support of an experienced therapist or doctor, you don’t need to wait for a medical appointment to start feeling better. There are plenty of things you can do now to help yourself cope with symptoms, reduce anxiety and fear, and take back control of your life. Healing from PTSD is a gradual, ongoing process. It doesn’t happen overnight, nor do the memories of the trauma ever disappear completely. This can make life seem difficult at times. But the following tips can offer effective ways to help you start to heal and move on:",https://www.helpguide.org/mental-health/ptsd-trauma/ptsd-symptoms-self-help-treatment,coping_strategies
HelpGuide,ptsd,Tip 1: Challenge your sense of helplessness,coping,"Overcoming your sense of helplessness is key to overcoming PTSD. Trauma can leave you feeling powerless and vulnerable, so it’s important to remind yourself that you have strengths and coping skills that can get you through these tough times., One of the best ways to reclaim your sense of power is by helping others: volunteer your time, give blood, reach out to a friend in need, or donate to your favorite charity. Taking positive action directly challenges the sense of helplessness that is a common symptom of PTSD.",https://www.helpguide.org/mental-health/ptsd-trauma/ptsd-symptoms-self-help-treatment,coping_strategies
HelpGuide,ptsd,Tip 2: Get moving,coping,"When you’re suffering from PTSD, exercise can do more than release endorphins and improve your mood and outlook. By really focusing on your body and how it feels as you move, exercise can actually help your nervous system become “unstuck” and begin to move out of the immobilization stress response. Try: Rhythmic exercise that engages both your arms and legs—such as walking, running, swimming, or dancing—can work well. Instead of focusing on your thoughts, though, focus on how your body feels. Notice the sensation of your feet hitting the ground, for example, or the rhythm of your breathing, or the feeling of the wind on your skin. Rock climbing, boxing, weight training, or martial arts. These activities can make it easier to focus on your body movements—after all, if you don’t, you could get hurt. Spending time in nature. Pursuing outdoor activities like hiking, camping, mountain biking, rock climbing, whitewater rafting, and skiing helps veterans cope with PTSD symptoms and transition back into civilian life. But it’s not just veterans who can benefit from spending time outdoors. Anyone with PTSD can benefit from the relaxation, seclusion, and peace that come with being out in nature. Focusing on strenuous outdoor activities can also challenge your sense of helplessness and help your nervous system become “unstuck”. Seek out local organizations that offer outdoor recreation or team-building opportunities.",https://www.helpguide.org/mental-health/ptsd-trauma/ptsd-symptoms-self-help-treatment,coping_strategies
HelpGuide,ptsd,Tip 3: Reach out to others for support,coping,"PTSD can make you feel disconnected from others. You may be tempted to withdraw from social activities and your loved ones. But it’s important to stay connected to life and the people you’re close to. Social interaction with someone who cares about you is the most effective way to calm your nervous system, so it’s important to find someone you can connect with face to face. You don’t have to talk about the trauma if you don’t want to, but the caring support and companionship of others is vital to your recovery. Reach out to someone you can connect with for an uninterrupted period of time, someone who will listen when you want to talk without judging, criticizing, or continually getting distracted. That person may be your significant other, a family member, a friend, or a professional therapist. Volunteering your time or reaching out to a friend in need. This is not only a great way to connect to others, but can also help you reclaim your sense of control. Joining a PTSD support group. This can help you feel less isolated and alone and also provide invaluable information on how to cope with symptoms and work towards recovery.",https://www.helpguide.org/mental-health/ptsd-trauma/ptsd-symptoms-self-help-treatment,coping_strategies
HelpGuide,ptsd,Reconnect emotionally,coping,"It’s difficult to connect to others if you’re unable to connect to yourself and what you’re feeling. Helpguide offers a free online program that teaches you how to reconnect to your physical and emotional feelings—even those uncomfortable or disturbing emotions you’ve been trying to avoid—without becoming overwhelmed. It can make a huge difference in your ability to relate to others, manage stress, balance your moods, and take back control of your life.",https://www.helpguide.org/mental-health/ptsd-trauma/ptsd-symptoms-self-help-treatment,coping_strategies
HelpGuide,ptsd,Tip 4: Adopt a healthy lifestyle,coping,"The symptoms of PTSD can be hard on your body so it’s important to take care of yourself and develop some healthy lifestyle habits. Take time to relax. Relaxation techniques such as meditation, deep breathing, massage, or yoga can activate the body’s relaxation response and ease symptoms of PTSD. Avoid alcohol and drugs. When you’re struggling with difficult emotions and traumatic memories, you may be tempted to self-medicate with alcohol or drugs. But substance use worsens many symptoms of PTSD, including emotional numbing, social isolation, anger, and depression. It can also interfere with treatment, and add to problems in your relationships. Eat a healthy diet. Start your day right with breakfast, and keep your energy up and your mind clear with balanced, nutritious meals throughout the day. Omega-3s play a vital role in emotional health so incorporate foods such as fatty fish, flaxseed, and walnuts into your diet. Limit processed food, fried food, refined starches, and sugars, which can exacerbate mood swings and cause fluctuations in your energy. Get enough sleep. Sleep deprivation can trigger anger, irritability, and moodiness. Aim for somewhere between 7 to 9 hours of sleep each night. Develop a relaxing bedtime ritual (listen to calming music or an audiobook, or read something light) and make your bedroom as quiet, dark, and soothing as possible.",https://www.helpguide.org/mental-health/ptsd-trauma/ptsd-symptoms-self-help-treatment,coping_strategies
HelpGuide,ptsd,Getting professional treatment for PTSD,coping,"If you suspect that you or a loved one has post-traumatic stress disorder, it’s important to seek help right away. The sooner PTSD is treated, the easier it is to overcome. If you’re reluctant to seek help, keep in mind that PTSD is not a sign of weakness, and the only way to overcome it is to confront what happened to you and learn to accept it as a part of your past. This process is much easier with the guidance and support of an experienced therapist or doctor. It’s only natural to want to avoid painful memories and feelings. But if you try to numb yourself and push your memories away, PTSD will only get worse. You can’t escape your emotions completely—they emerge under stress or whenever you let down your guard—and trying to do so is exhausting. The avoidance will ultimately harm your relationships, your ability to function, and the quality of your life.",https://www.helpguide.org/mental-health/ptsd-trauma/ptsd-symptoms-self-help-treatment,coping_strategies
HelpGuide,ptsd,Why you should seek help for PTSD,coping,"Early treatment is better. Symptoms of PTSD may get worse. Dealing with them now might help stop them from getting worse in the future. Finding out more about what treatments work, where to look for help, and what kind of questions to ask can make it easier to get help and lead to better outcomes. PTSD symptoms can change family life. PTSD symptoms can get in the way of your family life. You may find that you pull away from loved ones, are not able to get along with people, or that you are angry or even violent. Getting help for your PTSD can help improve your family life. PTSD can be related to other health problems. PTSD symptoms can make physical health problems worse. For example, studies have shown a relationship between PTSD and heart trouble. Getting help for your PTSD could also improve your physical health.",https://www.helpguide.org/mental-health/ptsd-trauma/ptsd-symptoms-self-help-treatment,coping_strategies
HelpGuide,ptsd,Types of PTSD treatment and therapies,coping,"Treatment for PTSD can relieve symptoms by helping you deal with the trauma you’ve experienced. A doctor or therapist will encourage you to recall and process the emotions you felt during the original event in order to reduce the powerful hold the memory has on your life. During treatment, you’ll also explore your thoughts and feelings about the trauma, work through feelings of guilt and mistrust, learn how to cope with intrusive memories, and address the problems PTSD has caused in your life and relationships. The types of treatment available for PTSD include: Trauma-focused cognitive-behavioral therapy involves gradually “exposing” yourself to feelings and situations that remind you of the trauma, and replacing distorted and irrational thoughts about the experience with a more balanced picture. Family therapy can help your loved ones understand what you’re going through and help you work through relationship problems together as a family. Medication is sometimes prescribed to people with PTSD to relieve secondary symptoms of depression or anxiety, although they do not treat the causes of PTSD. EMDR (Eye Movement Desensitization and Reprocessing) incorporates elements of cognitive-behavioral therapy with eye movements or other forms of rhythmic, left-right stimulation, such as hand taps or sounds. EMDR therapy techniques work by “unfreezing” the brain’s information processing system, which is interrupted in times of extreme stress.",https://www.helpguide.org/mental-health/ptsd-trauma/ptsd-symptoms-self-help-treatment,coping_strategies
HelpGuide,ptsd,Finding a therapist who specializes in PTSD,coping,"When looking for a therapist, seek out mental health professionals who specialize in the treatment of trauma and PTSD. You can ask your doctor or other trauma survivors for a referral, call a local mental health clinic, psychiatric hospital, or counseling center. Beyond credentials and experience, it’s important to find a PTSD therapist who makes you feel comfortable and safe. Trust your gut; if a therapist doesn’t feel right, look for someone else. For therapy to work, you need to feel comfortable and understood.",https://www.helpguide.org/mental-health/ptsd-trauma/ptsd-symptoms-self-help-treatment,coping_strategies
HelpGuide,ptsd,How to help someone with PTSD,coping,"If a loved one has post-traumatic stress disorder, it can take a heavy toll on your relationship and family life. It can be hard to understand why your loved one won’t open up to you—why they are less affectionate and more volatile. The symptoms of PTSD can also result in job loss, substance abuse, and other stressful problems. No matter how distant, irritable, or closed off your loved one seems, try not to take the symptoms of PTSD personally. Remember that this likely has nothing to do with you or your relationship. Instead, there are steps you can take to help someone with PTSD move on from the trauma, take back control of their life, and enable your relationship to return to normal.",https://www.helpguide.org/mental-health/ptsd-trauma/ptsd-symptoms-self-help-treatment,coping_strategies
HelpGuide,ptsd,Helplines and support,coping,In the U.S. Call the NAMI helpline at 1-800-950-NAMI to find a support group near you or search for Trauma Treatment Programs. Call the NAMI helpline at 1-800-950-NAMI to find a support group near you or search for Trauma Treatment Programs. UK PTSD UK offers treatment and support options. Australia Phoenix Australia offers PTSD helplines and resources. Canada Find Your Local CMHA division for support and treatment options. Find Your Local CMHA division for support and treatment options. In the U.S. Call the Veterans Crisis Line at 1-800-273-8255 (Press 1); call the Veteran Center Call Center hotline to talk with another combat veteran at 1-877-927-8387; or use the PTSD Program Locator to find specialized VA PTSD treatment. Call the Veterans Crisis Line at 1-800-273-8255 (Press 1); call the Veteran Center Call Center hotline to talk with another combat veteran at 1-877-927-8387; or use the PTSD Program Locator to find specialized VA PTSD treatment. UK Visit Combat Stress or call the 24-hour helpline 0800 138 1619. Visit Combat Stress or call the 24-hour helpline 0800 138 1619. Canada Visit Operational Stress Injury Social Support (OSISS) for a local number to talk to a peer who has been through similar experiences. Visit Operational Stress Injury Social Support (OSISS) for a local number to talk to a peer who has been through similar experiences. Australia Visit Veterans and Veterans Families Counselling Service (VVCS) or call 1800 011 046. Visit Veterans and Veterans Families Counselling Service (VVCS) or call 1800 011 046.,https://www.helpguide.org/mental-health/ptsd-trauma/ptsd-symptoms-self-help-treatment,coping_strategies
HelpGuide,ptsd,More Information,coping,"Trauma- and Stressor-Related Disorders. (2013). In Diagnostic and Statistical Manual of Mental Disorders. American Psychiatric Association. Link “NIMH » Post-Traumatic Stress Disorder.” Accessed October 27, 2021. Link Bisson, Jonathan I, Sarah Cosgrove, Catrin Lewis, and Neil P Roberts. “Post-Traumatic Stress Disorder.” The BMJ 351 (November 26, 2015): h6161. Link Pai, Anushka, Alina M. Suris, and Carol S. North. “Posttraumatic Stress Disorder in the DSM-5: Controversy, Change, and Conceptual Considerations.” Behavioral Sciences (Basel, Switzerland) 7, no. 1 (February 13, 2017): E7. Link Lancaster, Cynthia L., Jenni B. Teeters, Daniel F. Gros, and Sudie E. Back. “Posttraumatic Stress Disorder: Overview of Evidence-Based Assessment and Treatment.” Journal of Clinical Medicine 5, no. 11 (November 2016): 105. Link Sareen, Jitender. “Posttraumatic Stress Disorder in Adults: Impact, Comorbidity, Risk Factors, and Treatment.” The Canadian Journal of Psychiatry 59, no. 9 (September 1, 2014): 460–67. Link Landin-Romero, Ramon, Ana Moreno-Alcazar, Marco Pagani, and Benedikt L. Amann. “How Does Eye Movement Desensitization and Reprocessing Therapy Work? A Systematic Review on Suggested Mechanisms of Action.” Frontiers in Psychology 9 (2018): 1395. Link Gaudiano, Brandon A. “Cognitive-Behavioural Therapies: Achievements and Challenges.” Evidence-Based Mental Health 11, no. 1 (February 1, 2008): 5–7. Link Wahbeh, Helané, Angela Senders, Rachel Neuendorf, and Julien Cayton. “Complementary and Alternative Medicine for Posttraumatic Stress Disorder Symptoms: A Systematic Review.” Journal of Evidence-Based Complementary & Alternative Medicine 19, no. 3 (July 1, 2014): 161–75. Link Nijdam, Mirjam J., and Eric Vermetten. “Moving Forward in Treatment of Posttraumatic Stress Disorder: Innovations to Exposure-Based Therapy.” European Journal of Psychotraumatology 9, no. 1 (January 1, 2018): 1458568. Link Bokszczanin, Anna. “PTSD Symptoms in Children and Adolescents 28 Months after a Flood: Age and Gender Differences.” Journal of Traumatic Stress 20, no. 3 (2007): 347–51. Link Carrion, VICTOR G., CARL F. Weems, REBECCA Ray, and ALLAN L. Reiss. “Toward an Empirical Definition of Pediatric PTSD: The Phenomenology of PTSD Symptoms in Youth.” Journal of the American Academy of Child & Adolescent Psychiatry 41, no. 2 (February 1, 2002): 166–73. Link Ley, Clemens, María Rato Barrio, and Andreas Koch. “‘In the Sport I Am Here’: Therapeutic Processes and Health Effects of Sport and Exercise on PTSD.” Qualitative Health Research 28, no. 3 (February 1, 2018): 491–507. Link Hegberg, Nicole J., Jasmeet P. Hayes, and Scott M. Hayes. “Exercise Intervention in PTSD: A Narrative Review and Rationale for Implementation.” Frontiers in Psychiatry 10 (2019): 133. Link Ford, J. D., & Courtois, C. A. (2021). Complex PTSD and borderline personality disorder. Borderline Personality Disorder and Emotion Dysregulation, 8(1), 16. Link Giourou, E., Skokou, M., Andrew, S. P., Alexopoulou, K., Gourzis, P., & Jelastopulu, E. (2018). Complex posttraumatic stress disorder: The need to consolidate a distinct clinical syndrome or to reevaluate features of psychiatric disorders following interpersonal trauma? World Journal of Psychiatry, 8(1), 12–19. Link Maercker, A., Cloitre, M., Bachem, R., Schlumpf, Y. R., Khoury, B., Hitchcock, C., & Bohus, M. (2022). Complex post-traumatic stress disorder. The Lancet, 400(10345), 60–72. Link Rosenfield, P. J., Stratyner, A., Tufekcioglu, S., Karabell, S., Mckelvey, J., & Litt, L. (2018). Complex PTSD in ICD-11: A Case Report on a New Diagnosis. Journal of Psychiatric Practice, 24(5), 364–370. Link",https://www.helpguide.org/mental-health/ptsd-trauma/ptsd-symptoms-self-help-treatment,coping_strategies
HelpGuide,ptsd,Around the web,coping,"Post-traumatic Stress Disorder Joel Paris, Oxford Academic Books, 2015 Recognizing post-traumatic stress disorder L. Sher, QJM: An International Journal of Medicine, 2004 Five questions about PTSD Barbara O. Rothbaum, OUPBlog, 2020 Chapter 1. Treatment Planning for Trauma Survivors With PTSD: What Does a Clinician Need to Know Before Implementing PTSD Treatments? | Psychiatry Online APA Books Posttraumatic Stress Disorder: An Overview David M Benedek ed., Oxford Academic Books, 2016 Diagnosis and management of complex post-traumatic stress disorder (C-PTSD) Joanne Stubley, Beverley Chipp, Marta Buszewicz, The BMJ, 2025 Coexisting Physical Conditions Among Inpatients With Post-traumatic Stress Disorder Patricia White, Military Medicine, 1989 Handbook of PTSD: Science and Practice JONATHAN I. BISSON, American Journal of Psychiatry, 2008",https://www.helpguide.org/mental-health/ptsd-trauma/ptsd-symptoms-self-help-treatment,coping_strategies
HelpGuide,stress,Stress ManagementTechniques and Strategies to Deal with Stress,coping,"While it may seem like there’s nothing you can do about stress in your life, there are healthy steps you can take to destress and regain control. Matching types of stress to stress management techniques",https://www.helpguide.org/mental-health/stress/stress-management,coping_strategies
HelpGuide,stress,What is stress management?,coping,"Stress management involves using various techniques and coping strategies to manage your overall stress levels, improve how you react to stressful things in your life, and build resilience. It may seem like there’s nothing you can do about stress—no way to avoid it and no way to de-stress completely when it hits. The bills won’t stop coming, there will never be more hours in the day, and your work and family responsibilities will always be demanding. But the truth is, you have a lot more control over stress than you may think. In fact, the simple realization that you’re in control of your life is the foundation of stress management. Managing stress is all about taking charge: of your thoughts, emotions, schedule, environment, and the way you deal with problems. The ultimate goal is a balanced life, with time for work, relationships, relaxation, and fun—plus the ability to hold up under pressure and meet challenges head on. But there’s no one-size-fits-all solution to stress management. That’s why it’s important to experiment and find out what works best for you. Whether you’re looking to reduce your overall stress levels, avoid unnecessary stressors in your life, or deal with stress in the moment, the following stress management techniques and strategies can help.",https://www.helpguide.org/mental-health/stress/stress-management,coping_strategies
HelpGuide,stress,Why do stress management techniques matter?,coping,"If you’re living with high levels of stress, you’re putting your entire well-being at risk. Stress wreaks havoc on your emotional equilibrium, as well as your overall physical and mental health. It narrows your ability to think clearly, function effectively, and enjoy life.",https://www.helpguide.org/mental-health/stress/stress-management,coping_strategies
HelpGuide,stress,Matching types of stress to stress management techniques,coping,"Before exploring stress management techniques, it’s important to recognize that stress can show up in different forms. As you’ll discover, the techniques you rely on to calm yourself may vary depending on the type of stress you’re dealing with. Some types of stress include acute, episodic acute and chronic stress. Acute stress. This involves a temporary source of stress. Maybe you’re worried about an upcoming exam, or perhaps you’re stressed about your disorganized family travel plans. Once the event passes, you feel yourself relax. Episodic acute stress. This is when acute stress is a recurring issue for you. For instance, if you struggle with time management or your study strategies are ineffective, you’ll regularly feel stressed by exams. If you have a hard time setting boundaries at work, you’ll find yourself repeatedly taking on too many responsibilities. Chronic stress. This is when a stressor looms over you for a long time. Maybe you’re stuck in a tight financial situations for years. Or perhaps you or someone you love is dealing with a long-term health condition. You might feel a sense of hopelessness, as there doesn’t seem to be a break from the stress in sight.",https://www.helpguide.org/mental-health/stress/stress-management,coping_strategies
HelpGuide,stress,Identify the causes of stress in your life,coping,"Stress management starts with identifying the sources of stress in your life. This isn’t as straightforward as it sounds. While it’s easy to identify major stressors such as changing jobs, moving, or going through a divorce, pinpointing the sources of chronic stress can be more complicated. It’s all too easy to overlook how your own thoughts, feelings, and behaviors contribute to your everyday stress levels. Sure, you may know that you’re constantly worried about work deadlines, but maybe it’s your procrastination, rather than the actual job demands, that is causing the stress.",https://www.helpguide.org/mental-health/stress/stress-management,coping_strategies
HelpGuide,stress,"To identify what’s really stressing you out, look closely at your habits, attitude, and excuses:",coping,"Do you explain away stress as temporary (“I just have a million things going on right now”) even though you can’t remember the last time you took a breather? Do you define stress as an integral part of your work or home life (“Things are always crazy around here”) or as a part of your personality (“I have a lot of nervous energy, that’s all”)? Do you blame your stress on other people or outside events, or view it as entirely normal and unexceptional? Until you accept responsibility for the role you play in creating or maintaining it, your stress level will remain outside your control.",https://www.helpguide.org/mental-health/stress/stress-management,coping_strategies
HelpGuide,stress,Keep a stress journal,coping,"A stress journal can help you identify the regular stressors in your life and the way you deal with them. Each time you feel stressed, make a note of it in your journal or use a stress tracker on your phone. As you keep a daily log, you will begin to see patterns and common themes. Write down: What caused your stress (make a guess if you’re unsure). What you did to make yourself feel better.",https://www.helpguide.org/mental-health/stress/stress-management,coping_strategies
HelpGuide,stress,How to manage stress: Practice the 4 As of stress management,coping,"There are many healthy ways to reduce stress or cope with its effects, but they all require change. You can either change the situation or change your reaction. When deciding which option to choose, it’s helpful to think of the four As: avoid, alter, accept, or adapt.",https://www.helpguide.org/mental-health/stress/stress-management,coping_strategies
HelpGuide,stress,1. Avoid unnecessary stress,coping,"Not all stress can be avoided, and it’s not healthy to avoid a situation that needs to be addressed. But you may be surprised by the number of stressors in your life that you can eliminate. Learn how to say “no.” Know your limits and stick to them. Whether in your personal or professional life, taking on more than you can handle is a surefire recipe for stress. Avoid people who stress you out. If someone consistently causes stress in your life, limit the amount of time you spend with that person, or end the relationship. Take control of your environment. If the evening news makes you anxious, turn off the TV. If traffic makes you tense, take a longer but less-traveled route. If going to the market is an unpleasant chore, do your grocery shopping online. Avoid hot-button topics. If you get upset over religion or politics, cross them off your conversation list. If you repeatedly argue about the same subject with the same people, stop bringing it up or excuse yourself when it’s the topic of discussion. Pare down your to-do list. Analyze your schedule, responsibilities, and daily tasks. If you’ve got too much on your plate, distinguish between the “shoulds” and the “musts.” Drop tasks that aren’t truly necessary to the bottom of the list or eliminate them entirely.",https://www.helpguide.org/mental-health/stress/stress-management,coping_strategies
HelpGuide,stress,2. Alter the situation,coping,"If you can’t avoid a stressful situation, try to alter it. Often, this involves changing the way you communicate and operate in your daily life. Express your feelings instead of bottling them up. If something or someone is bothering you, communicate your concerns in an open and respectful way. If you don’t voice your feelings, resentment will build and the stress will increase. Be willing to compromise. When you ask someone to change their behavior, be willing to do the same. If you both are willing to bend at least a little, you’ll have a good chance of finding a happy middle ground. Be more assertive. Don’t take a backseat in your own life. Deal with problems head on, doing your best to anticipate and prevent them. If you’ve got an exam to study for and your chatty roommate just got home, say up front that you only have five minutes to talk. Find balance. All work and no play is a recipe for burnout. Try to find a balance between work and family life, social activities and solitary pursuits, daily responsibilities and downtime.",https://www.helpguide.org/mental-health/stress/stress-management,coping_strategies
HelpGuide,stress,3. Adapt to the stressor,coping,"If you can’t change the stressor, change yourself. You can adapt to stressful situations and regain your sense of control by changing your expectations and attitude. Reframe problems. Try to view stressful situations from a more positive perspective. Rather than fuming about a traffic jam, look at it as an opportunity to pause and regroup, listen to your favorite radio station, or enjoy some alone time. Look at the big picture. Take perspective of the stressful situation. Ask yourself how important it will be in the long run. Will it matter in a month? A year? Is it really worth getting upset over? If the answer is no, focus your time and energy elsewhere. Adjust your standards. Perfectionism is a major source of avoidable stress. Stop setting yourself up for failure by demanding perfection. Set reasonable standards for yourself and others, and learn to be okay with “good enough.” Practice gratitude. When stress is getting you down, take a moment to reflect on all the things you appreciate in your life, including your own positive qualities and gifts. This simple strategy can help you keep things in perspective.",https://www.helpguide.org/mental-health/stress/stress-management,coping_strategies
HelpGuide,stress,4. Accept the things you can’t change,coping,"Some sources of stress are unavoidable. You can’t prevent or change stressors such as the death of a loved one, a serious illness, or a national recession. In such cases, the best way to cope with stress is to accept things as they are. Acceptance may be difficult, but in the long run, it’s easier than railing against a situation you can’t change. Don’t try to control the uncontrollable. Many things in life are beyond our control, particularly the behavior of other people. Rather than stressing out over them, focus on the things you can control such as the way you choose to react to problems. Look for the upside. When facing major challenges, try to look at them as opportunities for personal growth. If your own poor choices contributed to a stressful situation, reflect on them and learn from your mistakes. Learn to forgive. Accept the fact that we live in an imperfect world and that people make mistakes. Let go of anger and resentments. Free yourself from negative energy by forgiving and moving on. Share your feelings. Expressing what you’re going through can be very cathartic, even if there’s nothing you can do to alter the stressful situation. Talk to a trusted friend or make an appointment with a therapist.",https://www.helpguide.org/mental-health/stress/stress-management,coping_strategies
HelpGuide,stress,Replace unhealthy coping strategies with healthy ones,coping,Think about the ways you currently manage and cope with stress in your life. Your stress journal can help you identify them. Are your coping strategies healthy or unhealthy? Many of us cope with stress in ways that make us feel better temporarily—but compound the problem in the long run.,https://www.helpguide.org/mental-health/stress/stress-management,coping_strategies
HelpGuide,stress,Unhealthy ways of dealing with stress,coping,"Zoning out for hours on your phone or TV. Filling up every minute of the day to avoid facing problems. If your methods of coping with stress aren’t contributing to your greater emotional and physical health, it’s time to find healthier ones. No single method works for everyone or in every situation, so experiment with different stress management techniques and strategies. Focus on what makes you feel calm and in control.",https://www.helpguide.org/mental-health/stress/stress-management,coping_strategies
HelpGuide,stress,Other stress management techniques,coping,"In addition to practicing the 4 As of stress management, there are other techniques and strategies that you can use to better manage stress. We all respond to stress and stress management techniques in different ways, so experiment with the following approaches to find what works best for you.",https://www.helpguide.org/mental-health/stress/stress-management,coping_strategies
HelpGuide,stress,Technique 1: Move more during your day,coping,"When you’re stressed, the last thing you probably feel like doing is getting up and exercising. But physical activity is a huge stress reliever—and you don’t have to be an athlete or spend hours in a gym to experience the benefits. Exercise releases endorphins that make you feel good, and it can also serve as a valuable distraction from your daily worries. While you’ll get the most benefit from regularly exercising for 30 minutes or more, it’s okay to build up your fitness level gradually. Even very small activities can add up over the course of a day. The first step is to get yourself up and moving. Here are some easy ways to incorporate exercise into your daily schedule: Use the stairs at home or work rather than an elevator. Park your car in the farthest spot in the lot and walk the rest of the way. Pair up with an exercise partner and encourage each other as you work out. Play ping-pong or an activity-based video game with your kids.",https://www.helpguide.org/mental-health/stress/stress-management,coping_strategies
HelpGuide,stress,Using mindful rhythmic exercise to manage stress,coping,"While just about any form of physical activity can help burn away tension and stress, rhythmic activities are especially effective. Good choices include walking, running, swimming, dancing, cycling, tai chi, and aerobics. But whatever you choose, make sure it’s something you enjoy so you’re more likely to stick with it. While you’re exercising, make a conscious effort to pay attention to your body and the physical (and sometimes emotional) sensations you experience as you’re moving. Focus on coordinating your breathing with your movements, for example, or notice how the air or sunlight feels on your skin. Adding this mindfulness element will help you break out of the cycle of negative thoughts that often accompanies overwhelming stress.",https://www.helpguide.org/mental-health/stress/stress-management,coping_strategies
HelpGuide,stress,Technique 2: Better manage your time,coping,"Poor time management can cause a lot of stress. When you’re stretched too thin and running behind, it’s hard to stay calm and focused. Plus, you’ll be tempted to avoid or cut back on all the healthy things you should be doing to keep stress in check, like socializing and getting enough sleep. The good news: there are things you can do to achieve a healthier work-life balance. Don’t over-commit yourself. Avoid scheduling things back-to-back or trying to fit too much into one day. All too often, we underestimate how long things will take. Prioritize tasks. Make a list of tasks you have to do, and tackle them in order of importance. Do the high-priority items first. If you have something particularly unpleasant or stressful to do, get it over with early. The rest of your day will be more pleasant as a result. Break projects into small steps. If a large project seems overwhelming, make a step-by-step plan. Focus on one manageable step at a time, rather than taking on everything at once. Delegate responsibility. You don’t have to do it all yourself, whether at home, school, or on the job. If other people can take care of the task, why not let them? Let go of the desire to control or oversee every little step. You’ll be letting go of unnecessary stress in the process.",https://www.helpguide.org/mental-health/stress/stress-management,coping_strategies
HelpGuide,stress,Technique 3: Reach out and connect to others,coping,"There is nothing more calming than spending quality time with another human being who makes you feel safe and understood. In fact, face-to-face interaction triggers a cascade of hormones that counteracts the body’s defensive “fight-or-flight” response. It’s nature’s natural stress reliever (as an added bonus, it also helps stave off depression and anxiety). So make it a point to connect regularly—and in person—with family and friends. Keep in mind that the people you talk to don’t have to be able to fix your stress. They simply need to be good listeners. And try not to let worries about looking weak or being a burden keep you from opening up. The people who care about you will be flattered by your trust. It will only strengthen your bond. Of course, you may not always have someone close by to lean on when you feel overwhelmed by stress, but by building and maintaining a network of close friends you can improve your resiliency to life’s stressors.",https://www.helpguide.org/mental-health/stress/stress-management,coping_strategies
HelpGuide,stress,Tips for building relationships,coping,"Ask a loved one to check in with you regularly. Go for a walk with a workout buddy. Meet new people by taking a class or joining a club. Confide in a clergy member, teacher, or sports coach. Join a support group or try group therapy—either in-person or via one of the best online therapy platforms.",https://www.helpguide.org/mental-health/stress/stress-management,coping_strategies
HelpGuide,stress,Technique 4: Make time for fun and relaxation,coping,"Beyond a take-charge approach and a positive attitude, you can reduce stress in your life by carving out “me” time. Don’t get so caught up in the hustle and bustle of life that you forget to take care of your own needs. Nurturing yourself is a necessity, not a luxury. If you regularly make time for fun and relaxation, you’ll be in a better place to handle life’s stressors. Set aside leisure time. Include rest and relaxation in your daily schedule. Don’t allow other obligations to encroach. This is your time to take a break from all responsibilities and recharge your batteries. Do something you enjoy every day. Make time for leisure activities that bring you joy, whether it be stargazing, playing the piano, or working on your bike. Keep your sense of humor. This includes the ability to laugh at yourself. The act of laughing helps your body fight stress in a number of ways. Take up a relaxation practice. Relaxation techniques such as yoga, meditation, and deep breathing activate the body’s relaxation response, a state of restfulness that is the opposite of the fight or flight or mobilization stress response. As you learn and practice these techniques, your stress levels will decrease and your mind and body will become calm and centered.",https://www.helpguide.org/mental-health/stress/stress-management,coping_strategies
HelpGuide,stress,Technique 5: Maintain balance with a healthy lifestyle,coping,"In addition to regular exercise, there are other healthy lifestyle choices that can increase your resistance to stress. Eat a healthy diet. Well-nourished bodies are better prepared to cope with stress, so be mindful of what you eat. Start your day right with breakfast, and keep your energy up and your mind clear with balanced, nutritious meals throughout the day. Reduce caffeine and sugar. The temporary “highs” caffeine and sugar provide often end with a crash in mood and energy. By reducing the amount of coffee, soft drinks, chocolate, and sugar snacks in your diet, you’ll feel more relaxed and you’ll sleep better. Avoid alcohol, cigarettes, and drugs. Self-medicating with alcohol or drugs may provide an easy escape from stress, but the relief is only temporary. Don’t avoid or mask the issue at hand; deal with problems head on and with a clear mind. Get enough sleep. Adequate sleep fuels your mind, as well as your body. Feeling tired will increase your stress because it may cause you to think irrationally.",https://www.helpguide.org/mental-health/stress/stress-management,coping_strategies
HelpGuide,stress,Strategies for stress management in the moment,coping,"When you’re frazzled by your morning commute, stuck in a stressful meeting at work, or fried from another argument with your spouse, you need a way to manage your stress levels right now. That’s where quick stress relief comes in. The fastest way to reduce stress is by taking a deep breath and using your senses—what you see, hear, taste, and touch—or through a soothing movement. By viewing a favorite photo, smelling a specific scent, listening to a favorite piece of music, tasting a piece of gum, or hugging a pet, for example, you can quickly relax and focus yourself. Not everyone responds to each sensory experience in the same way. The key to quick stress relief is to experiment and discover the unique sensory experiences that work best for you.",https://www.helpguide.org/mental-health/stress/stress-management,coping_strategies
HelpGuide,stress,When to seek professional help,coping,"The stress management techniques listed above might not be effective for everyone. Or perhaps they help a little, but your stress continues to feel out of control. Here a few reasons why you might consider seeking help from a therapist or other mental health professional: You’re increasingly reliant on unhealthy coping mechanisms, such as drinking or smoking Stress is taking a toll on your social life, causing you to be irritable and withdrawn from friends You’re in a constant state of physical tension, leading to symptoms like headaches and insomnia Stress is making it difficult for you to focus at work or in school If you’ve made the decision to find help, know that online therapy platforms make it easy to get started and find a provider who can help you manage your stress. You can learn more in our listing of the best online therapy platforms.",https://www.helpguide.org/mental-health/stress/stress-management,coping_strategies
HelpGuide,stress,More Information,coping,"Trauma- and Stressor-Related Disorders. (2013). In Diagnostic and Statistical Manual of Mental Disorders. American Psychiatric Association. Link Can, Yekta Said, Heather Iles-Smith, Niaz Chalabianloo, Deniz Ekiz, Javier Fernández-Álvarez, Claudia Repetto, Giuseppe Riva, and Cem Ersoy. “How to Relax in Stressful Situations: A Smart Stress Reduction System.” Healthcare 8, no. 2 (April 16, 2020): 100. Link Norelli, Samantha K., Ashley Long, and Jeffrey M. Krepps. “Relaxation Techniques.” In StatPearls. Treasure Island (FL): StatPearls Publishing, 2021. Link Toussaint, Loren, Quang Anh Nguyen, Claire Roettger, Kiara Dixon, Martin Offenbächer, Niko Kohls, Jameson Hirsch, and Fuschia Sirois. “Effectiveness of Progressive Muscle Relaxation, Deep Breathing, and Guided Imagery in Promoting Psychological and Physiological States of Relaxation.” Evidence-Based Complementary and Alternative Medicine 2021 (July 3, 2021): e5924040. Link Unger, Cynthia A, David Busse, and Ilona S Yim. “The Effect of Guided Relaxation on Cortisol and Affect: Stress Reactivity as a Moderator.” Journal of Health Psychology 22, no. 1 (January 1, 2017): 29–38. Link Singh, Karuna. “Nutrient and Stress Management.” Journal of Nutrition & Food Sciences 6, no. 4 (2016). Link Katsarou, Alexia L., Marios M. Vryonis, Athanassios D. Protogerou, Evangelos C. Alexopoulos, Apostolos Achimastos, Dimitrios Papadogiannis, George P. Chrousos, and Christina Darviri. “Stress Management and Dietary Counseling in Hypertensive Patients: A Pilot Study of Additional Effect.” Primary Health Care Research & Development 15, no. 1 (January 2014): 38–45. Link Errisuriz, Vanessa L., Keryn E. Pasch, and Cheryl L. Perry. “Perceived Stress and Dietary Choices: The Moderating Role of Stress Management.” Eating Behaviors 22 (August 1, 2016): 211–16. Link Choi, Dong-Woo, Sung-Youn Chun, Sang Ah Lee, Kyu-Tae Han, and Eun-Cheol Park. “Association between Sleep Duration and Perceived Stress: Salaried Worker in Circumstances of High Workload.” International Journal of Environmental Research and Public Health 15, no. 4 (April 2018): 796. Link Blaxton, Jessica M., Cindy S. Bergeman, Brenda R. Whitehead, Marcia E. Braun, and Jessic D. Payne. “Relationships Among Nightly Sleep Quality, Daily Stress, and Daily Affect.” The Journals of Gerontology: Series B 72, no. 3 (May 1, 2017): 363–72. Link Saleh, Dalia, Nathalie Camart, Fouad Sbeira, and Lucia Romo. “Can We Learn to Manage Stress? A Randomized Controlled Trial Carried out on University Students.” PLOS ONE 13, no. 9 (September 5, 2018): e0200997. Link Loprinzi, Paul D., and Emily Frith. “Protective and Therapeutic Effects of Exercise on Stress-Induced Memory Impairment.” The Journal of Physiological Sciences: JPS 69, no. 1 (January 2019): 1–12. Link Salmon, P. “Effects of Physical Exercise on Anxiety, Depression, and Sensitivity to Stress: A Unifying Theory.” Clinical Psychology Review 21, no. 1 (February 2001): 33–61. Link",https://www.helpguide.org/mental-health/stress/stress-management,coping_strategies
HelpGuide,stress,A Specialized Path to Managing Stress,coping,"When stress becomes overwhelming, self-help tips are only part of the solution. Talkspace offers an evidence-based path to stability with licensed therapists specialized in stress management and burnout recovery. Get the professional, affordable support you need. Apply code HELPGUIDE85 for $85 off your first month",https://www.helpguide.org/mental-health/stress/stress-management,coping_strategies
HelpGuide,stress,Around the web,coping,"10 Steps to Mastering Stress: A Lifestyle Approach, Updated Edition Oxford Academic Books, 2014 Managing stress Susan L. Fletcher, Oxford Academic Books, 2018 Cognitive-Behavioral Approaches to Stress Management Sarah L. Mann, MIT Press, 2014 ASSOCIATIONS BETWEEN CONTROL AND RESOLUTION OF DAILY STRESS: RESULTS FROM THE NATIONAL STUDY OF DAILY EXPERIENCES Eric Cerino, Innov Aging, 2023 The biological basis of stress management Olga Gregson, British Journal of Guidance and Counselling, 1994 The Wellbeing Workout: How to Manage Stress and Develop Resilience Nerys Williams, Occupational Medicine, 2020",https://www.helpguide.org/mental-health/stress/stress-management,coping_strategies
HelpGuide,burnout,"BurnoutSymptoms, Treatment, and Tips on How to Deal",coping,"If constant stress has you feeling helpless, disillusioned, and completely exhausted, you may be on the road to burnout. Learn what you can do to regain your balance and feel positive and hopeful again. Tip 2: Reframe the way you look at work Tip 5: Support your mood and energy levels with a healthy diet How long does it take to recover from burnout?",https://www.helpguide.org/mental-health/stress/burnout-prevention-and-recovery,coping_strategies
HelpGuide,burnout,What is burnout?,coping,"Burnout is a state of emotional, physical, and mental exhaustion caused by excessive and prolonged stress. The World Health Organization (WHO) classifies it as a “occupational phenomenon” with three dimensions: exhaustion, feeling mentally distance from or cynical toward your job, and “reduced professional efficacy.” In other words, burnout occurs when you feel overwhelmed, emotionally drained, and unable to meet constant demands. As the stress continues, you begin to lose the interest, motivation, and confidence that led you to take on a certain role in the first place. Burnout reduces productivity and saps your energy, leaving you feeling increasingly helpless, hopeless, cynical, and resentful. Eventually, you may feel like you have nothing more to give. If this all sounds familiar, know you’re not alone. Many workers are experiencing burnout. Although it can occur in any occupation, burnout tends to be higher among certain workers. For instance, a six-year survey found that about 35 percent of US health care workers experienced burnout in 2023. Similarly, a 2024 review of research found that about one-third of the global public health workforce struggled with burnout. The negative effects of burnout spill over into every area of life—including your home, work, and social life. Burnout can also cause long-term changes to your body that make you vulnerable to illnesses like colds and flu. Because of its many consequences, it’s important to deal with burnout right away.",https://www.helpguide.org/mental-health/stress/burnout-prevention-and-recovery,coping_strategies
HelpGuide,burnout,Are you on the road to burnout?,coping,You may be on the road to burnout if: Caring about your work or home life seems like a total waste of energy. The majority of your day is spent on tasks you find either mind-numbingly dull or overwhelming. You feel like nothing you do makes a difference or is appreciated.,https://www.helpguide.org/mental-health/stress/burnout-prevention-and-recovery,coping_strategies
HelpGuide,burnout,Signs and symptoms of burnout,coping,"Most of us have days when we feel helpless, overloaded, or unappreciated—when dragging ourselves out of bed requires the determination of Hercules. If you feel like this most of the time, however, you may be burned out. Burnout is a gradual process. It doesn’t happen overnight, but it can creep up on you. The signs and symptoms are subtle at first, but become worse as time goes on. Think of the early symptoms as red flags that something is wrong that needs to be addressed. If you pay attention and actively reduce your stress, you can prevent a major breakdown. If you ignore them, you’ll eventually burn out.",https://www.helpguide.org/mental-health/stress/burnout-prevention-and-recovery,coping_strategies
HelpGuide,burnout,Types of burnout,coping,"Dr. Christina Maslach is often recognized as a pioneer in burnout research, as she formally defined it and its risk factors. In fact, the WHO’s definition of burnout is based on Maslach’s model. Of course, other experts have contributed to and expanded on the topic over time. For instance, other researchers propose that different types of burnout exist, and they differ by the amount of dedication a person holds toward work. Possible burnout subtypes include frenetic, underchallenged, and worn-out. It’s possible to transition from one to another over time. Frenetic. This is also called overload burnout. It’s the result of an overly dedicated or ambitious approach to work. Maybe fear of being fired or a desire for promotion leads you to spend too much time in the office. Or perhaps you’re taking on so many projects that you overextend yourself and neglect your social life. Underchallenged. This subtype involves under-stimulation or feeling as if your job is monotonous. Perhaps you’re bored and can’t find meaning in a repetitive job task. Or maybe you don’t see room for personal growth in your position, so you become less dedicated. You feel trapped, unmotivated, and disengaged. Worn-out. This type of burnout is also called neglect burnout. It comes with feelings of hopelessness or helplessness. Maybe a lack of acknowledgement or guidance from your boss or coworkers leads you to feel unsupported. Perhaps you feel like, despite all your hard work, the job remains just as stressful and frustrating as it’s always been.",https://www.helpguide.org/mental-health/stress/burnout-prevention-and-recovery,coping_strategies
HelpGuide,burnout,The difference between stress and burnout,coping,"Burnout may be the result of unrelenting stress, but it isn’t the same as too much stress. Stress, by and large, involves too much: too many pressures that demand too much of you physically and mentally. However, stressed people can still imagine that if they can just get everything under control, they’ll feel better. Burnout, on the other hand, is about not enough. Being burned out means feeling empty and mentally exhausted, devoid of motivation, and beyond caring. People experiencing burnout often don’t see any hope of positive change in their situations. If excessive stress feels like you’re drowning in responsibilities, burnout is a sense of being all dried up. And while you’re usually aware of being under a lot of stress, you don’t always notice burnout when it happens.",https://www.helpguide.org/mental-health/stress/burnout-prevention-and-recovery,coping_strategies
HelpGuide,burnout,Around the web,coping,"Burnout of TherapistsInevitable or Preventable? George A Wolfe, Physical Therapy, 1981 A Sampling of Key Signs and Symptoms of Burnout Robert J. Wicks, MIT Press, 2023 A Multidimensional Theory of Burnout Christina Maslach, MIT Press, 1998 The Elephant in the Room: What Burnout Is and What It Is Not Richard F. Summers, American Journal of Psychiatry, 2020",https://www.helpguide.org/mental-health/stress/burnout-prevention-and-recovery,coping_strategies
HelpGuide,burnout,Burnout vs. depression,coping,"Burnout and depression can also be difficult to tell apart, and some of the symptoms can overlap. For example, whether you’re depressed or burned out, you might feel exhausted or have a hard time focusing. Burnout can also be a risk factor for depression. However, the two conditions have important differences.",https://www.helpguide.org/mental-health/stress/burnout-prevention-and-recovery,coping_strategies
HelpGuide,burnout,Stages of burnout,coping,"Researchers have used several models to chart the development of burnout symptoms. For example, one model follows 12 stages, starting with a desire to prove oneself in a specific task and then advancing to unhealthier behaviors, such as neglecting self-care. Eventually, this leads toward the later stages, including feelings of emptiness and depression. Another model simplifies burnout progression to five stages:",https://www.helpguide.org/mental-health/stress/burnout-prevention-and-recovery,coping_strategies
HelpGuide,burnout,5 stages of burnout,coping,"Stage 1 (Honeymoon Phase): You feel committed to an endeavor, whether you’ve just gotten a new job, a promotion, enrolled in a class, or started parenting or caregiving. You’re ready to accept new responsibilities and eager to prove yourself. You may feel creative, productive, and energized. Stage 2 (Stress Onset): As the stress of your new responsibilities begins to take its toll, you start to neglect your self-care needs. Your sleep quality diminishes. Anxiety shows up more often, along with irritability, headaches, and fatigue. You become less productive, have a harder time focusing, and try to avoid making decisions. Stage 3 (Chronic Stress): You’re consistently tired and feel cynical or apathetic. Social issues can also crop up. You may withdraw from coworkers or feel resentful toward your loved ones. You might frequently procrastinate or use drugs or alcohol to self-medicate, even as you deny the problem. Stage 4 (Burnout): At this point, you feel pessimistic about the future and obsessed with any problems that crop up. You’re neglecting your personal health, and that comes with physical problems like gastrointestinal issues and chronic headaches. You’re plagued by self-doubt and look to socially isolate yourself. Stage 5 (Habitual Burnout): Your sense of well-being reaches a low. You’re always sad and mentally and physically fatigued. Depression may develop here.",https://www.helpguide.org/mental-health/stress/burnout-prevention-and-recovery,coping_strategies
HelpGuide,burnout,Causes of burnout,coping,"Burnout often stems from your job. But anyone who feels overworked and undervalued is at risk for burnout, from the hardworking office worker who hasn’t had a vacation in years, to the frazzled stay-at-home mom tending to kids, housework, and an aging parent. But burnout is not caused solely by stressful work or too many responsibilities. Other factors contribute to burnout, including your lifestyle and personality traits. In fact, what you do in your downtime and how you look at the world can play just as big of a role in causing overwhelming stress as work or home demands.",https://www.helpguide.org/mental-health/stress/burnout-prevention-and-recovery,coping_strategies
HelpGuide,burnout,How to deal with burnout,coping,"Whether you recognize the warning signs of impending burnout or you’re already past the breaking point, trying to push through the exhaustion and continuing as you have been will only cause further emotional and physical damage. Now is the time to pause and change direction by learning how you can help yourself overcome burnout and feel healthy and positive again. Dealing with burnout requires the “Three R” approach: Recognize. Watch for the warning signs of burnout. Reverse. Undo the damage by seeking support and managing stress. Resilience. Build your resilience to stress by taking care of your physical and emotional health. The following tips for preventing or dealing with burnout can help you cope with symptoms and regain your energy, focus, and sense of well-being.",https://www.helpguide.org/mental-health/stress/burnout-prevention-and-recovery,coping_strategies
HelpGuide,burnout,Tip 1: Turn to other people,coping,"When you’re burned out, problems seem insurmountable, everything looks bleak, and it’s difficult to muster up the energy to care, let alone take action to help yourself. But you have a lot more control over stress than you may think. There are positive steps you can take to deal with overwhelming stress and get your life back into balance. One of the most effective is to reach out to others. Social contact is nature’s antidote to stress and talking face to face with a good listener is one of the fastest ways to calm your nervous system and relieve stress. The person you talk to doesn’t have to be able to “fix” your stressors; they just have to be a good listener, someone who’ll listen attentively without becoming distracted or expressing judgment. Reach out to those closest to you, such as your partner, family, and friends. Opening up won’t make you a burden to others. In fact, most friends and loved ones will be flattered that you trust them enough to confide in them, and it will only strengthen your friendship. Try not to think about what’s burning you out and make the time you spend with loved ones positive and enjoyable. Be more sociable with your coworkers. Developing friendships with people you work with can help buffer you from stress at work. When you take a break, for example, instead of directing your attention to your smartphone, try engaging your colleagues. Or schedule social events together after work. Limit your contact with negative people. Hanging out with negative-minded people who do nothing but complain will only drag down your mood and outlook. If you have to work with a negative person, try to limit the amount of time you spend together. Connect with a cause or a community group that is personally meaningful to you. Joining a religious, social, or support group can give you a place to talk to like-minded people about how to deal with daily stress—and to make new friends. If your line of work has a professional association, you can attend meetings and interact with others coping with the same workplace demands. You can also find virtual support groups through some online therapy platforms. Find new friends. If you don’t feel that you have anyone to turn to, it’s never too late to build new friendships and expand your social network.",https://www.helpguide.org/mental-health/stress/burnout-prevention-and-recovery,coping_strategies
HelpGuide,burnout,The power of giving,coping,"Being helpful to others delivers immense pleasure and can help to significantly reduce stress as well as broaden your social circle. While it’s important not to take on too much when you’re facing overwhelming stress, helping others doesn’t have to involve a lot of time or effort. Even small things like a kind word or friendly smile can make you feel better and help lower stress both for you and the other person.",https://www.helpguide.org/mental-health/stress/burnout-prevention-and-recovery,coping_strategies
HelpGuide,burnout,Tip 2: Reframe the way you look at work,coping,"Whether you have a job that leaves you rushed off your feet or one that is monotonous and unfulfilling, the most effective way to combat job burnout is to quit and find a job you love instead. Of course, for many of us changing job or career is far from being a practical solution, we’re grateful just to have work that pays the bills. Whatever your situation, though, there are still steps you can take to improve your state of mind. Try to find some value in your work. Even in some mundane jobs, you can often focus on how your role helps others, for example, or provides a much-needed product or service. Focus on aspects of the job that you do enjoy, even if it’s just chatting with your coworkers at lunch. Changing your attitude towards your job can help you regain a sense of purpose and control. Find balance in your life. If you hate your job, look for meaning and satisfaction elsewhere in your life: in your family, friends, hobbies, or voluntary work. Focus on the parts of your life that bring you joy. Make friends at work. Having strong ties in the workplace can help reduce monotony and counter the effects of burnout. Having friends to chat and joke with during the day can help relieve stress from an unfulfilling or demanding job, improve your job performance, or simply get you through a rough day. Take time off. If burnout seems inevitable, try to take a complete break from work. Go on vacation, use up your sick days, ask for a temporary leave-of-absence, anything to remove yourself from the situation. Use the time away to recharge your batteries and pursue other methods of recovery.",https://www.helpguide.org/mental-health/stress/burnout-prevention-and-recovery,coping_strategies
HelpGuide,burnout,Tip 3: Reevaluate your priorities,coping,"Burnout is an undeniable sign that something important in your life is not working. Take time to think about your hopes, goals, and dreams. Are you neglecting something that is truly important to you? This can be an opportunity to rediscover what really makes you happy and to slow down and give yourself time to rest, reflect, and heal. Set boundaries. Don’t overextend yourself. Learn how to say “no” to requests on your time. If you find this difficult, remind yourself that saying “no” allows you to say “yes” to the commitments you want to make. Take a daily break from technology. Set a time each day when you completely disconnect. Put away your laptop, turn off your phone, and stop checking email or social media. Nourish your creative side. Creativity is a powerful antidote to burnout. Try something new, start a fun project, or resume a favorite hobby. Choose activities that have nothing to do with work or whatever is causing your stress. Set aside relaxation time. Relaxation techniques such as yoga, meditation, and deep breathing activate the body’s relaxation response, a state of restfulness that is the opposite of the stress response. Get plenty of sleep. Feeling tired can exacerbate burnout by causing you to think irrationally. Keep your cool in stressful situations by getting a good night’s sleep.",https://www.helpguide.org/mental-health/stress/burnout-prevention-and-recovery,coping_strategies
HelpGuide,burnout,Boost your ability to stay on task,coping,"If you’re having trouble following through with these self-help tips to prevent or overcome burnout, HelpGuide’s free Emotional Intelligence Toolkit can help. Learn how to reduce stress in the moment. Motivate yourself to take the steps that can relieve stress and burnout. Rediscover joy and meaning that make work and life worthwhile.",https://www.helpguide.org/mental-health/stress/burnout-prevention-and-recovery,coping_strategies
HelpGuide,burnout,Tip 4: Make exercise a priority,coping,"Even though it may be the last thing you feel like doing when you’re burned out, exercise is a powerful antidote to stress and burnout. It’s also something you can do right now to boost your mood. Aim to exercise for 30 minutes or more per day or break that up into short, 10-minute bursts of activity. A 10-minute walk can improve your mood for two hours. Rhythmic exercise, where you move both your arms and legs, is a hugely effective way to lift your mood, increase energy, sharpen focus, and relax both the mind and body. Try walking, running, weight training, swimming, martial arts, or even dancing. To maximize stress relief, instead of continuing to focus on your thoughts, focus on your body and how it feels as you move: the sensation of your feet hitting the ground, for example, or the wind on your skin.",https://www.helpguide.org/mental-health/stress/burnout-prevention-and-recovery,coping_strategies
HelpGuide,burnout,Tip 5: Support your mood and energy levels with a healthy diet,coping,"What you put in your body can have a huge impact on your mood and energy levels throughout the day. Minimize sugar and refined carbs. You may crave sugary snacks or comfort foods such as pasta or French fries, but these refined carbs can quickly lead to a crash in mood and energy. Reduce your high intake of foods that can adversely affect your mood, such as caffeine, unhealthy fats, and foods with chemical preservatives or hormones. Eat more Omega-3 fatty acids to give your mood a boost. The best Omega-3 sources are fatty fish (salmon, herring, mackerel, anchovies, sardines), seaweed, flaxseed, and walnuts. Avoid nicotine. Smoking when you’re feeling stressed may seem calming, but nicotine is a powerful stimulant, leading to higher, not lower, levels of anxiety. Drink alcohol in moderation. Alcohol temporarily reduces worry, but too much can cause anxiety as it wears off.",https://www.helpguide.org/mental-health/stress/burnout-prevention-and-recovery,coping_strategies
HelpGuide,burnout,How long does it take to recover from burnout?,coping,"The time it takes to recover from burnout can vary from weeks to months to years. It depends on factors such as: Length and severity of the burnout. The longer you’ve been in a state of burnout, the more patient you’ll need to be with the recovery process. Cause of the burnout and lifestyle changes. To truly recover, you’ll need to acknowledge the root cause of the burnout and make changes, For instance, if you don’t set boundaries or prioritize self-care, you might quickly fall back into burnout, even after taking time off. Available support. If you’re in a supportive work environment with caring supervisors and coworkers, you can recover faster. For example, your coworkers might take on some of your workload or your supervisor might give you more guidance when you’re feeling uncertain.",https://www.helpguide.org/mental-health/stress/burnout-prevention-and-recovery,coping_strategies
HelpGuide,burnout,Dealing with burnout symptoms,coping,"Since it’s not a diagnosable medical condition, burnout is a term that’s widely misused. But if you recognize the symptoms of burnout, such as feeling mentally, emotionally, and physically exhausted, it’s critical you pause, reevaluate your priorities, and make changes in your life. With the right treatment and support, you can recover from burnout, regain your energy and enthusiasm, and feel more hopeful.",https://www.helpguide.org/mental-health/stress/burnout-prevention-and-recovery,coping_strategies
HelpGuide,burnout,More Information,coping,"Trauma- and Stressor-Related Disorders. (2013). In Diagnostic and Statistical Manual of Mental Disorders. American Psychiatric Association. Link “ICD-11 for Mortality and Morbidity Statistics.” Accessed November 16, 2021. Link Maslach, Christina, and Michael P. Leiter. “Understanding the Burnout Experience: Recent Research and Its Implications for Psychiatry.” World Psychiatry15, no. 2 (June 2016): 103–11. Link Koutsimani, Panagiota, Anthony Montgomery, and Katerina Georganta. “The Relationship Between Burnout, Depression, and Anxiety: A Systematic Review and Meta-Analysis.” Frontiers in Psychology 10 (March 13, 2019): 284. Link Salvagioni, Denise Albieri Jodas, Francine Nesello Melanda, Arthur Eumann Mesas, Alberto Durán González, Flávia Lopes Gabani, and Selma Maffei de Andrade. “Physical, Psychological and Occupational Consequences of Job Burnout: A Systematic Review of Prospective Studies.” PLOS ONE 12, no. 10 (October 4, 2017): e0185781. Link Information, National Center for Biotechnology, U. S. National Library of Medicine 8600 Rockville Pike, Bethesda MD, and 20894 Usa. Depression: What Is Burnout? InformedHealth.Org [Internet]. Institute for Quality and Efficiency in Health Care (IQWiG), 2020. Link Roskam, Isabelle, Marie-Emilie Raes, and Moïra Mikolajczak. “Exhausted Parents: Development and Preliminary Validation of the Parental Burnout Inventory.” Frontiers in Psychology 8 (2017): 163. Link Heinemann, Linda V., and Torsten Heinemann. “Burnout Research: Emergence and Scientific Investigation of a Contested Diagnosis.” SAGE Open 7, no. 1 (January 1, 2017): 2158244017697154. Link Bianchi, Renzo, Irvin Sam Schonfeld, and Eric Laurent. “Is It Time to Consider the ‘Burnout Syndrome’ A Distinct Illness?” Frontiers in Public Health 3 (June 8, 2015): 158. Link Ahola, Kirsi, Salla Toppinen-Tanner, and Johanna Seppänen. “Interventions to Alleviate Burnout Symptoms and to Support Return to Work among Employees with Burnout: Systematic Review and Meta-Analysis.” Burnout Research 4 (March 1, 2017): 1–11. Link Ruisoto, Pablo, Marina R. Ramírez, Pedro A. García, Belén Paladines-Costa, Silvia L. Vaca, and Vicente J. Clemente-Suárez. “Social Support Mediates the Effect of Burnout on Health in Health Care Professionals.” Frontiers in Psychology 11 (2021): 3867. Link Salmon, P. “Effects of Physical Exercise on Anxiety, Depression, and Sensitivity to Stress: A Unifying Theory.” Clinical Psychology Review 21, no. 1 (February 2001): 33–61. Link Toussaint, Loren, Quang Anh Nguyen, Claire Roettger, Kiara Dixon, Martin Offenbächer, Niko Kohls, Jameson Hirsch, and Fuschia Sirois. “Effectiveness of Progressive Muscle Relaxation, Deep Breathing, and Guided Imagery in Promoting Psychological and Physiological States of Relaxation.” Evidence-Based Complementary and Alternative Medicine 2021 (July 3, 2021): e5924040. Link De Hert, S. (2020). Burnout in Healthcare Workers: Prevalence, Impact and Preventative Strategies. Local and Regional Anesthesia, 13, 171–183. Link Depression: Learn More – What is burnout? – InformedHealth.org—NCBI Bookshelf. (n.d.). Retrieved May 28, 2024, from Link Schonfeld, I. S., Bianchi, R., & Palazzi, S. (2018). What is the difference between depression and burnout? An ongoing debate. Rivista Di Psichiatria, 53(4), 218–219. Link Edú-Valsania, S., Laguía, A., & Moriano, J. A. (2022). Burnout: A Review of Theory and Measurement. International Journal of Environmental Research and Public Health, 19(3), 1780. Link Mohr, D. C., Elnahal, S., Marks, M. L., Derickson, R., & Osatuke, K. (2025). Burnout Trends Among US Health Care Workers. JAMA Network Open, 8(4), e255954. Link Nagarajan, R., Ramachandran, P., Dilipkumar, R., & Kaur, P. (2024). Global estimate of burnout among the public health workforce: A systematic review and meta-analysis. Human Resources for Health, 22, 30. Link Salminen, S., Andreou, E., Holma, J., Pekkonen, M., & Mäkikangas, A. (2017). Narratives of burnout and recovery from an agency perspective: A two-year longitudinal study. Burnout Research, 7, 1–9. Link Burn-out an “occupational phenomenon”: International Classification of Diseases. (n.d.). Retrieved May 15, 2026. Link",https://www.helpguide.org/mental-health/stress/burnout-prevention-and-recovery,coping_strategies
HelpGuide,burnout,Around the web,coping,"Burnout may be serious, but what is it? Steve Iliffe, The BMJ, 2019 How to conduct research on burnout: advantages and disadvantages of a unidimensional approach in burnout research V Brenninkmeijer, Occupational and Environmental Medicine, 2003 Multipronged intervention for reducing burnout and increasing resiliency in an interdisciplinary care team Heather Bruschwein, BMJ Open Quality, 2020 Emotional Exhaustion in Nursing and the need for Self Care rheale, EB Nursing blog, 2017 Coping versus burnout and other stories . . . British Medical Journal Publishing Group, The BMJ, 2015 Burnout in emergency department healthcare professionals is associated with coping style: a cross-sectional survey Michael Howlett, Kenneth Doody, Joshua Murray, et al., Emerg Med J, 2015 Quality & safety in the literature: May 2019 Nathan Houchens, BMJ Quality & Safety, 2019 Debriefing may help manage burnout among junior doctors, researchers say Matthew Limb, The BMJ, 2015",https://www.helpguide.org/mental-health/stress/burnout-prevention-and-recovery,coping_strategies
HelpGuide,grief,What is grief?,coping,"Grief is a natural response to loss. It’s the emotional suffering you feel when something or someone you love is taken away. Often, the pain of loss can feel overwhelming. You may experience all kinds of difficult and unexpected emotions, from shock or anger to disbelief, guilt, and profound sadness. The pain of grief can also disrupt your physical health, making it difficult to sleep, eat, or even think straight. These are normal reactions to loss—and the more significant the loss, the more intense your grief will be. Coping with the loss of someone or something you love is one of life’s biggest challenges. You may associate grieving with bereavement, the death of a loved one—which is often the cause of the most intense type of grief—but any loss can cause grief.",https://www.helpguide.org/mental-health/grief-loss/coping-with-grief-and-loss,coping_strategies
HelpGuide,grief,The most common sources of grief are:,coping,"Even subtle losses in life can trigger a sense of grief. For example, you might grieve after moving away from home, graduating from college, or changing jobs. Whatever your loss, it’s personal to you, so don’t feel ashamed about how you feel, or believe that it’s somehow only appropriate to grieve for certain things. If the person, animal, relationship, or situation was significant to you, it’s normal to grieve the loss you’re experiencing. Whatever the cause of your grief, though, there are healthy ways to cope with the pain that, in time, can ease your sadness and help you come to terms with your loss, find new meaning, and eventually move on with your life.",https://www.helpguide.org/mental-health/grief-loss/coping-with-grief-and-loss,coping_strategies
HelpGuide,grief,Myths and facts about grief and grieving,coping,"The pain will go away faster if you ignore it Trying to ignore your pain or keep it from surfacing will only make it worse in the long run. For real healing, it is necessary to face your grief and actively deal with it. It’s important to “be strong” in the face of loss. Feeling sad, frightened, or lonely is a normal reaction to loss. Crying doesn’t mean you are weak. You don’t need to “protect” your family or friends by putting on a brave front. Showing your true feelings can help them and you. If you don’t cry, it means you aren’t sorry about the loss. Crying is a normal response to sadness, but it’s not the only one. Those who don’t cry may feel the pain just as deeply as others. They may simply have other ways of showing it. There is no specific time frame for grieving. How long it takes differs from person to person. Moving on with your life means forgetting about your loss. Moving on means you’ve accepted your loss—but that’s not the same as forgetting. You can move on with your life and keep the memory of someone or something you lost as an important part of you. In fact, as we move through life, these memories can become more and more integral to defining the people we are.",https://www.helpguide.org/mental-health/grief-loss/coping-with-grief-and-loss,coping_strategies
HelpGuide,grief,The grieving process,coping,"Grieving is a highly individual experience; there’s no right or wrong way to grieve. How you grieve depends on many factors, including your personality and coping style, your life experience, your faith, and how significant the loss was to you. Inevitably, the grieving process takes time. Healing happens gradually; it can’t be forced or hurried—and there is no “normal” timetable for grieving. Some people start to feel better in weeks or months. For others, the grieving process is measured in years. Whatever your grief experience, it’s important to be patient with yourself and allow the process to naturally unfold.",https://www.helpguide.org/mental-health/grief-loss/coping-with-grief-and-loss,coping_strategies
HelpGuide,grief,How to deal with the grieving process,coping,"While grieving a loss is an inevitable part of life, there are ways to help cope with the pain, come to terms with your grief, and eventually, find a way to pick up the pieces and move on with your life. Accept that grief can trigger many different and unexpected emotions. Understand that your grieving process will be unique to you. Seek out face-to-face support from people who care about you. Support yourself emotionally by taking care of yourself physically.",https://www.helpguide.org/mental-health/grief-loss/coping-with-grief-and-loss,coping_strategies
HelpGuide,grief,The 5 stages of grief,coping,"In 1969, psychiatrist Elisabeth Kübler-Ross introduced what became known as the “five stages of grief.” These stages of grief were based on her studies of the feelings of patients facing terminal illness, but many people have generalized them to other types of negative life changes and losses, such as the death of a loved one or a break-up. The five stages are: Anger: “Why is this happening? Who is to blame?” Bargaining: “Make this not happen, and in return I will ____.” If you are experiencing any of these emotions following a loss, it may help to know that your reaction is natural and that you’ll heal in time. However, not everyone who grieves goes through all of these stages—and that’s okay. Contrary to popular belief, you do not have to go through each stage in order to heal. In fact, some people resolve their grief without going through any of these stages. And if you do go through these stages of grief, you probably won’t experience them in a neat, sequential order, so don’t worry about what you “should” be feeling or which stage you’re supposed to be in. Kübler-Ross herself never intended for these stages to be a rigid framework that applies to everyone who mourns. In her last book before her death in 2004, she said of the five stages of grief: “They were never meant to help tuck messy emotions into neat packages. They are responses to loss that many people have, but there is not a typical response to loss, as there is no typical loss. Our grieving is as individual as our lives.”",https://www.helpguide.org/mental-health/grief-loss/coping-with-grief-and-loss,coping_strategies
HelpGuide,grief,Grief can be a roller coaster,coping,"Instead of a series of stages, we might also think of the grieving process as a roller coaster, full of ups and downs, highs and lows. Like many roller coasters, the ride tends to be rougher in the beginning, the lows may be deeper and longer. The difficult periods should become less intense and shorter as time goes by, but it takes time to work through a loss. Even years after a loss, especially at special events such as a family wedding or the birth of a child, we may still experience a strong sense of grief.",https://www.helpguide.org/mental-health/grief-loss/coping-with-grief-and-loss,coping_strategies
HelpGuide,grief,Around the web,coping,"Complicated grief after bereavement Keith Hawton, The BMJ, 2007 Grief and major depression Ronald Pies, The BMJ, 2014 Dealing with dying patients and their relatives. E Earnshaw-Smith, The BMJ, 1981 How can I deal with the death of a patient? Abi Rimmer, The BMJ, 2024",https://www.helpguide.org/mental-health/grief-loss/coping-with-grief-and-loss,coping_strategies
HelpGuide,grief,Symptoms of grief and grieving,coping,"While loss affects people in different ways, many of us experience the following symptoms when we’re grieving. Just remember that almost anything that you experience in the early stages of grief is normal—including feeling like you’re going crazy, feeling like you’re in a bad dream, or questioning your religious or spiritual beliefs.",https://www.helpguide.org/mental-health/grief-loss/coping-with-grief-and-loss,coping_strategies
HelpGuide,grief,Emotional symptoms of grief,coping,"Shock and disbelief. Right after a loss, it can be hard to accept what happened. You may feel numb, have trouble believing that the loss really happened, or even deny the truth. If a pet or someone you love has died, for example, you may keep expecting them to show up, even though you know they’re gone. Sadness. Profound sadness is probably the most universally experienced symptom of grief. You may have feelings of emptiness, despair, yearning, or deep loneliness. You may also cry a lot or feel emotionally unstable. Guilt. You may regret or feel guilty about things you did or didn’t say or do. You may also feel guilty about certain feelings (feeling relieved when a person died after a long, difficult illness, for example). You may even feel guilty for not doing more to prevent your loss, even if it was completely out of your hands. Fear. A significant loss can trigger a host of worries and fears. If you’ve lost your partner, your job, or your home, for example, you may feel anxious, helpless, or insecure about the future. You may even have panic attacks. The death of a loved one can trigger uncertainty and fears about your own mortality, of facing life without that person, or the responsibilities you now face alone. Anger. Even if the loss was nobody’s fault, you may feel angry and resentful. If you lost a loved one, you may be angry with yourself, God, the doctors, or even the person who died for abandoning you. You may feel the need to blame someone for the injustice that was done to you.",https://www.helpguide.org/mental-health/grief-loss/coping-with-grief-and-loss,coping_strategies
HelpGuide,grief,Types of grief and loss,coping,"Since the experience of grieving following the loss of someone or something important to you tends to be unique to you, it’s difficult to label any type of grief as either “normal” or “abnormal.” However, there are types of grief that fall outside the expected symptoms and reactions described above. These include:",https://www.helpguide.org/mental-health/grief-loss/coping-with-grief-and-loss,coping_strategies
HelpGuide,grief,Anticipatory grief,coping,"As the name suggests, anticipatory grief develops before a significant loss occurs rather than after. If a loved one is terminally ill, for example, you have an aging pet, or you know that your retirement or job loss is imminent, you may start grieving your loss before it has fully unfolded. Like conventional grief, anticipatory grief can involve a mix of confusing emotions, particularly anger. Some people even equate it to giving up hope and refuse to allow themselves to grieve before their loss has occurred. However, anticipatory grief can also give you a chance to prepare for your loss, resolve any unfinished business, or say your goodbyes, for example.",https://www.helpguide.org/mental-health/grief-loss/coping-with-grief-and-loss,coping_strategies
HelpGuide,grief,Disenfranchised grief,coping,"Disenfranchised grief can occur when your loss is devalued, stigmatized, or cannot be openly mourned. Some people may minimize the loss of a job, a pet, or a friendship, for example, as something that’s not worth grieving over. You may feel stigmatized if you suffered a miscarriage or lost a loved one to suicide. Disenfranchised grief can also occur when your relationship to a deceased is not recognized. Some people may consider it inappropriate to grieve for a work colleague, classmate, or neighbor, for example. As a close friend or same-sex partner, you may be denied the same sympathy and understanding as a blood relative. This can make it even more difficult to come to terms with your loss and navigate the grieving process.",https://www.helpguide.org/mental-health/grief-loss/coping-with-grief-and-loss,coping_strategies
HelpGuide,grief,"Complicated grief, now known as prolonged grief disorder",coping,"The pain at a significant loss may never completely disappear, but it should ease up over time. When it doesn’t—and it keeps you from resuming your daily life and relationships—it may be a sign of what’s now formally recognized as prolonged grief disorder. Mental health professionals once used the term “complicated grief” to describe this experience. However, starting in 2022, the American Psychiatric Association has recognized prolonged grief disorder as an official diagnosis. Prolonged or complicated grief usually arises from the death of a loved one, where the loss has left you stuck in a state of bereavement. You may be unable to accept your loved one has gone, search for them in familiar places, experience intense longing, or even feel that life isn’t worth living. If you’re experiencing complicated grief and the pain from your loss remains unresolved, it’s important to reach out for support and take the steps that will enable you to heal.",https://www.helpguide.org/mental-health/grief-loss/coping-with-grief-and-loss,coping_strategies
HelpGuide,grief,Finding support for grief and loss,coping,"The pain of grief can often cause you to want to withdraw from others and retreat into your shell. But having the face-to-face support of other people is vital to healing from loss. Even if you’re not comfortable talking about your feelings under normal circumstances, it’s important to express them when you’re grieving. While sharing your loss can make the burden of grief easier to carry, that doesn’t mean that every time you interact with friends and family, you need to talk about your loss. Comfort can also come from just being around others who care about you. The key is not to isolate yourself.",https://www.helpguide.org/mental-health/grief-loss/coping-with-grief-and-loss,coping_strategies
HelpGuide,grief,Turn to friends and family members.,coping,"Now is the time to lean on the people who care about you, even if you take pride in being strong and self-sufficient. Rather than avoiding them, draw friends and loved ones close, spend time together face to face, and accept the assistance that’s offered. Often, people want to help but don’t know how, so tell them what you need—whether it’s a shoulder to cry on, a listening ear, or just someone to hang out with. If you don’t feel you have anyone you can regularly connect with in person, it’s never too late to build new friendships.",https://www.helpguide.org/mental-health/grief-loss/coping-with-grief-and-loss,coping_strategies
HelpGuide,grief,Accept that comforting others can feel awkward.,coping,"Grief can be a confusing, sometimes frightening emotion for many people, especially if they haven’t experienced a similar loss themselves. They may feel unsure about how to comfort you and end up saying or doing the wrong things. But don’t use that as an excuse to retreat into your shell and avoid social contact. If a friend or loved one reaches out to you, it’s because they care.",https://www.helpguide.org/mental-health/grief-loss/coping-with-grief-and-loss,coping_strategies
HelpGuide,grief,Draw comfort from your faith.,coping,"If you follow a religious tradition, embrace the comfort its mourning rituals can provide. Spiritual activities that are meaningful to you—such as praying, meditating, or going to church—can offer solace. If you’re questioning your faith in the wake of the loss, talk to a clergy member or others in your religious community.",https://www.helpguide.org/mental-health/grief-loss/coping-with-grief-and-loss,coping_strategies
HelpGuide,grief,Join a support group.,coping,"Grief can feel very lonely, even when you have loved ones around. Sharing your sorrow with others who have experienced similar losses can help. To find a bereavement support group in your area, contact local hospitals, hospices, funeral homes, and counseling centers, or see the links below.",https://www.helpguide.org/mental-health/grief-loss/coping-with-grief-and-loss,coping_strategies
HelpGuide,grief,Talk to a therapist or grief counselor.,coping,"If your grief feels like too much to bear, find a mental health professional with experience in grief counseling. An experienced therapist can help you work through intense emotions and overcome obstacles to your grieving. If in-person therapy is not accessible to you, consider an online therapy platform, which can be just as effective. For instance, 2025 research published in the Journal of Affective Disorders found that cognitive behavioral therapy—including online formats—could help ease prolonged grief symptoms.",https://www.helpguide.org/mental-health/grief-loss/coping-with-grief-and-loss,coping_strategies
HelpGuide,grief,Taking care of yourself as you grieve,coping,"When you’re grieving, it’s more important than ever to take care of yourself. The stress of a major loss can quickly deplete your energy and emotional reserves. Looking after your physical and emotional needs will help you get through this difficult time.",https://www.helpguide.org/mental-health/grief-loss/coping-with-grief-and-loss,coping_strategies
HelpGuide,grief,Face your feelings.,coping,"You can try to suppress your grief, but you can’t avoid it forever. To heal, you have to acknowledge the pain. Trying to avoid feelings of sadness and loss only prolongs the grieving process. Unresolved grief can also lead to complications such as depression, anxiety, substance abuse, and health problems.",https://www.helpguide.org/mental-health/grief-loss/coping-with-grief-and-loss,coping_strategies
HelpGuide,grief,Express your feelings in a tangible or creative way.,coping,"Even if you’re not able to talk about your loss with others, it can help to write down your thoughts and feelings in a journal, for example. Or you could release your emotions by making a scrapbook or volunteering for a cause related to your loss.",https://www.helpguide.org/mental-health/grief-loss/coping-with-grief-and-loss,coping_strategies
HelpGuide,grief,Try to maintain your hobbies and interests.,coping,There’s comfort in routine and getting back to the activities that bring you joy and connect you closer to others can help you come to terms with your loss and aid the grieving process.,https://www.helpguide.org/mental-health/grief-loss/coping-with-grief-and-loss,coping_strategies
HelpGuide,grief,Don’t let others tell you how to feel.,coping,"Your grief is your own, and no one else can tell you when it’s time to “move on” or “get over it.” Let yourself feel whatever you feel without embarrassment or judgment. It’s okay to be angry, to yell at the heavens, to cry or not to cry. It’s also okay to laugh, to find moments of joy, and to let go when you’re ready.",https://www.helpguide.org/mental-health/grief-loss/coping-with-grief-and-loss,coping_strategies
HelpGuide,grief,Look after your physical health.,coping,"The mind and body are connected. When you feel healthy physically, you’ll be better able to cope emotionally. Combat stress and fatigue by getting enough sleep, eating right, and exercising. Don’t use alcohol or drugs to self-medicate, numb the pain of grief, or lift your mood artificially.",https://www.helpguide.org/mental-health/grief-loss/coping-with-grief-and-loss,coping_strategies
HelpGuide,grief,Plan ahead for grief “triggers.”,coping,"Anniversaries, holidays, and important milestones can reawaken painful memories and feelings. Be prepared for an emotional wallop, and know that it’s completely normal. You can plan ahead by making sure that you’re not alone, for example, or by marking your loss in a creative way.",https://www.helpguide.org/mental-health/grief-loss/coping-with-grief-and-loss,coping_strategies
HelpGuide,grief,For more help managing distressing emotions like grief…,coping,HelpGuide’s Emotional Intelligence Toolkit is a free online program that teaches you how to face up to and better manage your emotions—even those uncomfortable or disturbing emotions you’ve been trying to avoid—without becoming overwhelmed.,https://www.helpguide.org/mental-health/grief-loss/coping-with-grief-and-loss,coping_strategies
HelpGuide,grief,Grief and loss resources,coping,In the U.S.: Crisis Call Center at 775-784-8090 UK: Cruse Bereavement Care at 0808 808 1677 Find a GriefShare group meeting near you – Worldwide directory of support groups for people grieving the death of a family member or friend. (GriefShare) Find Support – Directory of programs and support groups in the U.S. for children experiencing grief and loss. (National Alliance for Grieving Children) Chapter Locator for finding help for grieving the loss of a child in the U.S. and International Support for finding help in other countries. (The Compassionate Friends),https://www.helpguide.org/mental-health/grief-loss/coping-with-grief-and-loss,coping_strategies
HelpGuide,grief,If you're feeling suicidal…,coping,"Seek help immediately. Please read Suicide Help, talk to someone you trust, or call a suicide helpline: In the UK, call 08457 90 90 90. Or visit IASP to find a helpline in your country.",https://www.helpguide.org/mental-health/grief-loss/coping-with-grief-and-loss,coping_strategies
HelpGuide,grief,More Information,coping,"Depressive Disorders. (2013). In Diagnostic and Statistical Manual of Mental Disorders. American Psychiatric Association. Link Zisook, S., & Shear, K. (2009). Grief and bereavement: What psychiatrists need to know. World Psychiatry, 8(2), 67–74. Link Stroebe, M., Schut, H., & Stroebe, W. (2007). Health outcomes of bereavement. The Lancet, 370(9603), 1960–1973. Link Simon, N. M., Wall, M. M., Keshaviah, A., Dryman, M. T., LeBlanc, N. J., & Shear, M. K. (2011). Informing the symptom profile of complicated grief. Depression and Anxiety, 28(2), 118–126. Link Corr, C. A. (1999). Enhancing the Concept of Disenfranchised Grief. OMEGA – Journal of Death and Dying, 38(1), 1–20. Link Johansson, A. K., & Grimby, A. (2012). Anticipatory grief among close relatives of patients in hospice and palliative wards. The American Journal of Hospice & Palliative Care, 29(2), 134–138. Link Eisma, M. C. (2023). Prolonged grief disorder in ICD-11 and DSM -5-TR: Challenges and controversies. Australian & New Zealand Journal of Psychiatry, 57(7), 944–951. Link Srivastava, T., Lee, K., Ehrenkranz, R., Cozzolino, P. J., Wise, F. A., Burns, M., McCormick, T., Yaden, D., Agrawal, M., & Penberthy, J. K. (2025). The efficacy of psychotherapeutic interventions for prolonged grief disorder: A systematic review. Journal of Affective Disorders, 380, 561–575. Link",https://www.helpguide.org/mental-health/grief-loss/coping-with-grief-and-loss,coping_strategies
HelpGuide,grief,Around the web,coping,"Grieving Is Active: We Need Not Be Helpless Thomas Attig, Oxford Academic Books, 1996 Beyond the Myths of Coping with Loss: Prevailing Assumptions Versus Scientific Evidence Camille B. Wortman, MIT Press, 2011 Grief and bereavement Alexandra Farag, Oxford Academic Books, 2021 The Spectrum of Grief in Palliative Care Laurence Katz, Oxford Academic Books, 1998 How to plan for the end and beyond Andrew E. Budson, Oxford Academic Books, 2021 A Caregiver Becomes a Griever Amy Ziettlow, Oxford Academic Books, 2017 Cognitive Grief Therapy: Coping with the Inevitability of Loss and Grief in Later Life Ruth Malkinson, MIT Press, 2014 Grief, Complicated Grief, and Bereavement-Related Depression Alana Iglewicz, Oxford Academic Books, 2015",https://www.helpguide.org/mental-health/grief-loss/coping-with-grief-and-loss,coping_strategies
